iteration,timestamp_start,timestamp_end,duration_seconds,parameter_key,prompt,negative_prompt,cfg_scale,hypothesis,parent_iteration,search_phase,inference_exit_code,evaluation_exit_code,run_status,failure_reason,metrics_json_sha256,output_video_path,composite_relative_gain,metrics_beating_osd,metrics_gain_ge_2pct,psnr_delta_db,target_met,is_best,metric_psnr,delta_vs_osdenhancer_psnr,relative_gain_psnr,metric_ssim,delta_vs_osdenhancer_ssim,relative_gain_ssim,metric_lpips,delta_vs_osdenhancer_lpips,relative_gain_lpips,metric_dists,delta_vs_osdenhancer_dists,relative_gain_dists,metric_clipiqa,delta_vs_osdenhancer_clipiqa,relative_gain_clipiqa,metric_clipiqa_plus,delta_vs_osdenhancer_clipiqa_plus,relative_gain_clipiqa_plus,metric_niqe,delta_vs_osdenhancer_niqe,relative_gain_niqe,metric_ilniqe,delta_vs_osdenhancer_ilniqe,relative_gain_ilniqe,metric_liqe,delta_vs_osdenhancer_liqe,relative_gain_liqe,metric_musiq,delta_vs_osdenhancer_musiq,relative_gain_musiq,metric_maniqa,delta_vs_osdenhancer_maniqa,relative_gain_maniqa,metric_brisque,delta_vs_osdenhancer_brisque,relative_gain_brisque,metric_dover_overall,delta_vs_osdenhancer_dover_overall,relative_gain_dover_overall,metric_dover_aesthetic,delta_vs_osdenhancer_dover_aesthetic,relative_gain_dover_aesthetic,metric_dover_technical,delta_vs_osdenhancer_dover_technical,relative_gain_dover_technical,metric_fastervqa,delta_vs_osdenhancer_fastervqa,relative_gain_fastervqa,metric_md_vqa,delta_vs_osdenhancer_md_vqa,relative_gain_md_vqa,metric_ewarp_x1000,delta_vs_osdenhancer_ewarp_x1000,relative_gain_ewarp_x1000
0,2026-07-26T05:44:28+00:00,2026-07-26T05:50:52+00:00,384.242,9bcd0e8cc569cf25c9a6c902629cbdf3dffee4150b85dfbdc12bdbfb31d791db,"A clear, natural, high-quality restored video with faithful scene structure, realistic fine details, stable edges, consistent textures across frames, natural colors, smooth motion, and strong temporal consistency.","blur, flickering, temporal inconsistency, unstable details, hallucinated textures, oversharpening, ringing artifacts, ghosting, warped structures, color shifts, noise, compression artifacts, excessive smoothing, low quality",5.000000,Required cfg=5.0 original baseline.,,baseline,0,0,completed,,26a522272174757e2d1595316b880ed38fea2b0134d859544147828a8f8a76b3,results_test/UDM10,2.202610288724373,2,2,-0.05507937277517172,0,0,26.32992062722483,-0.05507937277517172,-0.0020875259721497715,0.7803345279593535,0.006434527959353509,0.008314417830925841,0.2509992021947137,0.0017992021947137171,-0.007219912498851192,0.12327302848139117,0.006573028481391172,-0.056324151511492476,0.38573899999741584,-0.02106100000258415,-0.05177236972119998,0.5482409998293847,-0.0154590001706153,-0.0274241620908556,4.924184077711498,0.36438407771149794,-0.07991229389699064,32.698242736121124,1.1755427361211233,-0.03729194314323085,3.120977794739508,0.2298777947395081,0.07951222536041926,65.47927894592286,-0.1869210540771462,-0.002846533743038979,0.3144534475380375,-0.008146552461962497,-0.025252797464235886,30.715463552167336,-2.792836447832663,0.08334760187274982,0.5398898422718048,-0.017510157728195197,-0.03141398946572515,0.9777226209640503,-0.0003773790359496987,-0.0003858286841321937,0.10412401966750622,0.001024019667506218,0.009932295514124325,0.750156324525539,-0.04474367547446101,-0.05628843310411499,83.841,10.73599999999999,0.14685726010532782,1.8809699436678784,0.28866994366787835,-0.18129117858938537
1,2026-07-26T05:50:53+00:00,2026-07-26T05:56:58+00:00,364.63,7f27ed6f223f0ed61a4abb84d89a5e0a1d8c489847657baed19102f085d5de07,"A clear, natural, high-quality restored video with faithful scene structure, realistic fine details, stable edges, consistent textures across frames, natural colors, smooth motion, and strong temporal consistency.","blur, flickering, temporal inconsistency, unstable details, hallucinated textures, oversharpening, ringing artifacts, ghosting, warped structures, color shifts, noise, compression artifacts, excessive smoothing, low quality",2.000000,Smoke test: lower CFG with original text.,,smoke,0,0,completed,,e352b8eaf6b63917fc3d9cc32ca094b021600dc89085d285a658083428f9c38f,results_test/UDM10,2.2146870430271366,2,2,0.11527084965859657,0,0,26.500270849658598,0.11527084965859657,0.004368802336880673,0.7836540084323732,0.009754008432373173,0.012603706463849559,0.2503921405682641,0.0011921405682640829,-0.004783870659165661,0.12464864311679716,0.00794864311679716,-0.06811176621077258,0.3944134067623846,-0.012386593237615373,-0.030448852599841134,0.5571696061280466,-0.006530393871953422,-0.011584874706321486,4.940345896199981,0.3805458961999806,-0.08345670779419724,32.451541648220186,0.9288416482201853,-0.029465802365285503,3.106645932505207,0.21554593250520737,0.07455499031690616,65.61987740301318,-0.04632259698682617,-0.0007054252718571528,0.3183307313630658,-0.00426926863693422,-0.013233938738171793,29.698633993825602,-3.809666006174396,0.11369320455452518,0.5550887763500214,-0.0023112236499786,-0.004146436401109795,0.9810226917266845,0.0029226917266845787,0.002988131813397995,0.10416780076920987,0.00106780076920987,0.010356942475362466,0.7522045419581698,-0.04269545804183028,-0.05371173486203331,83.773,10.667999999999992,0.14592709117023447,1.8228673525785175,0.23056735257851746,-0.14480145235101266
2,2026-07-26T05:56:58+00:00,2026-07-26T06:02:52+00:00,354.08,4d9ebd35ba9ee69ba28dc3080d608b50d27898dff9cb004f93972dde759e4263,"A clear, natural, high-quality restored video with faithful scene structure, realistic fine details, stable edges, consistent textures across frames, natural colors, smooth motion, and strong temporal consistency.","blur, flickering, temporal inconsistency, unstable details, hallucinated textures, oversharpening, ringing artifacts, ghosting, warped structures, color shifts, noise, compression artifacts, excessive smoothing, low quality",7.000000,Smoke test: higher CFG with original text.,,smoke,0,0,completed,,83913d21d48d2e5ff6a8282580771a90f1e6f8bdb35e107d1e0b051ad8ca4bdd,results_test/UDM10,2.19243250853161,2,2,-0.24668867541897654,0,0,26.138311324581025,-0.24668867541897654,-0.009349580269811504,0.7764669421924735,0.0025669421924734426,0.00331689131990366,0.25289567507082417,0.0036956750708241615,-0.014830156785008673,0.12256715086198625,0.005867150861986248,-0.050275500102709925,0.3789014678328268,-0.027898532167173196,-0.06858046255450638,0.5393775504442953,-0.024322449555704728,-0.0431478615499463,4.903942386943106,0.3441423869431057,-0.07547313192313385,32.534318679715646,1.011618679715646,-0.03209175228377156,3.114031284855258,0.22293128485525804,0.07710950325317632,65.28673878331338,-0.3794612166866216,-0.005778638274890607,0.3093065049138761,-0.013293495086123874,-0.041207362325244495,31.473537518901207,-2.0347624810987917,0.06072413345645084,0.5247902542352676,-0.03260974576473241,-0.058503311382727685,0.9741884708404541,-0.003911529159545846,-0.003999109661124472,0.10320630054920912,0.00010630054920912624,0.001031043154307723,0.7435738154159057,-0.051326184584094325,-0.06456936040268502,83.87499999999999,10.769999999999982,0.14732234457287438,1.9524899956983675,0.3601899956983674,-0.22620737028095672
3,2026-07-26T06:02:52+00:00,2026-07-26T06:08:48+00:00,355.052,1209d8937047e94d518d0b0f941f9def3fd8f6acf2ac6308e76d8d2c7356ad65,"Faithful video restoration preserving original structure and identity, natural fine details, stable edges, realistic colors, motion-consistent textures, temporal consistency, and minimal hallucination.","blur, flickering, temporal inconsistency, unstable details, hallucinated textures, oversharpening, ringing artifacts, ghosting, warped structures, color shifts, noise, compression artifacts, excessive smoothing, low quality",5.000000,Smoke test: English fidelity wording at cfg=5.0.,,smoke,0,0,completed,,0996725e84e783cfb59f279106db020f4da9b31841f0e7b4b5ce8bb9f357b1fa,results_test/UDM10,2.218986731015057,2,2,-0.15964984770744195,0,0,26.22535015229256,-0.15964984770744195,-0.006050780659747657,0.777648439813857,0.003748439813856974,0.004843571280342388,0.25459112991248406,0.005391129912484055,-0.021633747642391874,0.12545283994367046,0.00875283994367046,-0.07500291297061233,0.38825469651529876,-0.018545303484701237,-0.045588258320307856,0.5507814913026747,-0.012918508697325248,-0.022917347343135087,4.828107175772161,0.26830717577216134,-0.058841873716426456,31.80893611617218,0.28623611617218003,-0.00908031723717131,3.17076775181678,0.2796677518167803,0.09673402919884483,65.53322859733335,-0.13297140266665508,-0.002024959608849836,0.31759985992985384,-0.005000140070146153,-0.015499504247198242,29.109213945942543,-4.399086054057456,0.13128347466321647,0.5453471571207047,-0.012052842879295311,-0.021623327734652514,0.979462057352066,0.0013620573520660706,0.001392554291039843,0.10247857347130776,-0.0006214265286922371,-0.006027415409236054,0.7449671925750112,-0.049932807424988845,-0.06281646424077096,83.611,10.506,0.14371110047192395,1.8498090930612914,0.2575090930612913,-0.161721467726742
4,2026-07-26T06:09:23+00:00,2026-07-26T06:15:20+00:00,356.5,3f8d8ef2496862b5927d5674a25bfac745780c528a1bca4ec23a494688602d1f,"A clear, natural, high-quality restored video with faithful scene structure, realistic fine details, stable edges, consistent textures across frames, natural colors, smooth motion, and strong temporal consistency.","blur, flickering, temporal inconsistency, unstable details, hallucinated textures, oversharpening, ringing artifacts, ghosting, warped structures, color shifts, noise, compression artifacts, excessive smoothing, low quality",1.000000,First-batch fixed text CFG sweep.,,coarse_cfg,0,0,completed,,0a24604d9fc906533253f201c5eea91eedab89f01e53ac0d6b473e329cfd66ea,results_test/UDM10,2.216532302764695,2,2,0.13872285166094045,0,0,26.523722851660942,0.13872285166094045,0.0052576407678961695,0.7840684001362964,0.010168400136296385,0.013139165442946615,0.2504838916082536,0.0012838916082535679,-0.0051520530026226636,0.12466230277092227,0.007962302770922275,-0.06822881551775728,0.3952982544418304,-0.011501745558169574,-0.028273710811626288,0.5577574649164754,-0.005942535083524603,-0.010542017178507368,4.925544080113875,0.36574408011387494,-0.08021055311940764,32.274060439702275,0.7513604397022746,-0.023835535652157798,3.096297990891242,0.20519799089124202,0.0709757500229124,65.60663849615281,-0.05956150384719194,-0.0009070344232983169,0.3183115933931643,-0.004288406606835715,-0.013293262885417592,29.433626039566537,-4.074673960433461,0.1216019302809591,0.5602342456579208,0.0028342456579207864,0.005084760778472886,0.9811255037784576,0.003025503778457672,0.003093245862854179,0.10578212924301625,0.0026821292430162513,0.02601483261897431,0.7585520541822544,-0.0363479458177457,-0.045726438316449486,83.748,10.643,0.14558511729703852,1.809555483123404,0.21725548312340393,-0.136441300711803
5,2026-07-26T06:15:20+00:00,2026-07-26T06:22:04+00:00,403.695,1c001a08627a1238f7d703f4f8f408a9105312b52207cad0d3091b28a144d79e,"A clear, natural, high-quality restored video with faithful scene structure, realistic fine details, stable edges, consistent textures across frames, natural colors, smooth motion, and strong temporal consistency.","blur, flickering, temporal inconsistency, unstable details, hallucinated textures, oversharpening, ringing artifacts, ghosting, warped structures, color shifts, noise, compression artifacts, excessive smoothing, low quality",3.500000,First-batch fixed text CFG sweep.,,coarse_cfg,0,0,completed,,33fdd5a58915554410f1bf8932109bfac11cb975fe702892a3c4bcb4076e497a,results_test/UDM10,2.2096007544945158,2,2,0.04815212495865495,0,0,26.433152124958657,0.04815212495865495,0.001824981048271933,0.7823819057124628,0.008481905712462767,0.010959950526505707,0.25044752844879703,0.001247528448797025,-0.005006133422138945,0.1240898186160672,0.007389818616067204,-0.06332321007769669,0.39109801356830903,-0.015701986431690962,-0.03859878670523835,0.5534505479758786,-0.01024945202412142,-0.018182458797447967,4.936814111366475,0.3770141113664751,-0.08268215960491142,32.618814878712485,1.0961148787124841,-0.034772239646746125,3.1153020835691883,0.22420208356918847,0.07754905868672425,65.58255566012474,-0.08364433987526354,-0.0012737807254761739,0.3170685075223446,-0.005531492477655386,-0.017146597884858606,30.16986517137097,-3.3384348286290297,0.09963008653465051,0.5475587010383606,-0.009841298961639433,-0.01765572113677688,0.9796177506446838,0.0015177506446838462,0.0015517336107594788,0.10269762277603149,-0.00040237722396850584,-0.003902785877483083,0.7576699098712735,-0.03723009012872658,-0.046836193393793656,83.598,10.492999999999995,0.1435332740578619,1.8475243413558928,0.2552243413558928,-0.1602865925741963
6,2026-07-26T06:22:05+00:00,2026-07-26T06:28:18+00:00,373.75,8734141184697f2a722f40bdc1b0410969ecd18d7afc0807df8ef90038825857,"A clear, natural, high-quality restored video with faithful scene structure, realistic fine details, stable edges, consistent textures across frames, natural colors, smooth motion, and strong temporal consistency.","blur, flickering, temporal inconsistency, unstable details, hallucinated textures, oversharpening, ringing artifacts, ghosting, warped structures, color shifts, noise, compression artifacts, excessive smoothing, low quality",7.500000,First-batch fixed text CFG sweep.,,coarse_cfg,0,0,completed,,feb87ee6809d3b107f724839df3da55a3f42882b17eb4f6886471eccfae1b877,results_test/UDM10,2.1893514635954987,2,2,-0.30330225298482105,0,0,26.08169774701518,-0.30330225298482105,-0.011495253097776048,0.7753185508369335,0.0014185508369334299,0.0018329898396865613,0.25361265693941426,0.004412656939414256,-0.017707291089142277,0.12255021737467857,0.005850217374678571,-0.05013039738370669,0.37659124150391543,-0.030208758496084565,-0.07425948499529146,0.5368344898185422,-0.026865510181457775,-0.04765923395681706,4.8989766687618275,0.3391766687618274,-0.07438411087368467,32.46205429043099,0.9393542904309911,-0.02979929671097308,3.1091514218238094,0.21805142182380965,0.07542161178230074,65.22174675233902,-0.4444532476609879,-0.006768371668544668,0.3077692540662903,-0.0148307459337097,-0.04597255404125759,31.682178915700604,-1.8261210842993947,0.05449757475907148,0.532180792093277,-0.02521920790672305,-0.04524436294711706,0.9734883368015289,-0.004611663198471061,-0.004714919945272529,0.10908426530659199,0.00598426530659199,0.05804331044221135,0.7518927314165491,-0.04300726858345094,-0.054103998721161076,83.73400000000001,10.629000000000005,0.14539361192804875,1.9715138421937204,0.37921384219372034,-0.23815477120751136
7,2026-07-26T06:28:19+00:00,2026-07-26T06:34:40+00:00,381.181,92cb117a6544621b840b4089c6fe65994ec6c42f2b905ea06b34a34ab2a32de4,"A clear, natural, high-quality restored video with faithful scene structure, realistic fine details, stable edges, consistent textures across frames, natural colors, smooth motion, and strong temporal consistency.","blur, flickering, temporal inconsistency, unstable details, hallucinated textures, oversharpening, ringing artifacts, ghosting, warped structures, color shifts, noise, compression artifacts, excessive smoothing, low quality",9.000000,First-batch fixed text CFG sweep.,,coarse_cfg,0,0,completed,,35befc6c51714bf5fbfec09a9ecd74027d1e7e4c921ea268415e47930404ad41,results_test/UDM10,2.1807361868118886,2,2,-0.4928320657053291,0,0,25.892167934294672,-0.4928320657053291,-0.01867849405743146,0.7714613168140082,-0.00243868318599183,-0.0031511605969657967,0.25638767656299377,0.007187676562993767,-0.02884300386434096,0.12307103141661613,0.00637103141661613,-0.05459324264452554,0.37230424712742527,-0.034495752872574725,-0.08479781925411684,0.5285985562109178,-0.0351014437890822,-0.06226972465687813,4.878854613427217,0.31905461342721697,-0.06997118589131475,32.29629782702998,0.773597827029981,-0.02454097609119717,3.0946562128682293,0.20355621286822956,0.07040787688707743,65.00442595328055,-0.6617740467194579,-0.010077848980441352,0.3031023619876754,-0.019497638012324625,-0.06043905149511663,32.27282045425907,-1.2354795457409296,0.03687085127389123,0.5163114041090011,-0.04108859589099889,-0.07371473966809991,0.9708075404167176,-0.007292459583282396,-0.0074557402957595295,0.10386199168860913,0.0007619916886091316,0.0073908020233669405,0.7569624712661145,-0.03793752873388556,-0.04772616522063852,83.64000000000001,10.53500000000001,0.14410779016483155,2.055047226555568,0.4627472265555681,-0.290615604192406
8,2026-07-26T06:34:41+00:00,2026-07-26T06:42:18+00:00,457.472,9f6a2ec35b99a79e1ef5dfa34cec13733660f0e6904121840b5e2f1e8ff29998,"Faithful restoration of the input video, preserving original structure and identity, natural fine details, stable edges, realistic colors, temporal consistency, motion-consistent textures, minimal hallucination.","flickering, temporal inconsistency, unstable details, hallucinated textures, oversharpening, ringing artifacts, color shifts, ghosting, motion trails, warped structures, plastic texture, excessive smoothing, noise amplification",3.500000,English fidelity prompt with artifact-focused negative prompt.,,prompt_negative_cfg,0,0,completed,,ea840d6ddcc46d81100cc0b869ce0789c4a540033394bb8f2a1a443f2c5e72de,results_test/UDM10,2.2147536377360773,2,2,0.015354219252060375,0,0,26.400354219252062,0.015354219252060375,0.0005819298560568646,0.7828698581772298,0.008969858177229728,0.011590461528918112,0.25254183233745636,0.0033418323374563574,-0.013410242124624227,0.12794850295589816,0.01124850295589816,-0.09638820013623102,0.390702030158812,-0.016097969841187998,-0.039572197249724675,0.5551514206394073,-0.008548579360592723,-0.01516512215822729,4.942604895422231,0.38280489542223073,-0.08395212408926504,32.45504036013001,0.9323403601300129,-0.029576792601205253,3.115856017220405,0.22475601722040528,0.07774065830320823,65.25562195316438,-0.4105780468356244,-0.006252502000049102,0.31832644014108563,-0.004273559858914366,-0.013247240728190845,29.174046276461695,-4.334253723538303,0.12934866058672936,0.5448924869298934,-0.012507513070106557,-0.022439025960004588,0.9802177250385284,0.002117725038528473,0.002165141640454425,0.09892833605408669,-0.004171663945913312,-0.04046230791380516,0.749356306095939,-0.0455436939040611,-0.05729487219028947,83.692,10.586999999999989,0.1448190958210791,1.8212837876975148,0.2289837876975147,-0.14380693820103918
9,2026-07-26T06:42:19+00:00,2026-07-26T06:50:49+00:00,510.286,e7cb7993443f8743d3f5a3fa1a040c5c157d16e428abd57810290c65e258f4e9,"Faithful restoration of the input video, preserving original structure and identity, natural fine details, stable edges, realistic colors, temporal consistency, motion-consistent textures, minimal hallucination.","flickering, temporal inconsistency, unstable details, hallucinated textures, oversharpening, ringing artifacts, color shifts, ghosting, motion trails, warped structures, plastic texture, excessive smoothing, noise amplification",4.500000,English fidelity prompt with artifact-focused negative prompt.,,prompt_negative_cfg,0,0,completed,,f98e9cd19c9f6cb006b3c944f157bf0bd880f0bdb8c1cc1439652cd15b12c0ff,results_test/UDM10,2.2126115042254817,2,2,-0.054106778790877996,0,0,26.330893221209124,-0.054106778790877996,-0.002050664346821224,0.781917459457053,0.008017459457053011,0.010359813227875709,0.2533031473717382,0.004103147371738197,-0.016465278377761627,0.12837508820718335,0.011675088207183354,-0.10004360074707244,0.3882603014669111,-0.0185396985330889,-0.045574480169835056,0.5531328864635958,-0.01056711353640416,-0.0187459881788259,4.922344946212928,0.3625449462129282,-0.07950895789572529,32.45439990525767,0.9316999052576662,-0.02955647534182244,3.1163429141044614,0.22524291410446162,0.07790907063209908,65.12156562805175,-0.5446343719482485,-0.008293983387926338,0.31724025686421703,-0.005359743135782968,-0.016614206868515093,29.180482138356854,-4.327817861643144,0.12915659289319792,0.5455857366323471,-0.0118142633676529,-0.02119530564702709,0.979123568534851,0.0010235685348510826,0.0010464865911983259,0.10255468320101499,-0.0005453167989850072,-0.0052892027059651524,0.7559951455415269,-0.03890485445847314,-0.04894308020942651,83.62,10.515,0.14383421106627453,1.8214098002257135,0.22910980022571348,-0.1438860768860852
10,2026-07-26T06:50:51+00:00,2026-07-26T06:56:52+00:00,361.167,7b6bb5a69ceff4c9a225487de142cee11c0d8cdc9c532970e744ea42043dabff,"Faithful restoration of the input video, preserving original structure and identity, natural fine details, stable edges, realistic colors, temporal consistency, motion-consistent textures, minimal hallucination.","flickering, temporal inconsistency, unstable details, hallucinated textures, oversharpening, ringing artifacts, color shifts, ghosting, motion trails, warped structures, plastic texture, excessive smoothing, noise amplification",5.000000,English fidelity prompt with artifact-focused negative prompt.,,prompt_negative_cfg,0,0,completed,,d8f7ce4e7f9118c66a8d04106b8fc6fa9b2103f5a7aa388a772b53326ed59566,results_test/UDM10,2.211517495431059,2,2,-0.09371537731539448,0,0,26.291284622684607,-0.09371537731539448,-0.0035518429909188734,0.7813514976307105,0.007451497630710513,0.009628501913309875,0.25378632254658207,0.004586322546582061,-0.01840418357376429,0.12856569809298363,0.011865698092983629,-0.10167693310183058,0.38693443224314716,-0.01986556775685283,-0.048833745714977464,0.5515082857301159,-0.01219171426988408,-0.02162801892830243,4.9120626847958775,0.3522626847958774,-0.07725397710335484,32.388755821989996,0.8660558219899954,-0.027474036868351866,3.116947164458613,0.2258471644586133,0.07811807424807628,65.04946194925616,-0.616738050743848,-0.009392016756624382,0.31656286603500766,-0.006037133964992336,-0.018713992451929125,29.200935216103836,-4.307364783896162,0.12854620448951937,0.5422535002231598,-0.015146499776840239,-0.027173483632652026,0.9781846284866333,8.462848663337574e-05,8.652334795355868e-05,0.10203666407614946,-0.0010633359238505363,-0.010313636506794727,0.7530295216996439,-0.04187047830035617,-0.05267389394937246,83.56,10.454999999999998,0.1430134737706039,1.823739253425932,0.23143925342593197,-0.1453490255767958
11,2026-07-26T06:56:52+00:00,2026-07-26T07:02:55+00:00,362.511,e217f85bb4be231fea89f8ff23835e6e818c9b8ed2531b9208284bfc9f6bdf0a,"Faithful restoration of the input video, preserving original structure and identity, natural fine details, stable edges, realistic colors, temporal consistency, motion-consistent textures, minimal hallucination.","flickering, temporal inconsistency, unstable details, hallucinated textures, oversharpening, ringing artifacts, color shifts, ghosting, motion trails, warped structures, plastic texture, excessive smoothing, noise amplification",5.500000,English fidelity prompt with artifact-focused negative prompt.,,prompt_negative_cfg,0,0,completed,,f6ec6482e3577244ced65eb157a6a357f8f8cb2e844f9ed4bf2bc2032109227e,results_test/UDM10,2.2107030606897613,2,2,-0.1365256204912768,0,0,26.248474379508725,-0.1365256204912768,-0.00517436499872188,0.7807149811772867,0.0068149811772866276,0.008806022971038413,0.25432578769903025,0.005125787699030243,-0.02056897150493677,0.1287284299250572,0.012028429925057205,-0.10307137896364357,0.38582888495537543,-0.020971115044624566,-0.051551413580689695,0.5500929881488124,-0.013607011851187623,-0.024138747296767116,4.898946925974592,0.3391469259745916,-0.07437758804653528,32.29364055670462,0.7709405567046161,-0.024456679050481593,3.119489176811711,0.228389176811711,0.07899732863329217,64.95862300011419,-0.7075769998858163,-0.010775360838388948,0.31576056295344906,-0.0068394370465509335,-0.021200982785340775,29.2176533360635,-4.290646663936499,0.12804727974670455,0.5473024383187294,-0.010097561681270628,-0.018115467673610743,0.9776121079921722,-0.00048789200782772824,-0.0004988160799792744,0.10615191776305437,0.003051917763054371,0.02960153019451378,0.7556386992320276,-0.03926130076797241,-0.04939149675175796,83.59,10.485,0.14342384241843922,1.830267603363609,0.2379676033636089,-0.14944897529586693
12,2026-07-26T07:02:55+00:00,2026-07-26T07:09:06+00:00,370.938,1121a5e455e6dd2f9c8cc95226d2f9a9529654ae8f9a5f35909514f552115997,"Faithful restoration of the input video, preserving original structure and identity, natural fine details, stable edges, realistic colors, temporal consistency, motion-consistent textures, minimal hallucination.","flickering, temporal inconsistency, unstable details, hallucinated textures, oversharpening, ringing artifacts, color shifts, ghosting, motion trails, warped structures, plastic texture, excessive smoothing, noise amplification",6.500000,English fidelity prompt with artifact-focused negative prompt.,,prompt_negative_cfg,0,0,completed,,96307ff40771a77e718ef9520a531d96ff7ef2a304981f80147d87feba9ecf7a,results_test/UDM10,2.2080962658260557,2,2,-0.2309361660865079,0,0,26.154063833913494,-0.2309361660865079,-0.008752555091396927,0.7792386059281589,0.005338605928158824,0.006898314934951316,0.25556995150062345,0.006369951500623444,-0.025561603132517832,0.12902165535957583,0.012321655359575828,-0.10558402193295482,0.3833405049097153,-0.02345949509028472,-0.057668375344849365,0.5481904277878422,-0.015509572212157763,-0.027513876551636975,4.869843643655225,0.3100436436552245,-0.0679950093546262,32.18696570495055,0.6642657049505516,-0.021072614495285986,3.116646051022314,0.2255460510223144,0.0780139223902025,64.79947871546591,-0.8667212845340941,-0.013198895086575652,0.31392633830828054,-0.008673661691719459,-0.02688673804004792,29.319747826360885,-4.188552173639113,0.12500043791058077,0.5443748086690903,-0.013025191330909736,-0.02336776342107954,0.9755398988723755,-0.0025601011276245034,-0.0026174226844131515,0.10637212991714477,0.0032721299171447754,0.03173743857560403,0.7505592206442392,-0.04434077935576086,-0.055781581778539265,83.55600000000001,10.451000000000008,0.14295875795089266,1.8517117392184446,0.2594117392184445,-0.1629163720520282
13,2026-07-26T07:09:07+00:00,2026-07-26T07:15:14+00:00,367.55,87291fda8ccb5253470dad69c6afc8413e7a3581597d33675adbc6cc0b4edd4a,"Faithful restoration of the input video, preserving original structure and identity, natural fine details, stable edges, realistic colors, temporal consistency, motion-consistent textures, minimal hallucination.","flickering, temporal inconsistency, unstable details, hallucinated textures, oversharpening, ringing artifacts, color shifts, ghosting, motion trails, warped structures, plastic texture, excessive smoothing, noise amplification",7.500000,English fidelity prompt with artifact-focused negative prompt.,,prompt_negative_cfg,0,0,completed,,f80b49f4490bf81ceea6e36791fd90a2a5e889536c966c528e501bcc21928077,results_test/UDM10,2.2047166162016865,2,2,-0.3369562567434059,0,0,26.048043743256596,-0.3369562567434059,-0.01277075068195588,0.7775025434612864,0.0036025434612864116,0.004655050344083747,0.2570829066778383,0.00788290667783828,-0.031632851837232266,0.1293561816215515,0.012656181621551493,-0.10845057087876173,0.3803180225914525,-0.02648197740854752,-0.06509827288236854,0.5451842643560901,-0.018515735643909847,-0.03284679021449326,4.848740075547978,0.28894007554797785,-0.0633668309022277,32.05570679346916,0.5330067934691627,-0.016908665611421694,3.1139764066665405,0.22287640666654074,0.07709052148543487,64.60188737069407,-1.064312629305931,-0.016207921720853818,0.3117025388344642,-0.010897461165535804,-0.033780102806992576,29.46158486643145,-4.046715133568547,0.12076754516249846,0.5412230625748634,-0.016176937425136595,-0.02902213388076174,0.9731346011161804,-0.004965398883819527,-0.005076575895940627,0.10645248182117939,0.0033524818211793928,0.032516797489615834,0.7582039665992635,-0.03669603340073657,-0.04616433941468936,83.474,10.369,0.1418370836468094,1.8816031320117568,0.2893031320117567,-0.18168883502591013
14,2026-07-26T07:15:15+00:00,2026-07-26T07:21:18+00:00,362.207,69273a62b1ad8dd716f1aa8ffa342d9773860ec2790d970db795fff8511e4fab,"Faithful restoration of the input video, preserving original structure and identity, natural fine details, stable edges, realistic colors, temporal consistency, motion-consistent textures, minimal hallucination.","blur, flickering, temporal inconsistency, ghosting, warped structures, hallucinated textures, oversharpening, ringing artifacts, compression artifacts, color shifts, plastic texture, noise amplification",3.500000,English fidelity prompt with artifact-focused negative prompt.,,prompt_negative_cfg,0,0,completed,,ad4d80c7719ddc956e958be15fc1f05ee50f73b4721f658d3f7c3aa0350554fc,results_test/UDM10,2.2123317842260932,2,2,0.049413540747856644,0,0,26.434413540747858,0.049413540747856644,0.0018727891130512276,0.7824210300937914,0.008521030093791349,0.011010505354427378,0.25329516907372784,0.004095169073727839,-0.016433262735665484,0.12776254415512084,0.01106254415512084,-0.09479472283736795,0.38929551859055794,-0.017504481409442052,-0.04302969864661271,0.5536844416972129,-0.010015558302787109,-0.017767532912519264,4.92690225591596,0.3671022559159596,-0.08050841175401544,32.382643249698376,0.8599432496983752,-0.027280126692776165,3.0742197159797913,0.1831197159797915,0.06333911520867196,65.03300849545386,-0.6331915045461471,-0.009642578747455268,0.3158125520473526,-0.006787447952647407,-0.021039826263631146,28.758728421118953,-4.749571578881046,0.1417431376369749,0.5515294045209884,-0.005870595479011587,-0.01053210527271544,0.9810267627239228,0.0029267627239227822,0.002992293961683654,0.10391973871737718,0.0008197387173771858,0.007950908994929057,0.7610456207996042,-0.0338543792003958,-0.04258948194791269,83.412,10.307000000000002,0.1409889884412831,1.7734661770615883,0.18116617706158822,-0.1137764096348604
15,2026-07-26T07:21:18+00:00,2026-07-26T07:27:19+00:00,360.734,18a25e89e08d03dd9a6a835843f86101f62223937df88c0686d17a5c19aa1521,"Faithful restoration of the input video, preserving original structure and identity, natural fine details, stable edges, realistic colors, temporal consistency, motion-consistent textures, minimal hallucination.","blur, flickering, temporal inconsistency, ghosting, warped structures, hallucinated textures, oversharpening, ringing artifacts, compression artifacts, color shifts, plastic texture, noise amplification",4.500000,English fidelity prompt with artifact-focused negative prompt.,,prompt_negative_cfg,0,0,completed,,10ccb140bebe3659939a65f4af1000fe453968ca9606edd954e3bda9c276de8f,results_test/UDM10,2.2094473009060227,2,2,-0.013186588902630803,0,0,26.37181341109737,-0.013186588902630803,-0.0004997759675054312,0.7811071697375278,0.007207169737527774,0.009312792011277651,0.2544208740755435,0.005220874075543475,-0.020950538023850218,0.12813246923108254,0.011432469231082543,-0.0979646035225582,0.3861926118693044,-0.02060738813069557,-0.050657296289812116,0.550972221551403,-0.01272777844859696,-0.022578993167636972,4.901739954024899,0.3419399540248991,-0.0749901210634017,32.28410819516491,0.7614081951649112,-0.02415428231607417,3.0586057439927132,0.16750574399271345,0.057938412366474165,64.8143663098735,-0.8518336901264973,-0.01297217883974552,0.31366608688427555,-0.008933913115724446,-0.027693469050602746,28.607747527091732,-4.900552472908267,0.14624891363955397,0.5521803736686707,-0.00521962633132933,-0.009364238125815088,0.9801781356334687,0.002078135633468703,0.00212466581481311,0.10647808462381363,0.003378084623813629,0.03276512729208176,0.7536668771491095,-0.041233122850890536,-0.05187208812541267,83.136,10.030999999999992,0.13721359688119816,1.7814441569983803,0.18914415699838028,-0.11878675940361758
16,2026-07-26T07:27:19+00:00,2026-07-26T07:33:25+00:00,366.207,15e052fbb78c6f6502177e601f39af64c62a6fc526570e0a708a66023ec37c17,"Faithful restoration of the input video, preserving original structure and identity, natural fine details, stable edges, realistic colors, temporal consistency, motion-consistent textures, minimal hallucination.","blur, flickering, temporal inconsistency, ghosting, warped structures, hallucinated textures, oversharpening, ringing artifacts, compression artifacts, color shifts, plastic texture, noise amplification",5.000000,English fidelity prompt with artifact-focused negative prompt.,,prompt_negative_cfg,0,0,completed,,77dd83023e63122b095152c3bec67a3150f8c628f235fadb7e33110c4ea17b88,results_test/UDM10,2.2082937198120454,2,2,-0.05084895964591851,0,0,26.334151040354083,-0.05084895964591851,-0.001927191951711901,0.7803126480040578,0.006412648004057719,0.008286145502077425,0.25507300681164186,0.005873006811641851,-0.0235674430643734,0.1282698148681271,0.01156981486812711,-0.09914151557949537,0.3849769373093882,-0.021823062690611794,-0.05364568016374581,0.5500018622606031,-0.013698137739396876,-0.02430040400815483,4.885551643749506,0.3257516437495056,-0.07143989730898408,32.16528321914843,0.6425832191484275,-0.02038477729218714,3.050856730630321,0.15975673063032136,0.055258113047048314,64.68051320968137,-0.9856867903186384,-0.01501056540988573,0.312410172772023,-0.01018982722797701,-0.03158656921257598,28.55825549710181,-4.950044502898187,0.1477259217238173,0.5523926138877868,-0.005007386112213186,-0.008983469881975575,0.9803206562995911,0.002220656299591117,0.0022703775683377133,0.10608915910124779,0.002989159101247793,0.028992813785138634,0.746384155810859,-0.04851584418914101,-0.06103389632550133,82.92700000000002,9.822000000000017,0.13435469530127922,1.7763704701792444,0.18407047017924438,-0.11560037064576045
17,2026-07-26T07:33:26+00:00,2026-07-26T07:39:27+00:00,360.382,fae4d42b0494db71c75749e138cc40ecf1ab45b9e7b666a026fc6f686fead30f,"Faithful restoration of the input video, preserving original structure and identity, natural fine details, stable edges, realistic colors, temporal consistency, motion-consistent textures, minimal hallucination.","blur, flickering, temporal inconsistency, ghosting, warped structures, hallucinated textures, oversharpening, ringing artifacts, compression artifacts, color shifts, plastic texture, noise amplification",5.500000,English fidelity prompt with artifact-focused negative prompt.,,prompt_negative_cfg,0,0,completed,,2fd3b5ca49cfd62fc82673198add685ad143a8b3ee320bd259d83fe535a3769b,results_test/UDM10,2.2064988235442287,2,2,-0.09261931634718579,0,0,26.292380683652816,-0.09261931634718579,-0.0035103019271247216,0.7794422758161191,0.005542275816119102,0.007161488326811089,0.2557785919597072,0.006578591959707197,-0.026398844140077034,0.12840314815121312,0.011703148151213122,-0.10028404585443977,0.3837428177556684,-0.02305718224433162,-0.056679405713696215,0.5483349429984246,-0.015365057001575422,-0.02725750754226614,4.862098122210256,0.30229812221025565,-0.06629635558802045,32.072855332952734,0.550155332952734,-0.01745267166050922,3.04049287649893,0.14939287649893007,0.05167336878659683,64.56528785459457,-1.100912145405431,-0.016765278718814714,0.3109742542909038,-0.011625745709096191,-0.036037649439231836,28.5487060546875,-4.959593945312498,0.14801090909752207,0.5355308011174202,-0.021869198882579766,-0.03923430011227084,0.9790924906730651,0.0009924906730651717,0.0010147128852521948,0.0966101536527276,-0.006489846347272399,-0.06294710327131328,0.7465006747593782,-0.04839932524062185,-0.06088731317225041,82.93100000000001,9.826000000000008,0.13440941112099045,1.7808286439928147,0.18852864399281466,-0.1184002034747313
18,2026-07-26T07:39:27+00:00,2026-07-26T07:45:36+00:00,368.69,b505bdee3996287eaa6c65a327ce8e907d474dc01c2923e7c99335b6ca025b2f,"Faithful restoration of the input video, preserving original structure and identity, natural fine details, stable edges, realistic colors, temporal consistency, motion-consistent textures, minimal hallucination.","blur, flickering, temporal inconsistency, ghosting, warped structures, hallucinated textures, oversharpening, ringing artifacts, compression artifacts, color shifts, plastic texture, noise amplification",6.500000,English fidelity prompt with artifact-focused negative prompt.,,prompt_negative_cfg,0,0,completed,,f1212ab93ada0332fed5666e92cd4a001a33b07a46e1e5410dde7925021a7c45,results_test/UDM10,2.2024320598478395,2,2,-0.18871526287448503,0,0,26.196284737125517,-0.18871526287448503,-0.007152369258081676,0.7774329237827153,0.0035329237827153026,0.004565090816275103,0.2574586565696424,0.008258656569642392,-0.033140676443187765,0.12866188153143854,0.01196188153143854,-0.10250112709030454,0.37991095089143323,-0.026889049108566765,-0.06609894077818772,0.5450798993149111,-0.018620100685088903,-0.03303193309400196,4.816355824375623,0.2565558243756225,-0.0562647099380724,31.836496777744664,0.3137967777446633,-0.009954628814938546,3.0225369145793297,0.13143691457932993,0.04546259713580642,64.32118398604855,-1.3450160139514509,-0.020482622931606378,0.3077226508048273,-0.014877349195172695,-0.04611701548410631,28.57430459299395,-4.933995407006048,0.14724696290190933,0.5458959862589836,-0.011504013741016395,-0.020638704235766765,0.9777888774871826,-0.00031112251281739667,-0.0003180886543476093,0.105653265863657,0.002553265863657006,0.02476494533129977,0.7352178409102162,-0.059682159089783804,-0.07508134242015826,82.944,9.838999999999999,0.1345872375350523,1.7894245982946206,0.1971245982946206,-0.12379865496113834
19,2026-07-26T07:45:37+00:00,2026-07-26T07:51:40+00:00,363.57,709d4e333b9468aeaf6a0bb02a43a66a2da19f94a51e1779e5197c782836376b,"Faithful restoration of the input video, preserving original structure and identity, natural fine details, stable edges, realistic colors, temporal consistency, motion-consistent textures, minimal hallucination.","blur, flickering, temporal inconsistency, ghosting, warped structures, hallucinated textures, oversharpening, ringing artifacts, compression artifacts, color shifts, plastic texture, noise amplification",7.500000,English fidelity prompt with artifact-focused negative prompt.,,prompt_negative_cfg,0,0,completed,,a36cf6a41904382e74bf888aadec1710bd4f2f596d71fe6fdd8ea502181ad0db,results_test/UDM10,3.1985931062773627,3,2,-0.30095668792724695,0,0,26.084043312072755,-0.30095668792724695,-0.011406355426463784,0.7750947746576047,0.001194774657604647,0.0015438359705448339,0.25955827356346195,0.010358273563461945,-0.04156610579238341,0.12900317042104661,0.012303170421046616,-0.10542562485901129,0.3769302807507976,-0.029869719249202398,-0.07342605518486332,0.541965457700914,-0.021734542299086,-0.03855693152223878,4.771205237216706,0.2114052372167059,-0.04636283109274659,31.503216867545984,-0.019483132454016783,0.0006180667409205678,2.999922770454037,0.10882277045403743,0.03764061099721125,64.0466760635376,-1.6195239364624001,-0.024662976332761755,0.30434606176230217,-0.01825393823769783,-0.05658381350805279,28.64548024823589,-4.862819751764107,0.14512284275132153,0.5388244718313218,-0.018575528168678246,-0.033325310672189176,0.9762368857860565,-0.001863114213943473,-0.0019048299907406944,0.10042364876717329,-0.0026763512328267097,-0.025958789843130065,0.7511975243640622,-0.043702475635937876,-0.05497858301162143,82.91,9.804999999999993,0.13412215306750552,1.8162639604997817,0.22396396049978162,-0.1406543744895947
20,2026-07-26T07:51:41+00:00,2026-07-26T07:57:44+00:00,363.056,cb257a6c63eed8d69e39074acadce68141c5e1fd740500fbd1d602c3d45e3d2a,"Faithful restoration of the input video, preserving original structure and identity, natural fine details, stable edges, realistic colors, temporal consistency, motion-consistent textures, minimal hallucination.","unstable edges, temporal jitter, motion trails, ghosting, hallucinated details, fake textures, oversharpening, ringing, color shifts, excessive smoothing, noise amplification, distorted structures",3.500000,English fidelity prompt with artifact-focused negative prompt.,,prompt_negative_cfg,0,0,completed,,04dbfdebb96da235882488689e4d0efa8457e2d77696ebe2f1f8629597b5480f,results_test/UDM10,2.220371034495522,2,2,0.025134229352392623,0,0,26.410134229352394,0.025134229352392623,0.0009525953895164912,0.7823604007788721,0.008460400778872113,0.010932162784432242,0.25163095408389646,0.0024309540838964583,-0.009755032439391888,0.12545425142011335,0.008754251420113351,-0.07501500788443317,0.39240280014853324,-0.014397199851466758,-0.03539134673418574,0.556686111323295,-0.007013888676704938,-0.012442591230627884,4.9034470084188175,0.34364700841881746,-0.07536449151691246,32.009770697396284,0.48707069739628395,-0.015451426984245764,3.1403055010303373,0.24920550103033756,0.08619746844811234,65.6117627420733,-0.054437257926707616,-0.0008289996669018097,0.3206588660997729,-0.0019411339002270989,-0.006017154061460319,29.268451518397182,-4.239848481602817,0.1265312916979619,0.5559522986412049,-0.0014477013587951282,-0.002597239610324952,0.9813422799110413,0.0032422799110413125,0.0033148756886221373,0.10580038651823997,0.0027003865182399778,0.026191915792822287,0.7579818613426083,-0.0369181386573918,-0.04644375224228431,83.56700000000001,10.462000000000003,0.14310922645509888,1.8254937902869035,0.23319379028690346,-0.1464509139527121
21,2026-07-26T07:57:45+00:00,2026-07-26T08:03:53+00:00,367.333,6b09cecfb0883508ec098c100fbd951e4fe9b065bee528d5220e6652cc223be0,"Faithful restoration of the input video, preserving original structure and identity, natural fine details, stable edges, realistic colors, temporal consistency, motion-consistent textures, minimal hallucination.","unstable edges, temporal jitter, motion trails, ghosting, hallucinated details, fake textures, oversharpening, ringing, color shifts, excessive smoothing, noise amplification, distorted structures",4.500000,English fidelity prompt with artifact-focused negative prompt.,,prompt_negative_cfg,0,0,completed,,3fc51a4bebe2012244973fbd90f191b516827875717691446b7dabd49036dd74,results_test/UDM10,2.22059882322498,2,2,-0.0437037055723124,0,0,26.34129629442769,-0.0437037055723124,-0.0016563845204590638,0.7811552556737376,0.007255255673737526,0.009374926571569358,0.252150588050004,0.002950588050004005,-0.011840240971123616,0.12501338912594703,0.008313389125947035,-0.07123726757452473,0.39102244771295985,-0.015777552287040142,-0.038784543478466424,0.5550731200364328,-0.008626879963567147,-0.015304026900065899,4.870945209009857,0.3111452090098572,-0.0682365913000257,31.872196693572334,0.34949669357233404,-0.01108714334661479,3.152225019470338,0.26112501947033806,0.09032030004854141,65.6278424109182,-0.03835758908179798,-0.0005841298732346013,0.32037338984589425,-0.002226610154105746,-0.006902077353086627,29.268381426411292,-4.239918573588707,0.1265333834777863,0.5522907018661499,-0.005109298133850082,-0.00916630450995709,0.9806848049163819,0.002584804916381911,0.0026426795996134455,0.10584044642746449,0.002740446427464488,0.026580469713525588,0.7550530489799936,-0.03984695102000646,-0.0501282564096194,83.547,10.441999999999993,0.14283564735654186,1.8392304884764599,0.24693048847645982,-0.155077867535301
22,2026-07-26T08:03:53+00:00,2026-07-26T08:09:57+00:00,364.087,857355eec86e743a280b2927cfc450568f2cb2174247aafc6357df5645efde29,"Faithful restoration of the input video, preserving original structure and identity, natural fine details, stable edges, realistic colors, temporal consistency, motion-consistent textures, minimal hallucination.","unstable edges, temporal jitter, motion trails, ghosting, hallucinated details, fake textures, oversharpening, ringing, color shifts, excessive smoothing, noise amplification, distorted structures",5.000000,English fidelity prompt with artifact-focused negative prompt.,,prompt_negative_cfg,0,0,completed,,f0bb7a1d1dbec8dd733f8d763e4cf9132f6686407dc8ab2c713fedc8b99b3ce3,results_test/UDM10,2.2205943305107065,2,2,-0.08380740258002106,0,0,26.30119259741998,-0.08380740258002106,-0.003176327556567029,0.7804411790953583,0.006541179095358229,0.00845222780121234,0.2525536913544901,0.003353691354490068,-0.013457830475481814,0.12480367960468416,0.008103679604684166,-0.06944027081991573,0.3892925049989454,-0.017507495001054585,-0.04303710668892474,0.5539720044982049,-0.00972799550179504,-0.01725739844207032,4.854668159341439,0.29486815934143884,-0.06466690629883741,31.721457770490304,0.1987577704903032,-0.00630522672519496,3.15969388177318,0.26859388177318033,0.09290369816788778,65.62230173541653,-0.043898264583475566,-0.0006685062419246974,0.32012171072344625,-0.0024782892765537468,-0.007682235823167225,29.279314988659273,-4.2289850113407255,0.12620708932833732,0.5538907378911972,-0.0035092621088027576,-0.006295769839976243,0.98081876039505,0.002718760395050035,0.0027796343881505317,0.10736871473491191,0.004268714734911916,0.04140363467421839,0.7521013854939769,-0.04279861450602318,-0.05384150774439952,83.41799999999999,10.312999999999988,0.14107106217084997,1.8489304485653217,0.2566304485653217,-0.1611696593388945
23,2026-07-26T08:09:58+00:00,2026-07-26T08:16:08+00:00,370.229,39f94b4d583326ff2c7f05871b2d6a1ca10db9311d1bc374339e8f96b95867c2,"Faithful restoration of the input video, preserving original structure and identity, natural fine details, stable edges, realistic colors, temporal consistency, motion-consistent textures, minimal hallucination.","unstable edges, temporal jitter, motion trails, ghosting, hallucinated details, fake textures, oversharpening, ringing, color shifts, excessive smoothing, noise amplification, distorted structures",5.500000,English fidelity prompt with artifact-focused negative prompt.,,prompt_negative_cfg,0,0,completed,,e11289fe2cdc9c034f121907118e477f9a8621b4dba78f42cb32383f556197af,results_test/UDM10,2.2200811656256327,2,2,-0.1279922042354471,0,0,26.257007795764554,-0.1279922042354471,-0.00485094577356252,0.7796411581032092,0.005741158103209187,0.007418475388563364,0.2530301984039045,0.0038301984039045,-0.015369977543758026,0.12455167943431485,0.007851679434314848,-0.06728088632660538,0.387951431495528,-0.018848568504471974,-0.046333747552782634,0.5530462719740407,-0.01065372802595932,-0.018899641699413376,4.837299231509971,0.2774992315099709,-0.06085776382954755,31.632674739346346,0.10997473934634527,-0.0034887474533065147,3.1641049700398605,0.2730049700398607,0.09442944555354733,65.62302526658581,-0.043174733414190314,-0.0006574879224652913,0.3196790767773506,-0.0029209232226494186,-0.009054318731089332,29.33408203125,-4.17421796875,0.12457265718493626,0.5419042408466339,-0.015495759153366095,-0.0278000702428527,0.9805733978748321,0.0024733978748321395,0.0025287781155629687,0.1011681541800499,-0.0019318458199500954,-0.018737592822018385,0.7502476288857356,-0.044652371114264455,-0.05617357040415707,83.49100000000001,10.38600000000001,0.14206962588058286,1.855644664465217,0.26334466446521687,-0.16538633703775474
24,2026-07-26T08:16:09+00:00,2026-07-26T08:22:18+00:00,369.119,37f5f5f7cac1f5b568d91712cd931d86488d4bceddbdf5478918eca86968fc52,"Faithful restoration of the input video, preserving original structure and identity, natural fine details, stable edges, realistic colors, temporal consistency, motion-consistent textures, minimal hallucination.","unstable edges, temporal jitter, motion trails, ghosting, hallucinated details, fake textures, oversharpening, ringing, color shifts, excessive smoothing, noise amplification, distorted structures",6.500000,English fidelity prompt with artifact-focused negative prompt.,,prompt_negative_cfg,0,0,completed,,2228932d9ef602da2f8cba5142faa6fc915568ecc4a1d1c1c208a30958ba89a8,results_test/UDM10,3.219106490799408,3,2,-0.22790479844616485,0,0,26.157095201553837,-0.22790479844616485,-0.008637665281264539,0.7778077514381285,0.003907751438128493,0.005049426848596062,0.25431071010328105,0.005110710103281041,-0.020508467509153454,0.1242239171458829,0.007523917145882908,-0.06447229773678584,0.38544420950835756,-0.021355790491642435,-0.052497026773948956,0.5510165321250116,-0.012683467874988419,-0.022500386508760722,4.800692921490076,0.2408929214900759,-0.05282971215625157,31.374265606392306,-0.14843439360769395,0.004708809639012329,3.1701077699661253,0.27900776996612553,0.09650574866525737,65.59424495081747,-0.07195504918253448,-0.0010957699574900706,0.31855265298678026,-0.0040473470132197376,-0.01254602297960241,29.448096490675404,-4.0602035093245945,0.12117008351138657,0.5363138526678085,-0.021086147332191496,-0.037829471353052556,0.9798696875572205,0.0017696875572205117,0.0018093114786018932,0.09905955642461776,-0.004040443575382233,-0.03918955941204882,0.7488398088491953,-0.04606019115080473,-0.057944635992961034,83.536,10.430999999999997,0.14268517885233564,1.8915385317571538,0.29923853175715376,-0.18792848819767238
25,2026-07-26T08:22:19+00:00,2026-07-26T08:28:23+00:00,363.791,49cc02ea3d8fb4a5b08864078f0d4b0c4e9e4991898430004a52851887bf22a1,"Faithful restoration of the input video, preserving original structure and identity, natural fine details, stable edges, realistic colors, temporal consistency, motion-consistent textures, minimal hallucination.","unstable edges, temporal jitter, motion trails, ghosting, hallucinated details, fake textures, oversharpening, ringing, color shifts, excessive smoothing, noise amplification, distorted structures",7.500000,English fidelity prompt with artifact-focused negative prompt.,,prompt_negative_cfg,0,0,completed,,6d7ae467938c03a6f5dab3b898523f3f8ab0d84ccd4a3ace8d24e948fe16cf47,results_test/UDM10,3.2172530268713175,3,2,-0.3431901550292977,0,0,26.041809844970704,-0.3431901550292977,-0.013007017435258584,0.7756911206150896,0.0017911206150895698,0.0023144083409866517,0.25592159725004626,0.006721597250046257,-0.02697270164545047,0.12412983967411902,0.007429839674119018,-0.06366614973538147,0.38294316645591486,-0.023856833544085132,-0.05864511687336561,0.5483711520510335,-0.015328847948966495,-0.02719327292702944,4.762050014487887,0.2022500144878867,-0.044355018748165866,31.12492294349836,-0.3977770565016421,0.012618749551962303,3.1718215953919193,0.28072159539191954,0.09709854221297069,65.54767219174293,-0.11852780825707043,-0.0018050048313602801,0.3171145024318849,-0.005485497568115116,-0.01700402221982367,29.631345687373994,-3.8769543126260047,0.11570131318586753,0.5412444591522216,-0.01615554084777837,-0.028983747484353017,0.979562246799469,0.001462246799469047,0.001494987015099731,0.10205051377415657,-0.0010494862258434295,-0.010179303839412507,0.7605427493577332,-0.0343572506422668,-0.04322210421721827,83.614,10.509,0.14375213733670747,1.9334541373730947,0.34115413737309463,-0.2142524256566568
26,2026-07-26T08:28:23+00:00,2026-07-26T08:34:18+00:00,354.63,7d9a5d7548a8093cd59fa708036606471c7711f14e0ef91810ebdc0cccda42cf,"Faithful restoration of the input video, preserving original structure and identity, natural fine details, stable edges, realistic colors, temporal consistency, motion-consistent textures, minimal hallucination.","flickering, unstable details, temporal inconsistency, warped structures, ghosting, motion trails, plastic texture, excessive smoothing, oversharpening, ringing artifacts, noise, color shifts",3.500000,English fidelity prompt with artifact-focused negative prompt.,,prompt_negative_cfg,0,0,completed,,f4a276c2d2b6081447c95406fd846d5c8c95ac19743c9e373b206dea1d4ec6bd,results_test/UDM10,2.2176929456444974,2,2,0.011774562712634662,0,0,26.396774562712636,0.011774562712634662,0.0004462597200164738,0.7828204769672588,0.008920476967258728,0.011526653272074852,0.2517890799910792,0.002589079991079185,-0.010389566577364305,0.12612855069098933,0.009428550690989329,-0.08079306504703795,0.39339526492741805,-0.013404735072581941,-0.032951659470457084,0.5568543715823081,-0.006845628417691874,-0.012144098665410455,4.936089912729373,0.37628991272937284,-0.08252333714842161,32.503037266126114,0.9803372661261136,-0.031099406653811813,3.147858549318006,0.25675854931800624,0.08880998558265236,65.66471101084065,-0.0014889891593554694,-2.267512296060179e-05,0.32136421619403743,-0.0012357838059625648,-0.0038306999564865617,29.651857437626006,-3.856442562373992,0.1150891737979543,0.5500756114721298,-0.007324388527870207,-0.013140273641676008,0.9809067666530609,0.0028067666530608992,0.0028696111369603304,0.10177689474076032,-0.0013231052592396764,-0.012833222689036628,0.746818813031772,-0.04808118696822805,-0.06048708890203554,83.99000000000001,10.885000000000005,0.1488954243895767,1.8441379952370578,0.25183799523705774,-0.1581598915010097
27,2026-07-26T08:34:18+00:00,2026-07-26T08:40:24+00:00,365.29,a9fd5c1c040797b31d21ee822c94304a3304d3be9c1a291e784d9e9495a0be21,"Faithful restoration of the input video, preserving original structure and identity, natural fine details, stable edges, realistic colors, temporal consistency, motion-consistent textures, minimal hallucination.","flickering, unstable details, temporal inconsistency, warped structures, ghosting, motion trails, plastic texture, excessive smoothing, oversharpening, ringing artifacts, noise, color shifts",4.500000,English fidelity prompt with artifact-focused negative prompt.,,prompt_negative_cfg,0,0,completed,,42d4560386d17f2549f8347e9a67660f292f089c9392776f2ff6628422c9cab5,results_test/UDM10,3.2166370658602763,3,2,-0.059778599892894135,0,0,26.325221400107107,-0.059778599892894135,-0.0022656281937803347,0.7818091078743988,0.007909107874398802,0.010219806014212175,0.25231994640442634,0.003119946404426338,-0.012519849134937151,0.12597865000847847,0.009278650008478467,-0.07950856905294316,0.3910036370158195,-0.015796362984180468,-0.03883078413023714,0.5553822556810994,-0.008317744318900533,-0.014755622350364615,4.918443734398322,0.35864373439832153,-0.07865339146416982,32.485253296498755,0.9625532964987542,-0.030535242745664368,3.163662612822748,0.2725626128227483,0.0942764390103242,65.70664450122464,0.04044450122464127,0.0006159104870487598,0.3215226076062649,-0.0010773923937351104,-0.003339716037616585,29.854941091229836,-3.653358908770162,0.10902847678844234,0.5470060408115387,-0.01039395918846131,-0.01864721777621333,0.9805438220500946,0.002443822050094635,0.0024985400777984205,0.10151020679622888,-0.001589793203771117,-0.015419914682552058,0.752059731813618,-0.04284026818638209,-0.05389390890222932,84.0,10.894999999999996,0.14903221393885502,1.8604235182283446,0.26812351822834457,-0.1683875640446804
28,2026-07-26T08:40:24+00:00,2026-07-26T08:46:31+00:00,366.902,1c7c1ac3172006487476f20eb03a73a8b36b6698cdf6d8a503bfb3bf49311f75,"Faithful restoration of the input video, preserving original structure and identity, natural fine details, stable edges, realistic colors, temporal consistency, motion-consistent textures, minimal hallucination.","flickering, unstable details, temporal inconsistency, warped structures, ghosting, motion trails, plastic texture, excessive smoothing, oversharpening, ringing artifacts, noise, color shifts",5.000000,English fidelity prompt with artifact-focused negative prompt.,,prompt_negative_cfg,0,0,completed,,ddba397fa17da5f90d1e95bfed4e5cbf13077399431c0e825bc7b8de5266b0ef,results_test/UDM10,3.215850847158268,3,2,-0.10065151214599766,0,0,26.284348487854004,-0.10065151214599766,-0.0038147247354935626,0.7812023158048591,0.007302315804859072,0.009435735631036403,0.25270042265615156,0.003500422656151553,-0.014046639872197243,0.12584699353864118,0.00914699353864118,-0.07838040735767934,0.38942570335442017,-0.017374296645579823,-0.04270967710319524,0.5540368292600878,-0.009663170739912186,-0.01714239975148516,4.9053493891661555,0.3455493891661554,-0.07578169857584881,32.424925723093565,0.9022257230935651,-0.028621460823265936,3.171227846607085,0.2801278466070851,0.09689317097543673,65.71362685541953,0.04742685541953051,0.0007222415096279442,0.32137506325398724,-0.0012249367460127614,-0.0037970760880742757,29.969450526083666,-3.5388494739163328,0.10561113138883002,0.5589696079492569,0.0015696079492568682,0.00281594537003385,0.9799813985824585,0.0018813985824585044,0.00192352375264135,0.10947175733745099,0.0063717573374509895,0.0618017200528709,0.7489302974796443,-0.045969702520355704,-0.05783079949723953,84.072,10.966999999999999,0.15001709869365978,1.872598192106428,0.28029819210642803,-0.17603353143655595
29,2026-07-26T08:46:32+00:00,2026-07-26T08:52:36+00:00,364.265,33c770bce1084197c3515b77462b2ef593848a825f6d628a83c6b90c5c357809,"Faithful restoration of the input video, preserving original structure and identity, natural fine details, stable edges, realistic colors, temporal consistency, motion-consistent textures, minimal hallucination.","flickering, unstable details, temporal inconsistency, warped structures, ghosting, motion trails, plastic texture, excessive smoothing, oversharpening, ringing artifacts, noise, color shifts",5.500000,English fidelity prompt with artifact-focused negative prompt.,,prompt_negative_cfg,0,0,completed,,e67fb61c4f79f308db6275a57b7c19bb4509ac994fe74a4e703685a21c002108,results_test/UDM10,3.215064255329879,3,2,-0.14485078504008442,0,0,26.240149214959917,-0.14485078504008442,-0.005489891417096244,0.7805168229138791,0.006616822913879106,0.00854997146127291,0.2531111867918122,0.00391118679181221,-0.01569497107468784,0.12574391153550918,0.00904391153550918,-0.07749709970444885,0.3885463462721917,-0.018253653727808294,-0.04487132184810298,0.5533225800721876,-0.010377419927812381,-0.01840947299594178,4.899424258104652,0.339624258104652,-0.0744822707365788,32.397406825375974,0.8747068253759736,-0.027748474127405758,3.1764875361996308,0.285387536199631,0.09871244031670678,65.69912028158865,0.032920281588644684,0.0005013276478408174,0.321103796747423,-0.0014962032525769886,-0.004637951805880312,30.09369565902218,-3.4146043409778173,0.10190324012193448,0.5471138626337051,-0.010286137366294912,-0.018453780707382333,0.9799235045909882,0.0018235045909882341,0.0018643334945181824,0.10257244054228068,-0.0005275594577193177,-0.005116968552078736,0.7533701138576439,-0.0415298861423562,-0.05224542224475556,84.23499999999999,11.129999999999981,0.15224676834689804,1.8786612221689816,0.2863612221689815,-0.17984124987061578
30,2026-07-26T08:52:37+00:00,2026-07-26T08:58:40+00:00,362.719,4f5ceaa3b084708a1d05e23c22e3f6158d955d507138071d0f1fa6e7a2c8bdad,"Faithful restoration of the input video, preserving original structure and identity, natural fine details, stable edges, realistic colors, temporal consistency, motion-consistent textures, minimal hallucination.","flickering, unstable details, temporal inconsistency, warped structures, ghosting, motion trails, plastic texture, excessive smoothing, oversharpening, ringing artifacts, noise, color shifts",6.500000,English fidelity prompt with artifact-focused negative prompt.,,prompt_negative_cfg,0,0,completed,,453e35d315bda205f1f8240dbf38743b11d534179b089abe2b31eee4ac14c87b,results_test/UDM10,3.2133220660064823,3,2,-0.24328184927663798,0,0,26.141718150723364,-0.24328184927663798,-0.009220460461498502,0.7789518315015909,0.005051831501590831,0.006527757464260021,0.2542259355706553,0.00502593557065531,-0.020168280781120825,0.12564160996867765,0.008941609968677655,-0.07662047959449576,0.3862175888111515,-0.020582411188848515,-0.05059589771103371,0.5514806035064882,-0.01221939649351178,-0.021677127006407275,4.872935125082128,0.3131351250821277,-0.06867299554413082,32.299240183040226,0.7765401830402254,-0.024634316953821386,3.189171272708524,0.2980712727085244,0.10309960662326603,65.67684825158888,0.010648251588875723,0.0001621572679533112,0.32030786126852034,-0.0022921387314796537,-0.007105203755361605,30.358344096522178,-3.149955903477821,0.09400524358077912,0.5441914081573487,-0.01320859184265133,-0.02369679196744049,0.9793861508369446,0.0012861508369446106,0.0013149482025811377,0.10237257946282625,-0.0007274205371737424,-0.007055485326612439,0.7606611686341394,-0.0342388313658607,-0.043073130413713294,84.337,11.232,0.1536420217495383,1.9149315996522396,0.32263159965223953,-0.20261985784854583
31,2026-07-26T08:58:41+00:00,2026-07-26T09:04:42+00:00,361.137,c00c5f403e484fd1e8f2431c6080a82409dea14331da404f833ebddd0d827196,"Faithful restoration of the input video, preserving original structure and identity, natural fine details, stable edges, realistic colors, temporal consistency, motion-consistent textures, minimal hallucination.","flickering, unstable details, temporal inconsistency, warped structures, ghosting, motion trails, plastic texture, excessive smoothing, oversharpening, ringing artifacts, noise, color shifts",7.500000,English fidelity prompt with artifact-focused negative prompt.,,prompt_negative_cfg,0,0,completed,,2d51383a7b314976a0a67cff791c59b0f8c5d5e25b27ddccd17d82d63b462409,results_test/UDM10,2.210838021575943,2,2,-0.35382265767743704,0,0,26.031177342322565,-0.35382265767743704,-0.013409992710912906,0.7771315271933243,0.003231527193324313,0.004175639221248627,0.2556468613445759,0.0064468613445759215,-0.02587023011467063,0.12562895724850315,0.00892895724850315,-0.07651205868468852,0.38392769670294175,-0.02287230329705825,-0.05622493435855027,0.54822242875253,-0.015477571247469957,-0.027457107056004893,4.848215520986814,0.2884155209868142,-0.06325179196166811,32.147444239525555,0.6247442395255547,-0.019818868292549644,3.196576235371251,0.305476235371251,0.10566090255309434,65.62647759837489,-0.03972240162511298,-0.0006049139682989571,0.31903106666380354,-0.003568933336196456,-0.011063029560435388,30.6475589875252,-2.860741012474797,0.08537410171434533,0.5469738602638244,-0.010426139736175566,-0.0187049510875055,0.97820543050766,0.00010543050765998707,0.0001077911334832707,0.10481677148491145,0.0017167714849114502,0.016651517797395248,0.7508876555528171,-0.04401234444718294,-0.05536840413534147,84.10400000000001,10.99900000000001,0.15045482525135093,1.9610791467372717,0.36877914673727163,-0.23160154916615688
32,2026-07-26T09:04:42+00:00,2026-07-26T09:10:51+00:00,369.094,5db15abd2bfc086dd57f7c63f8a812f2c9a921b35538b8843254a0cdd55e0663,"Faithful restoration of the input video, preserving original structure and identity, natural fine details, stable edges, realistic colors, temporal consistency, motion-consistent textures, minimal hallucination.","hallucinated textures, invented details, temporal flicker, ghosting, ringing artifacts, over-sharpened edges, color drift, motion-inconsistent texture, plastic surfaces, excessive denoising",3.500000,English fidelity prompt with artifact-focused negative prompt.,,prompt_negative_cfg,0,0,completed,,7e00edacb6726a4755df67524973edb69478b06a190f87821c9bdfaad3c8b1aa,results_test/UDM10,2.213370553860255,2,2,0.026746646511934813,0,0,26.411746646511936,0.026746646511934813,0.0010137065193077434,0.7823741706600995,0.008474170660099478,0.010949955627470575,0.25325245761102244,0.004052457611022436,-0.016261868423043484,0.12749299656960272,0.010792996569602725,-0.09248497488948351,0.39066005104011103,-0.01613994895988896,-0.039675390756855854,0.5549025986463793,-0.008797401353620726,-0.015606530696506523,4.926290050071505,0.3664900500715049,-0.08037415019770712,32.44116128466238,0.9184612846623779,-0.02913650431791623,3.0993651993813054,0.2082651993813056,0.07203666403144326,65.19252782021799,-0.4736721797820138,-0.007213333187880733,0.31769600724501,-0.004903992754989983,-0.015201465452541795,29.206154706401215,-4.302145293598784,0.1283904374020402,0.5570430606603622,-0.0003569393396377629,-0.0006403648002112718,0.9809711635112762,0.0028711635112762535,0.002935449863282132,0.10773133840411901,0.004631338404119015,0.04492083806129015,0.7556874945516971,-0.0392125054483029,-0.04933011126972311,83.444,10.338999999999999,0.14142671499897405,1.8065414616527657,0.2142414616527657,-0.13454842784196802
33,2026-07-26T09:10:52+00:00,2026-07-26T09:16:59+00:00,366.908,b78217aca099e7cbbead3a9cd1d5b191e2b5f035574776daa97f3b0131f03ae6,"Faithful restoration of the input video, preserving original structure and identity, natural fine details, stable edges, realistic colors, temporal consistency, motion-consistent textures, minimal hallucination.","hallucinated textures, invented details, temporal flicker, ghosting, ringing artifacts, over-sharpened edges, color drift, motion-inconsistent texture, plastic surfaces, excessive denoising",4.500000,English fidelity prompt with artifact-focused negative prompt.,,prompt_negative_cfg,0,0,completed,,9517e3aa741f9f645a30e5b0ca12e9e421e5d9424b272d2ec00b80c02dc0fc4c,results_test/UDM10,2.2106193627843593,2,2,-0.03909381620345442,0,0,26.345906183796547,-0.03909381620345442,-0.001481668228290863,0.7812152658237431,0.007315265823743089,0.009452469083528994,0.254336660451466,0.005136660451466019,-0.020612602132688677,0.12780952165203707,0.011109521652037074,-0.0951972720825799,0.38743459832283755,-0.01936540167716244,-0.047604232244745436,0.5521213214243612,-0.011578678575638768,-0.020540497739291765,4.90291249713791,0.34311249713791003,-0.07524726898940963,32.41714093921744,0.8944409392174393,-0.028374502793778428,3.0955944788071417,0.2044944788071419,0.07073241285570955,65.03728789052656,-0.6289121094734469,-0.009577409831442155,0.31640709066583267,-0.006192909334167329,-0.019196867123891286,29.189192839591733,-4.319107160408265,0.12889663636795257,0.555594876408577,-0.0018051235914230412,-0.0032384707416990336,0.9806442797183991,0.0025442797183991006,0.002601247028319293,0.10642476193606853,0.0033247619360685376,0.0322479334245251,0.7524235505541674,-0.04247644944583262,-0.053436217695097016,83.238,10.132999999999996,0.13860885028383824,1.8007387125301952,0.2084387125301952,-0.1309041716574736
34,2026-07-26T09:17:57+00:00,2026-07-26T09:24:04+00:00,367.07,a7130c0219ba9dc481c62c6fb2aa6630cd3bdfacbb215c169c584a5276b659e8,"A clear, natural, high-quality restored video with faithful scene structure, realistic fine details, stable edges, consistent textures across frames, natural colors, smooth motion, and strong temporal consistency.","blur, flickering, temporal inconsistency, unstable details, hallucinated textures, oversharpening, ringing artifacts, ghosting, warped structures, color shifts, noise, compression artifacts, excessive smoothing, low quality",0.500000,Low-CFG refinement with original text after cfg=1.0 led batch 1.,,coarse_cfg,0,0,completed,,3f2acba36dd5e9df465f58dec7ecb0e647179bef36a20a3894e2f282ba195488,results_test/UDM10,2.2170238772716324,2,2,0.14415578042306976,0,0,26.52915578042307,0.14415578042306976,0.005463550518213748,0.78415109918461,0.01025109918460998,0.013246025564814549,0.2504808206471705,0.001280820647170472,-0.0051397297237980415,0.12458146214485169,0.007881462144851692,-0.06753609378621844,0.39516530757950197,-0.011634692420498027,-0.02860052217428227,0.5577181523846042,-0.0059818476153957745,-0.010611757345034193,4.931569555591878,0.37176955559187785,-0.08153198727836261,32.16369595990545,0.6409959599054531,-0.020334424395925893,3.092223184724008,0.20112318472400803,0.06956631895265056,65.59965965517105,-0.06654034482895099,-0.0010133119447897241,0.31804934867447426,-0.004550651325525734,-0.01410617273876545,29.34432373046875,-4.163976269531247,0.1242670105475732,0.5542993187904358,-0.0031006812095641934,-0.005562757821249001,0.9814276099205017,0.0033276099205017395,0.0034021162667434205,0.10154552310705185,-0.001554476892948145,-0.015077370445665811,0.7567164083494945,-0.038183591650505555,-0.0480357172606687,83.691,10.585999999999999,0.1448054168661514,1.8078083883059055,0.21550838830590546,-0.135344086105574
35,2026-07-26T09:24:05+00:00,2026-07-26T09:30:23+00:00,378.844,0b24864a72875b7f56e68bbff5fbd65a32f50fdc066fa3a03929c70cae7d6505,"A clear, natural, high-quality restored video with faithful scene structure, realistic fine details, stable edges, consistent textures across frames, natural colors, smooth motion, and strong temporal consistency.","blur, flickering, temporal inconsistency, unstable details, hallucinated textures, oversharpening, ringing artifacts, ghosting, warped structures, color shifts, noise, compression artifacts, excessive smoothing, low quality",0.750000,Low-CFG refinement with original text after cfg=1.0 led batch 1.,,coarse_cfg,0,0,completed,,446b3d39ea08da5b29eff31740324ec36a8b2092c3f215efb0b14d0e93e477c4,results_test/UDM10,2.2165281591336474,2,2,0.14171254065728434,0,0,26.526712540657286,0.14171254065728434,0.0053709509439941,0.7841154606912433,0.010215460691243239,0.013199975050062332,0.25048729837421446,0.0012872983742144573,-0.005165723813059619,0.12464306373750009,0.007943063737500089,-0.06806395661953804,0.394817637147442,-0.011982362852557993,-0.029455169254075694,0.5573853535998252,-0.0063146464001747615,-0.011202140145777473,4.922909444943664,0.3631094449436638,-0.07963275690680816,32.23364984268264,0.7109498426826377,-0.02255358337587319,3.0947829934858513,0.2036829934858515,0.0704517289218123,65.60073667956938,-0.06546332043062364,-0.0009969104414542585,0.3182197777734649,-0.004380222226535113,-0.013577874229805062,29.38573824974798,-4.122561750252018,0.1230310624607043,0.5503504335880279,-0.007049566411972075,-0.012647230735507848,0.9810666024684906,0.0029666024684906755,0.0030330257320219565,0.10006165727972985,-0.0030383427202701485,-0.0294698614963157,0.7647757869420182,-0.030124213057981852,-0.03789685879731017,83.72900000000001,10.62400000000001,0.1453252171534096,1.810339779452382,0.21803977945238184,-0.13693385634138155
36,2026-07-26T09:30:27+00:00,2026-07-26T09:37:11+00:00,404.353,bfd2159d10b64b82ba35e9922c1821ad5bbae2c4772323e9df4d7ad8b6532149,"A clear, natural, high-quality restored video with faithful scene structure, realistic fine details, stable edges, consistent textures across frames, natural colors, smooth motion, and strong temporal consistency.","blur, flickering, temporal inconsistency, unstable details, hallucinated textures, oversharpening, ringing artifacts, ghosting, warped structures, color shifts, noise, compression artifacts, excessive smoothing, low quality",1.250000,Low-CFG refinement with original text after cfg=1.0 led batch 1.,,coarse_cfg,0,0,completed,,de2d6c995fdc1802ebc5cd339229e3f13f55d152dd22f3424a263b54a46eaa97,results_test/UDM10,2.216101484702967,2,2,0.13457748166976558,0,0,26.519577481669767,0.13457748166976558,0.005100529909788348,0.7839990018917493,0.010099001891749282,0.013049492042575632,0.25045646703050983,0.001256467030509828,-0.005042002530135746,0.12471050197078334,0.008010501970783346,-0.06864183351142542,0.3951081719609999,-0.011691828039000096,-0.028740973547197877,0.5575785632095028,-0.006121436790497148,-0.010859387600669058,4.928720757763299,0.36892075776329936,-0.08090722351052664,32.32153187870594,0.7988318787059399,-0.025341480225549835,3.098796769111387,0.20769676911138735,0.07184005019244832,65.60784051956668,-0.058359480433324507,-0.0008887293681273548,0.31839395480290533,-0.0042060451970946655,-0.013037957833523451,29.49605397870464,-4.012246021295358,0.11973887130338924,0.5545915931463241,-0.0028084068536758933,-0.005038404832572467,0.9809833109378815,0.0028833109378815225,0.0029478692750041125,0.10400096736848355,0.0009009673684835517,0.008738771760267234,0.7563003235399403,-0.038599676460059795,-0.04855916022148672,83.826,10.72099999999999,0.14665207578141015,1.8137553109894118,0.22145531098941174,-0.13907888650971031
37,2026-07-26T09:37:14+00:00,2026-07-26T09:43:29+00:00,374.92,1a27234d090db89dd9b3366fea95fe1f1a223de8e170d02ba178c3af5b3939f0,"A clear, natural, high-quality restored video with faithful scene structure, realistic fine details, stable edges, consistent textures across frames, natural colors, smooth motion, and strong temporal consistency.","blur, flickering, temporal inconsistency, unstable details, hallucinated textures, oversharpening, ringing artifacts, ghosting, warped structures, color shifts, noise, compression artifacts, excessive smoothing, low quality",1.500000,Low-CFG refinement with original text after cfg=1.0 led batch 1.,,coarse_cfg,0,0,completed,,9b823581ee336d14bffc1eac548ed2ef35b560eb74f61068356069873f9941d9,results_test/UDM10,2.2158572487689074,2,2,0.12909122713150722,0,0,26.51409122713151,0.12909122713150722,0.004892599095376434,0.7838971990490586,0.009997199049058603,0.01291794682653909,0.25044621916547893,0.001246219165478929,-0.005000879476239683,0.12470172066842358,0.008001720668423584,-0.06856658670457227,0.39476505551607377,-0.012034944483926224,-0.02958442596835355,0.557524031112271,-0.0061759688877289776,-0.010956127173547946,4.932843129512124,0.3730431295121237,-0.08181129205494182,32.33879371466954,0.8160937146695417,-0.02588908039823815,3.103588513789638,0.2124885137896384,0.07349746248474229,65.61884659797914,-0.04735340202086036,-0.0007211229220034105,0.3183966726545364,-0.004203327345463581,-0.013029532998957163,29.564923686365926,-3.9433763136340723,0.11768356835870732,0.5648987621068955,0.007498762106895485,0.013453107475592904,0.9810410559177398,0.0029410559177398543,0.0030069071850934,0.1093525778502226,0.006252577850222596,0.0606457599439631,0.7597399050380637,-0.035160094961936394,-0.04423209832926958,83.772,10.667000000000002,0.14591341221530676,1.8138746826298302,0.22157468262983016,-0.13915385456875598
38,2026-07-26T09:43:33+00:00,2026-07-26T09:49:45+00:00,372.435,5f14bb7e0dd7278d09fb9dba9aea852627861008a79eea544f14bd950350f4a2,"A clear, natural, high-quality restored video with faithful scene structure, realistic fine details, stable edges, consistent textures across frames, natural colors, smooth motion, and strong temporal consistency.","blur, flickering, temporal inconsistency, unstable details, hallucinated textures, oversharpening, ringing artifacts, ghosting, warped structures, color shifts, noise, compression artifacts, excessive smoothing, low quality",2.500000,Low-CFG refinement with original text after cfg=1.0 led batch 1.,,coarse_cfg,0,0,completed,,b6647949d740e7bf9bc504dc40b794a28287707b051d35dab307c9498c2f7cbc,results_test/UDM10,2.2132861746777026,2,2,0.09708135174166088,0,0,26.482081351741662,0.09708135174166088,0.0036794145060322484,0.7833131586208872,0.009413158620887208,0.01216327512713168,0.25038825083644156,0.0011882508364415567,-0.004768261783473341,0.12453885674476624,0.00783885674476624,-0.06717100895258132,0.3933863104831788,-0.013413689516821203,-0.03297367137861653,0.5561234555898175,-0.0075765444101825175,-0.013440738708856693,4.941337061001703,0.38153706100170304,-0.08367407803011163,32.50279739948745,0.9800973994874482,-0.03109179732343512,3.111090931969304,0.21999093196930408,0.07609246721638964,65.61470410746912,-0.05149589253088038,-0.0007842069821442444,0.31805821251003974,-0.004541787489960258,-0.014078696497086976,29.846517452116938,-3.6617825478830603,0.10927986641766549,0.5516606122255325,-0.005739387774467475,-0.010296712907189585,0.9807478129863739,0.002647812986373954,0.002707098442259436,0.10328716002404689,0.00018716002404689513,0.0018153251604936483,0.7628697782071279,-0.03203022179287218,-0.0402946556709928,83.683,10.578000000000003,0.14469598522672872,1.8309713341053189,0.23867133410531882,-0.14989093393538833
39,2026-07-26T09:49:47+00:00,2026-07-26T09:57:18+00:00,451.12,2bf5d50a322f29c21b5a8005078de6309d93901eeb9f1289d9697723a2765bc3,"A clear, natural, high-quality restored video with faithful scene structure, realistic fine details, stable edges, consistent textures across frames, natural colors, smooth motion, and strong temporal consistency.","blur, flickering, temporal inconsistency, unstable details, hallucinated textures, oversharpening, ringing artifacts, ghosting, warped structures, color shifts, noise, compression artifacts, excessive smoothing, low quality",3.000000,Low-CFG refinement with original text after cfg=1.0 led batch 1.,,coarse_cfg,0,0,completed,,f06b5365afa11a2f3d37458fdaaf72a4c87d768c06eb81f51fec19f24df5a11e,results_test/UDM10,2.2114557801492616,2,2,0.07478630435082323,0,0,26.459786304350825,0.07478630435082323,0.002834425027508934,0.782890241302612,0.008990241302611945,0.011616799719100589,0.2503859930701794,0.0011859930701793864,-0.0047592017262415185,0.12436474061781362,0.007664740617813623,-0.06567901129231897,0.39235527919184776,-0.014444720808152234,-0.03550816324521198,0.5547714077657269,-0.008928592234273114,-0.015839262434403253,4.9393881845383465,0.3795881845383464,-0.08324667409499241,32.593732064218045,1.0710320642180449,-0.033976533235352456,3.114514205148143,0.22341420514814336,0.07727654012249434,65.59802570958291,-0.06817429041709033,-0.0010381945417443118,0.31771468210124204,-0.004885317898757957,-0.015143576871537374,30.009375,-3.498925,0.10441965125058568,0.5588973194360733,0.001497319436073341,0.0026862566129769306,0.9802943587303161,0.0021943587303161483,0.002243491187318422,0.10851969011127949,0.00541969011127949,0.05256731436740534,0.7507028864747306,-0.04419711352526945,-0.05560084730817643,83.666,10.560999999999993,0.14446344299295524,1.8351303198141977,0.24283031981419767,-0.1525028699454862
40,2026-07-26T09:57:21+00:00,2026-07-26T10:03:24+00:00,363.297,995c68155a309e4e6adf44f27a072dd44d0b3d9f9bdd028f4534088f562fd459,"Faithful restoration of the input video, preserving original structure and identity, natural fine details, stable edges, realistic colors, temporal consistency, motion-consistent textures, minimal hallucination.","flickering, temporal inconsistency, unstable details, hallucinated textures, oversharpening, ringing artifacts, color shifts, ghosting, motion trails, warped structures, plastic texture, excessive smoothing, noise amplification",0.500000,Low-CFG fidelity prompt with artifact-focused negative prompt.,,prompt_negative_cfg,0,0,completed,,e37c52f6ecd07348de108edbf93ae0c15caa2cdb4b73f7e4b05c1d5ab6426297,results_test/UDM10,2.216239355899226,2,2,0.1392222755186019,0,0,26.524222275518603,0.1392222755186019,0.005276569092992301,0.7840270170578099,0.010127017057809828,0.013085692024563675,0.2507515123294246,0.0015515123294246036,-0.006225972429472727,0.12510163245662567,0.008401632456625674,-0.07199342293595265,0.3948965782600064,-0.011903421739993592,-0.029261115388381494,0.5581297199572285,-0.005570280042771492,-0.009881639245647493,4.925509036694311,0.36570903669431054,-0.08020286782190239,32.280683786878555,0.7579837868785546,-0.024045649226701857,3.1010814382183938,0.209981438218394,0.07263029235183632,65.54038440335181,-0.12581559664819508,-0.0019159871691706704,0.31832094331902844,-0.00427905668097156,-0.013264279854220584,29.506944225680446,-4.001355774319553,0.11941386982686537,0.5619434624910354,0.004543462491035433,0.008151170597480144,0.9813310205936432,0.003231020593643219,0.003303364271182107,0.10783922467380762,0.004739224673807621,0.04596726162761999,0.7533780448573381,-0.04152195514266199,-0.05223544488949804,83.66900000000001,10.564000000000007,0.14450447985773895,1.806339374476617,0.21403937447661692,-0.13442151257716317
41,2026-07-26T10:03:27+00:00,2026-07-26T10:09:34+00:00,367.429,e79637af1525a1984df0beb59c44d16996cbed0f8da02ac53fee69c2ca6526a4,"Faithful restoration of the input video, preserving original structure and identity, natural fine details, stable edges, realistic colors, temporal consistency, motion-consistent textures, minimal hallucination.","flickering, temporal inconsistency, unstable details, hallucinated textures, oversharpening, ringing artifacts, color shifts, ghosting, motion trails, warped structures, plastic texture, excessive smoothing, noise amplification",0.750000,Low-CFG fidelity prompt with artifact-focused negative prompt.,,prompt_negative_cfg,0,0,completed,,ce79b0bff86725826943a5beec358a3dbbcc49a04398cf26baebf3c2a66c7dab,results_test/UDM10,2.216255653136733,2,2,0.13402451053742226,0,0,26.519024510537424,0.13402451053742226,0.0050795721257313724,0.7840426350379355,0.010142635037935444,0.01310587290080817,0.2509073279798031,0.0017073279798030805,-0.006851235874009151,0.12542001681943094,0.008720016819430937,-0.0747216522659035,0.3946615949753792,-0.012138405024620769,-0.029838753747838665,0.5577577315991925,-0.005942268400807471,-0.01054154408516493,4.9281191916927956,0.3683191916927955,-0.08077529534032095,32.296345133899464,0.7736451338994641,-0.02454247681510353,3.103306310407577,0.2122063104075771,0.07339985140866007,65.51384194897068,-0.15235805102932432,-0.0023201898545876618,0.31852356005580196,-0.00407643994419804,-0.012636205654674645,29.478293929561495,-4.030006070438503,0.12026889070584015,0.5610244691371917,0.0036244691371917215,0.006502456292055475,0.9814685642719269,0.0033685642719268882,0.0034439876003751033,0.10622194744646549,0.0031219474464654895,0.030280770576774876,0.752820072162945,-0.04207992783705505,-0.052937385629708206,83.645,10.539999999999992,0.14417618493947051,1.8010474032780621,0.20874740327806207,-0.131098036348717
42,2026-07-26T10:09:35+00:00,2026-07-26T10:15:24+00:00,348.889,45a97a58cc6653f0f27639380e54f32ef84abce2adff83c942220962a7565aa2,"Faithful restoration of the input video, preserving original structure and identity, natural fine details, stable edges, realistic colors, temporal consistency, motion-consistent textures, minimal hallucination.","flickering, temporal inconsistency, unstable details, hallucinated textures, oversharpening, ringing artifacts, color shifts, ghosting, motion trails, warped structures, plastic texture, excessive smoothing, noise amplification",1.000000,Low-CFG fidelity prompt with artifact-focused negative prompt.,,prompt_negative_cfg,0,0,completed,,23f72ccec44502cbe53345fc557e2b7c7b25129ecf9fbc0198b37eaef4587911,results_test/UDM10,2.2163628855667397,2,2,0.12798610933365495,0,0,26.512986109333657,0.12798610933365495,0.004850714774821108,0.7840301242371381,0.010130124237138105,0.01308970698686924,0.2510659976111304,0.0018659976111304044,-0.007487951890571446,0.12570523446606052,0.009005234466060524,-0.07716567665861632,0.39475286569326157,-0.012047134306738427,-0.029614391117842743,0.5578912723448969,-0.005808727655103096,-0.010304643702506824,4.94435182971119,0.3845518297111896,-0.08433524051738883,32.342534908577655,0.8198349085776542,-0.026007762932034825,3.1029784375621423,0.21187843756214253,0.07328644376263102,65.49328996596797,-0.17291003403202865,-0.0026331664392340143,0.3187035143856079,-0.003896485614392098,-0.012078380701773398,29.423902942288304,-4.084397057711694,0.12189210009793676,0.5611337780952453,0.0037337780952453326,0.006698561347767012,0.9815264642238617,0.003426464223861725,0.003503183952419717,0.10562920793890954,0.002529207938909539,0.02453159979543685,0.7439190085294056,-0.05098099147059443,-0.06413510060459734,83.849,10.744,0.1469666917447507,1.8047289389263217,0.21242893892632164,-0.13341012304611044
43,2026-07-26T10:15:25+00:00,2026-07-26T10:21:26+00:00,360.916,ebcf8718f18264b4a853d448bcc447e15ddf5f83805503ecfb26c7d3368be92b,"Faithful restoration of the input video, preserving original structure and identity, natural fine details, stable edges, realistic colors, temporal consistency, motion-consistent textures, minimal hallucination.","flickering, temporal inconsistency, unstable details, hallucinated textures, oversharpening, ringing artifacts, color shifts, ghosting, motion trails, warped structures, plastic texture, excessive smoothing, noise amplification",1.250000,Low-CFG fidelity prompt with artifact-focused negative prompt.,,prompt_negative_cfg,0,0,completed,,b0bd7b7015aa17444c23d2b68503693f807d0a805453369e9b90f1e9e6e81742,results_test/UDM10,2.2163202502934394,2,2,0.12113677117132582,0,0,26.506136771171327,0.12113677117132582,0.00459112265193579,0.7840015341849738,0.010101534184973726,0.013052764162002487,0.2511862584419789,0.0019862584419788887,-0.007970539494297307,0.12598434513615026,0.009284345136150257,-0.07955737048971943,0.39430964017106646,-0.01249035982893354,-0.030703932716159142,0.557773680071677,-0.005926319928322932,-0.010513251602488793,4.937578029867343,0.37777802986734255,-0.08284969293989704,32.36384482447,0.8411448244699997,-0.026683781036205646,3.1050637787388213,0.21396377873882155,0.07400774056200808,65.47055891713788,-0.19564108286212445,-0.0029793270032699385,0.3188098165056398,-0.003790183494360222,-0.011748863900682647,29.391364116053428,-4.116935883946571,0.1228631677508728,0.5517470061779022,-0.005652993822097829,-0.01014171837477185,0.9816657662391662,0.003565766239166268,0.0036456049884125022,0.10010255966335535,-0.0029974403366446467,-0.02907313614592286,0.755564226769341,-0.039335773230659066,-0.04948518459008563,83.797,10.691999999999993,0.14625538608850275,1.806518159234353,0.21421815923435306,-0.13453379340221883
44,2026-07-26T10:21:26+00:00,2026-07-26T10:27:32+00:00,365.494,1cce3d33ee6a8d8a90eb9f7c92199e05be187ef1035e4180f779c5f14e61c668,"Faithful restoration of the input video, preserving original structure and identity, natural fine details, stable edges, realistic colors, temporal consistency, motion-consistent textures, minimal hallucination.","flickering, temporal inconsistency, unstable details, hallucinated textures, oversharpening, ringing artifacts, color shifts, ghosting, motion trails, warped structures, plastic texture, excessive smoothing, noise amplification",1.500000,Low-CFG fidelity prompt with artifact-focused negative prompt.,,prompt_negative_cfg,0,0,completed,,e9c4c82f773377d1749d99ddbc29661ec25e6e3acbd923508a6900d253b700dc,results_test/UDM10,2.216431112650269,2,2,0.11284451761553171,0,0,26.497844517615533,0.11284451761553171,0.004276843570799003,0.7839524402084302,0.010052440208430213,0.01298932705573099,0.2513407979040377,0.002140797904037678,-0.008590681797904004,0.12627303254219796,0.009573032542197962,-0.08203112718250181,0.39419984399311003,-0.012600156006889962,-0.030973834825196563,0.5578434561529466,-0.005856543847053364,-0.01038946930468931,4.943246533645426,0.3834465336454258,-0.08409284039769854,32.38938603369213,0.8666860336921332,-0.02749402918189537,3.1076701548791705,0.21657015487917075,0.07490925768018082,65.44790849993305,-0.21829150006695386,-0.003324259665809105,0.31888335315931227,-0.0037166468406877318,-0.01152091395129489,29.359602602066538,-4.148697397933461,0.12381103780058854,0.5566878587007522,-0.0007121412992477927,-0.0012776126645995562,0.9817685663700104,0.003668566370010451,0.003750706850026021,0.10381152462214231,0.0007115246221423149,0.006901305743378419,0.7500064347071993,-0.04489356529280075,-0.056476997474903444,83.752,10.646999999999991,0.14563983311674975,1.806581938241531,0.21428193824153086,-0.13457384804467176
45,2026-07-26T10:27:33+00:00,2026-07-26T10:33:35+00:00,362.831,200417fe77d8c4e813bb790d47b701ef9cdfd4d0034337fb2c5fcb029a34ffd6,"Faithful restoration of the input video, preserving original structure and identity, natural fine details, stable edges, realistic colors, temporal consistency, motion-consistent textures, minimal hallucination.","flickering, temporal inconsistency, unstable details, hallucinated textures, oversharpening, ringing artifacts, color shifts, ghosting, motion trails, warped structures, plastic texture, excessive smoothing, noise amplification",2.000000,Low-CFG fidelity prompt with artifact-focused negative prompt.,,prompt_negative_cfg,0,0,completed,,6f4b1845856131b109f3faf480edbecf673cf3a3ccd5d348bb8faf9c68010792,results_test/UDM10,2.2164621028668687,2,2,0.09395319538731428,0,0,26.478953195387316,0.09395319538731428,0.003560856372458377,0.7837905571423345,0.009890557142334444,0.012780148781928471,0.2516363609702356,0.0024363609702356126,-0.009776729415070677,0.1267898123110494,0.010089812311049412,-0.08645940283675589,0.3940684427176752,-0.012731557282324779,-0.031296846810041246,0.5575148229637453,-0.006185177036254652,-0.010972462366958759,4.9480749488079905,0.3882749488079904,-0.08515174981534067,32.41974019054468,0.8970401905446792,-0.028456959287899805,3.1091859986705166,0.2180859986705168,0.07543357153696408,65.39943923334923,-0.2667607666507763,-0.00406237556993973,0.318995804652091,-0.0036041953479090116,-0.011172335238403632,29.294224892893148,-4.214075107106851,0.12576212780436044,0.5551623970270156,-0.002237602972984365,-0.004014357683861437,0.9812123954296113,0.003112395429611281,0.003182083048370597,0.1041538618505001,0.001053861850500104,0.010221744427741068,0.7524617803116846,-0.042438219688315404,-0.0533881239002584,83.78999999999999,10.684999999999988,0.14615963340400775,1.8094312189835668,0.2171312189835668,-0.13636326005373786
46,2026-07-26T10:33:36+00:00,2026-07-26T10:39:32+00:00,356.383,fbfce50be7b25dcfc85277933bc01dc0a62040cf1e0a2c03bf85fdc29f76832b,"Faithful restoration of the input video, preserving original structure and identity, natural fine details, stable edges, realistic colors, temporal consistency, motion-consistent textures, minimal hallucination.","flickering, temporal inconsistency, unstable details, hallucinated textures, oversharpening, ringing artifacts, color shifts, ghosting, motion trails, warped structures, plastic texture, excessive smoothing, noise amplification",2.500000,Low-CFG fidelity prompt with artifact-focused negative prompt.,,prompt_negative_cfg,0,0,completed,,7303eb372c3f0ce79d12f201979e6c0b77028e0d7460a6c9104f6a549737547e,results_test/UDM10,2.215672889136235,2,2,0.07150280367943296,0,0,26.456502803679435,0.07150280367943296,0.00270997929427451,0.7835613680008293,0.009661368000829285,0.012484000517934208,0.25189274739353884,0.0026927473935388357,-0.010805567389802711,0.12719888783270314,0.010498887832703141,-0.0899647629194785,0.3926050374104131,-0.014194962589586912,-0.0348942049891517,0.5563535759525915,-0.007346424047408484,-0.013032506736577052,4.952271228230275,0.39247122823027514,-0.08607202689378375,32.4523004077392,0.9296004077392013,-0.029489872623195388,3.1100805813266383,0.21898058132663856,0.07574299793387934,65.35140277493386,-0.31479722506614394,-0.004793900439893643,0.3189363680779934,-0.0036636319220065827,-0.011356577563566592,29.234842804939518,-4.27345719506048,0.127534288372149,0.553642624616623,-0.0037573753833770596,-0.006740895915638786,0.981011563539505,0.0029115635395050576,0.0029767544622278474,0.10417214334011078,0.0010721433401107844,0.01039906246470208,0.7453674853842047,-0.04953251461579533,-0.06231288793029982,83.675,10.569999999999993,0.14458655358730582,1.8104357972576204,0.21813579725762033,-0.1369941576697986
47,2026-07-26T10:39:40+00:00,2026-07-26T10:45:39+00:00,359.498,fe76abd7cee973c427b00429e8e9f7ec3891d5384dc4246bb18bca675a0dd638,"Faithful restoration of the input video, preserving original structure and identity, natural fine details, stable edges, realistic colors, temporal consistency, motion-consistent textures, minimal hallucination.","blur, flickering, temporal inconsistency, ghosting, warped structures, hallucinated textures, oversharpening, ringing artifacts, compression artifacts, color shifts, plastic texture, noise amplification",0.500000,Low-CFG fidelity prompt with artifact-focused negative prompt.,,prompt_negative_cfg,0,0,completed,,d2ac62d5ad136d4974ab94ac47bcdc6e2711736a5b9540bdecd258391c90a8f5,results_test/UDM10,2.2166457477648494,2,2,0.13002785221223334,0,0,26.515027852212235,0.13002785221223334,0.004928097487672288,0.7840486263583697,0.010148626358369661,0.013113614625106164,0.2506213100927491,0.001421310092749123,-0.0057034915439370905,0.1251183054139537,0.008418305413953692,-0.07213629317869487,0.39514655994792136,-0.011653440052078634,-0.02864660779763676,0.5580827075627542,-0.005617292437245736,-0.009965038916526052,4.93170819319031,0.3719081931903103,-0.08156239159399761,32.25277254218361,0.7300725421836063,-0.023160216040618548,3.109926269131322,0.21882626913132208,0.07568962302629521,65.56889403558547,-0.09730596441453088,-0.0014818272477245657,0.3187273532392518,-0.003872646760748222,-0.012004484689238133,29.618362131426416,-3.8899378685735826,0.1160887860193917,0.5663349956274033,0.008934995627403297,0.016029773282029595,0.9811762928962707,0.0030762928962707603,0.0031451721667219716,0.11119270585477352,0.008092705854773521,0.07849375222864716,0.7562188113119207,-0.03868118868807935,-0.04866170422453057,83.76499999999999,10.659999999999982,0.1458176595308116,1.810850805826097,0.21855080582609698,-0.13725479232939583
48,2026-07-26T10:45:40+00:00,2026-07-26T10:51:51+00:00,371.299,54ace4abfaa2846f811577a35a4b189e94037ee588768f5e2e6157f5fb431ce2,"Faithful restoration of the input video, preserving original structure and identity, natural fine details, stable edges, realistic colors, temporal consistency, motion-consistent textures, minimal hallucination.","blur, flickering, temporal inconsistency, ghosting, warped structures, hallucinated textures, oversharpening, ringing artifacts, compression artifacts, color shifts, plastic texture, noise amplification",0.750000,Low-CFG fidelity prompt with artifact-focused negative prompt.,,prompt_negative_cfg,0,0,completed,,e5ef8897d6ddab7fbd27bf2bf55e08b754a056d22337d6b57d19f8473b548a76,results_test/UDM10,2.216695293256616,2,2,0.1296717932916458,0,0,26.514671793291647,0.1296717932916458,0.004914602739876665,0.7840511293284258,0.010151129328425768,0.013116848854407245,0.2508350207920998,0.0016350207920997895,-0.006561078619983104,0.1254462565145185,0.008746256514518491,-0.07494649969595965,0.3950608313083649,-0.011739168691635105,-0.028857346832927986,0.55815687025747,-0.0055431297425300174,-0.009833474796044026,4.938660444419671,0.37886044441967126,-0.08308707496374211,32.28715311665284,0.7644531166528381,-0.024250876880877528,3.107241335607344,0.21614133560734405,0.07476093376477606,65.53242640341483,-0.13377359658517207,-0.002037175846709145,0.31873914298992,-0.0038608570100799877,-0.011967938654928666,29.519038637222785,-3.9892613627772135,0.11905293204302259,0.5580679595470428,0.0006679595470427957,0.0011983486671022527,0.9814364850521088,0.0033364850521088174,0.0034111901156413634,0.10454859212040901,0.0014485921204090146,0.01405036004276445,0.7532612360360267,-0.04163876396397337,-0.052382392708483286,83.81400000000001,10.709000000000003,0.14648792832227622,1.8071012889170865,0.2148012889170865,-0.13490001188035325
49,2026-07-26T10:51:52+00:00,2026-07-26T10:57:42+00:00,349.92,06086b7e64e6b1a33f9c3675e914e1569560687550c45a9051d1f311b967da30,"Faithful restoration of the input video, preserving original structure and identity, natural fine details, stable edges, realistic colors, temporal consistency, motion-consistent textures, minimal hallucination.","blur, flickering, temporal inconsistency, ghosting, warped structures, hallucinated textures, oversharpening, ringing artifacts, compression artifacts, color shifts, plastic texture, noise amplification",1.000000,Low-CFG fidelity prompt with artifact-focused negative prompt.,,prompt_negative_cfg,0,0,completed,,25afc758ce15e0a6505165ece7cb5d0e9229750ea9a13be45d943d5bcf78f0f3,results_test/UDM10,2.2163628855667397,2,2,0.12798610933365495,0,0,26.512986109333657,0.12798610933365495,0.004850714774821108,0.7840301242371381,0.010130124237138105,0.01308970698686924,0.2510659976111304,0.0018659976111304044,-0.007487951890571446,0.12570523446606052,0.009005234466060524,-0.07716567665861632,0.39475286569326157,-0.012047134306738427,-0.029614391117842743,0.5578912723448969,-0.005808727655103096,-0.010304643702506824,4.94435182971119,0.3845518297111896,-0.08433524051738883,32.342534908577655,0.8198349085776542,-0.026007762932034825,3.1029784375621423,0.21187843756214253,0.07328644376263102,65.49328996596797,-0.17291003403202865,-0.0026331664392340143,0.3187035143856079,-0.003896485614392098,-0.012078380701773398,29.423902942288304,-4.084397057711694,0.12189210009793676,0.5543015033006669,-0.003098496699333153,-0.005558838714268305,0.9815264642238617,0.003426464223861725,0.003503183952419717,0.10258332919329405,-0.0005166708067059489,-0.005011356030125595,0.7584058367049676,-0.03649416329503241,-0.04591038280919916,83.852,10.747,0.14700772860953423,1.8047289389263217,0.21242893892632164,-0.13341012304611044
50,2026-07-26T10:57:43+00:00,2026-07-26T11:03:48+00:00,365.422,51e31f68b628b8da46425ced9b4e9b1ea9bc207555996cc83d8f048085d201b1,"Faithful restoration of the input video, preserving original structure and identity, natural fine details, stable edges, realistic colors, temporal consistency, motion-consistent textures, minimal hallucination.","blur, flickering, temporal inconsistency, ghosting, warped structures, hallucinated textures, oversharpening, ringing artifacts, compression artifacts, color shifts, plastic texture, noise amplification",1.250000,Low-CFG fidelity prompt with artifact-focused negative prompt.,,prompt_negative_cfg,0,0,completed,,8d03cacf444d3d5d65f16b5c67e0dd5f34cd3bda31e94857f3861aa078684cea,results_test/UDM10,2.2160372760114333,2,2,0.12503921877953417,0,0,26.510039218779536,0.12503921877953417,0.004739026673471069,0.783981348190331,0.010081348190331019,0.013026680695607983,0.2512682377090377,0.002068237709037718,-0.008299509265801436,0.12598178213642489,0.009281782136424888,-0.07953540819558601,0.3941838010184227,-0.012616198981577287,-0.031013271832785856,0.5575565343902957,-0.006143465609704246,-0.01089846657744234,4.94747959181521,0.3876795918152096,-0.0850211833447102,32.36801495140135,0.8453149514013489,-0.026816070685612238,3.1019026325595,0.21080263255950005,0.07291433452993673,65.44203160193658,-0.22416839806342637,-0.003413756210400881,0.3186249703649552,-0.003975029635044813,-0.012321852557485472,29.359636860509074,-4.148663139490925,0.1238100154138206,0.5576647847890854,0.000264784789085426,0.0004750355024855149,0.9815619587898254,0.00346195878982547,0.003539473254090042,0.10413752347230912,0.001037523472309121,0.010063273252270815,0.7527652368367898,-0.0421347631632103,-0.0530063695599576,83.751,10.646,0.14562615416182204,1.798903376184171,0.20660337618417102,-0.12975153939846198
51,2026-07-26T11:03:48+00:00,2026-07-26T11:09:48+00:00,359.426,7759d3e44890c6113866d7cccbf24769c74b959b3b6ec2d8ea40f0c467e19a00,"Faithful restoration of the input video, preserving original structure and identity, natural fine details, stable edges, realistic colors, temporal consistency, motion-consistent textures, minimal hallucination.","blur, flickering, temporal inconsistency, ghosting, warped structures, hallucinated textures, oversharpening, ringing artifacts, compression artifacts, color shifts, plastic texture, noise amplification",1.500000,Low-CFG fidelity prompt with artifact-focused negative prompt.,,prompt_negative_cfg,0,0,completed,,a34a318ac1aec30f7d281f79fde1e38c0e0f243c6320de29193447690f94e04c,results_test/UDM10,2.216202706259974,2,2,0.1214242885958754,0,0,26.506424288595877,0.1214242885958754,0.004602019654950744,0.783911737317167,0.01001173731716698,0.012936732545764284,0.2514851708325647,0.0022851708325647146,-0.009170027417996447,0.12624705703027786,0.009547057030277861,-0.08180854353280087,0.39407566646414416,-0.012724333535855836,-0.03127908932117954,0.5575354847215837,-0.006164515278416327,-0.010935808547838082,4.940246508071224,0.38044650807122427,-0.08343491119593496,32.35495201088279,0.8322520108827902,-0.026401672790807584,3.099080347245739,0.20798034724573933,0.07193813678037403,65.40768424618628,-0.25851575381372527,-0.00393681610651637,0.31850095540285106,-0.0040990445971489375,-0.01270627587460923,29.26144231980847,-4.246857680191528,0.12674046968039346,0.5579064607620239,0.0005064607620238748,0.0009086127772225956,0.981660807132721,0.003560807132721,0.003640534845845006,0.10388424471020699,0.0007842447102069938,0.007606641224122151,0.7548526908032669,-0.04004730919673316,-0.05038031097840377,83.856,10.75099999999999,0.14706244442924546,1.8017885055451188,0.20948850554511877,-0.13156346514169362
52,2026-07-26T11:09:49+00:00,2026-07-26T11:15:50+00:00,361.347,2e1345350ad585a813562bc7156b1586449ae623d80631a0795f06c90ba62ed2,"Faithful restoration of the input video, preserving original structure and identity, natural fine details, stable edges, realistic colors, temporal consistency, motion-consistent textures, minimal hallucination.","blur, flickering, temporal inconsistency, ghosting, warped structures, hallucinated textures, oversharpening, ringing artifacts, compression artifacts, color shifts, plastic texture, noise amplification",2.000000,Low-CFG fidelity prompt with artifact-focused negative prompt.,,prompt_negative_cfg,0,0,completed,,02454ba523319819787d58224fa1df6c3f6b2aa4b12c7eb03b67d27cd03463c5,results_test/UDM10,2.2152144326067313,2,2,0.11021112134379152,0,0,26.495211121343793,0.11021112134379152,0.00417703700374423,0.7836946033582788,0.009794603358278753,0.012656161465665786,0.2519166122521123,0.0027166122521123104,-0.010901333274929014,0.12670608778153697,0.010006087781536971,-0.08574196899346162,0.39289880789095355,-0.013901192109046445,-0.03417205533197258,0.5569432056719256,-0.006756794328074411,-0.011986507589275167,4.943921791171911,0.3841217911719106,-0.08424092968373845,32.44660659800576,0.9239065980057575,-0.029309246923828147,3.0932062902758197,0.20210629027581994,0.06990636445498943,65.31901537987494,-0.3471846201250628,-0.005287113006768517,0.3180711039131688,-0.004528896086831213,-0.014038735545044059,29.10570068359375,-4.402599316406249,0.13138832218901733,0.5652218699455261,0.007821869945526139,0.014032777082034695,0.981790953874588,0.0036909538745880655,0.0037735956186361985,0.10962422080338001,0.0065242208033800125,0.06328051215693514,0.7524375464202817,-0.04246245357971834,-0.05341861061733342,83.543,10.438000000000002,0.1427809315368306,1.788999621542947,0.19669962154294685,-0.12353176005962874
53,2026-07-26T11:15:50+00:00,2026-07-26T11:21:45+00:00,354.808,3831334f7d141b7395ec82f95124d9fbf8221a0150989ecd58015468892b5fff,"Faithful restoration of the input video, preserving original structure and identity, natural fine details, stable edges, realistic colors, temporal consistency, motion-consistent textures, minimal hallucination.","blur, flickering, temporal inconsistency, ghosting, warped structures, hallucinated textures, oversharpening, ringing artifacts, compression artifacts, color shifts, plastic texture, noise amplification",2.500000,Low-CFG fidelity prompt with artifact-focused negative prompt.,,prompt_negative_cfg,0,0,completed,,7273dacaeac04df9cae899f6e92b30871cd43e66bb76699d2974ef21174ca8a9,results_test/UDM10,2.2143621288204787,2,2,0.09429872082125712,0,0,26.47929872082126,0.09429872082125712,0.003573951897716775,0.7833653856308815,0.009465385630881507,0.012230760603284024,0.2523636287018176,0.0031636287018176057,-0.012695139252879637,0.1271323246340598,0.010432324634059797,-0.08939438418217478,0.3919237865074988,-0.014876213492501178,-0.03656886305924577,0.5560974646960534,-0.0076025353039466115,-0.013486846379185048,4.9402649058042405,0.3804649058042404,-0.08343894596347218,32.45083931283352,0.9281393128335225,-0.029443522059770338,3.084281411478597,0.19318141147859702,0.06681934608923837,65.23194465637208,-0.4342553436279246,-0.006613072533935641,0.31748819339179224,-0.0051118066082077585,-0.015845649746459262,28.96211134387601,-4.546188656123988,0.13567350943270737,0.5495051920413971,-0.007894807958602867,-0.01416363107033166,0.9813549935817718,0.0032549935817718367,0.00332787402287275,0.10055996626615524,-0.00254003373384476,-0.024636602656108245,0.756494518247294,-0.03840548175270608,-0.04831485941968308,83.526,10.420999999999992,0.14254838930305713,1.7858203486927473,0.19352034869274726,-0.12153510562880566
54,2026-07-26T11:21:46+00:00,2026-07-26T11:27:48+00:00,362.738,fb33bdddc3befc4db8c5c94f76f34eeab82110d787f9abb526c014981835149a,"Faithful restoration of the input video, preserving original structure and identity, natural fine details, stable edges, realistic colors, temporal consistency, motion-consistent textures, minimal hallucination.","unstable edges, temporal jitter, motion trails, ghosting, hallucinated details, fake textures, oversharpening, ringing, color shifts, excessive smoothing, noise amplification, distorted structures",0.500000,Low-CFG fidelity prompt with artifact-focused negative prompt.,,prompt_negative_cfg,0,0,completed,,8d1f214aa499037c3af75ce9f4e9fcc87e81de5737a263a5f156205ebd16a645,results_test/UDM10,2.214819217742001,2,2,0.13671331836330936,0,0,26.52171331836331,0.13671331836330936,0.005181478808539297,0.7841012414919353,0.010201241491935242,0.013181601617696397,0.25093236930908697,0.0017323693090869619,-0.006951722749145112,0.1255731015436111,0.008873101543611095,-0.0760334322503093,0.39431346698153397,-0.012486533018466028,-0.03069452561078178,0.5576369699931913,-0.006063030006808634,-0.010755774360135948,4.933490756402476,0.3736907564024756,-0.08195332172517997,32.37840455837581,0.8557045583758125,-0.02714566196346799,3.0964019571581196,0.20530195715811983,0.07101171082221987,65.45596176885789,-0.21023823114211382,-0.003201620181190838,0.31783347288447045,-0.004766527115529551,-0.01477534753728937,29.510902454007056,-3.9973975459929427,0.11929574302465189,0.559062197804451,0.0016621978044509822,0.0029820556233422714,0.9811013698577881,0.0030013698577880943,0.003068571575286877,0.10494368113577365,0.001843681135773656,0.017882455245137305,0.7531611877786786,-0.041738812221321475,-0.05250825540485781,83.759,10.653999999999996,0.14573558580124474,1.8018566546864652,0.20955665468646512,-0.1316062643261101
55,2026-07-26T11:27:50+00:00,2026-07-26T11:33:54+00:00,364.399,b2a8500bbef68eca087681bc32587853ac50a556436601e3c2d13f33d67f978b,"Faithful restoration of the input video, preserving original structure and identity, natural fine details, stable edges, realistic colors, temporal consistency, motion-consistent textures, minimal hallucination.","unstable edges, temporal jitter, motion trails, ghosting, hallucinated details, fake textures, oversharpening, ringing, color shifts, excessive smoothing, noise amplification, distorted structures",0.750000,Low-CFG fidelity prompt with artifact-focused negative prompt.,,prompt_negative_cfg,0,0,completed,,68f6929b7dd12139715f2defb57c316b9db2b3ea68d64a8669eafb68593db37a,results_test/UDM10,2.2158353569971494,2,2,0.13275048163629322,0,0,26.517750481636295,0.13275048163629322,0.005031286019946682,0.7840761234251612,0.010176123425161165,0.0131491451416994,0.25098402598692526,0.0017840259869252584,-0.007159012788624632,0.1256555647619309,0.008955564761930906,-0.07674005794285267,0.3948032636315592,-0.011996736368440786,-0.029490502380631233,0.5576834737293181,-0.006016526270681832,-0.010673277045736796,4.934254345128475,0.3744543451284752,-0.0821207827379436,32.33980199482558,0.8171019948255775,-0.0259210662419646,3.1009025904440115,0.20980259044401173,0.07256843085469605,65.47047784866825,-0.19572215133175064,-0.0029805615572661526,0.3182290093071999,-0.004370990692800114,-0.013549258192188822,29.45735650831653,-4.050943491683469,0.12089373354313616,0.5531575679779053,-0.004242432022094733,-0.007611108758691663,0.9812778353691101,0.0031778353691100936,0.003248988210929449,0.10111736841499805,-0.0019826315850019482,-0.019230180261900567,0.7589200309841677,-0.035979969015832336,-0.04526351618547281,83.816,10.710999999999999,0.14651528623213184,1.8021727434097556,0.2098727434097556,-0.13180477511132047
56,2026-07-26T11:33:55+00:00,2026-07-26T11:39:35+00:00,339.611,15c36f0d1a99ab06454b0f2ea99fbaac1672feb42c05124f8a59674af8d6a886,"Faithful restoration of the input video, preserving original structure and identity, natural fine details, stable edges, realistic colors, temporal consistency, motion-consistent textures, minimal hallucination.","unstable edges, temporal jitter, motion trails, ghosting, hallucinated details, fake textures, oversharpening, ringing, color shifts, excessive smoothing, noise amplification, distorted structures",1.000000,Low-CFG fidelity prompt with artifact-focused negative prompt.,,prompt_negative_cfg,0,0,completed,,10aa243e79d4cfc4faa31e13064230f3e0f501c11fccb1740c58ff5f9dd26455,results_test/UDM10,2.2163628855667397,2,2,0.12798610933365495,0,0,26.512986109333657,0.12798610933365495,0.004850714774821108,0.7840301242371381,0.010130124237138105,0.01308970698686924,0.2510659976111304,0.0018659976111304044,-0.007487951890571446,0.12570523446606052,0.009005234466060524,-0.07716567665861632,0.39475286569326157,-0.012047134306738427,-0.029614391117842743,0.5578912723448969,-0.005808727655103096,-0.010304643702506824,4.94435182971119,0.3845518297111896,-0.08433524051738883,32.342534908577655,0.8198349085776542,-0.026007762932034825,3.1029784375621423,0.21187843756214253,0.07328644376263102,65.49328996596797,-0.17291003403202865,-0.0026331664392340143,0.3187035143856079,-0.003896485614392098,-0.012078380701773398,29.423902942288304,-4.084397057711694,0.12189210009793676,0.5552895098924637,-0.002110490107536278,-0.0037863116389240726,0.9815264642238617,0.003426464223861725,0.003503183952419717,0.10100679285824299,-0.0020932071417570086,-0.020302688086876904,0.7602275470251716,-0.03467245297482846,-0.043618635016767465,83.85,10.74499999999999,0.1469803706996784,1.8047289389263217,0.21242893892632164,-0.13341012304611044
57,2026-07-26T11:39:36+00:00,2026-07-26T11:45:43+00:00,367.715,9c6080f3cccd03d111963d60c83a3c364ad0691190668cf712eeb3df8178750f,"Faithful restoration of the input video, preserving original structure and identity, natural fine details, stable edges, realistic colors, temporal consistency, motion-consistent textures, minimal hallucination.","unstable edges, temporal jitter, motion trails, ghosting, hallucinated details, fake textures, oversharpening, ringing, color shifts, excessive smoothing, noise amplification, distorted structures",1.250000,Low-CFG fidelity prompt with artifact-focused negative prompt.,,prompt_negative_cfg,0,0,completed,,b6923454cea741fd47222832a3ab37d0a7e0907c309c631133c6021af14f8e91,results_test/UDM10,2.2169570507283813,2,2,0.12230198275657855,0,0,26.50730198275658,0.12230198275657855,0.004635284546392972,0.7839645355846595,0.010064535584659473,0.013004956176068578,0.25109218024919105,0.00189218024919105,-0.007593018656464888,0.125728129571484,0.009028129571483995,-0.07736186436575831,0.3945219812373961,-0.01227801876260387,-0.030181953693716495,0.5579062827171819,-0.005793717282818078,-0.010278015403260739,4.933494074873933,0.37369407487393325,-0.08195404949206835,32.296984118615,0.7742841186150002,-0.024562747436450566,3.10770917207964,0.21660917207964037,0.07492275330484603,65.50915003745786,-0.1570499625421462,-0.002391640791490085,0.3190500140190124,-0.003549985980987602,-0.01100429628328457,29.4137447234123,-4.094555276587698,0.12219525540202572,0.5598004102706909,0.0024004102706909336,0.0043064411027824425,0.9817041397094727,0.003604139709472709,0.003684837654097443,0.10555849894881249,0.0024584989488124903,0.023845770599539188,0.7549160808031949,-0.03998391919680511,-0.05030056509850938,83.777,10.671999999999997,0.14598180698994592,1.805366504995618,0.21306650499561797,-0.13381052879207309
58,2026-07-26T11:45:44+00:00,2026-07-26T11:51:42+00:00,357.48,3cec500563a57553871df1111a1a2dbfb36d1c9f18ce5d0d17f60f93bd3d5d6c,"Faithful restoration of the input video, preserving original structure and identity, natural fine details, stable edges, realistic colors, temporal consistency, motion-consistent textures, minimal hallucination.","unstable edges, temporal jitter, motion trails, ghosting, hallucinated details, fake textures, oversharpening, ringing, color shifts, excessive smoothing, noise amplification, distorted structures",1.500000,Low-CFG fidelity prompt with artifact-focused negative prompt.,,prompt_negative_cfg,0,0,completed,,c259438791502bdccb5d566ca25c8ffd1cba3b7e2f2e35452d5fd237f4f77729,results_test/UDM10,2.2177964316933676,2,2,0.11530806756789147,0,0,26.500308067567893,0.11530806756789147,0.0043702129076328014,0.7838670237966204,0.0099670237966204,0.012878955674661326,0.251142174293918,0.001942174293917992,-0.007793636813475088,0.1257827804934594,0.009082780493459397,-0.07783016703906938,0.39441828756563124,-0.012381712434368752,-0.030436854558428594,0.5579572282491191,-0.005742771750880893,-0.010187638373036887,4.934948254256481,0.375148254256481,-0.08227296246688034,32.25428549937679,0.7315854993767914,-0.02320821184025453,3.112794856102236,0.22169485610223605,0.07668183601474735,65.53028598908455,-0.13591401091545663,-0.0020697712204369467,0.3194050244265987,-0.003194975573401315,-0.009903830047741213,29.363340316280244,-4.144959683719755,0.12369949187872124,0.5568532258272171,-0.0005467741727829267,-0.0009809368008305108,0.9818094670772552,0.0037094670772552796,0.003792523338365484,0.10413253605365753,0.0010325360536575373,0.010014898677570683,0.7499111980699916,-0.044988801930008426,-0.056596807057502106,83.732,10.626999999999995,0.14536625401819295,1.8105926781087571,0.21829267810875708,-0.13709268235179117
59,2026-07-26T11:51:43+00:00,2026-07-26T11:57:39+00:00,356.209,a9a3b025e135dc831db480c1b83c003545cc1adebd1e23bee0f62b697ea0f7d2,"Faithful restoration of the input video, preserving original structure and identity, natural fine details, stable edges, realistic colors, temporal consistency, motion-consistent textures, minimal hallucination.","unstable edges, temporal jitter, motion trails, ghosting, hallucinated details, fake textures, oversharpening, ringing, color shifts, excessive smoothing, noise amplification, distorted structures",2.000000,Low-CFG fidelity prompt with artifact-focused negative prompt.,,prompt_negative_cfg,0,0,completed,,6bcba4c872e914ba7663900954e1769efa6eeb6fd655e16df0d0956ec6cbcc14,results_test/UDM10,2.218561032370572,2,2,0.09859310396256049,0,0,26.483593103962562,0.09859310396256049,0.003736710402219461,0.7836166739004335,0.009716673900433515,0.01255546440164558,0.25122868848904484,0.002028688489044833,-0.0081408045306775,0.12576810775264616,0.00906810775264616,-0.07770443661222073,0.39403296170696134,-0.012767038293038657,-0.03138406660039001,0.5578516322758891,-0.005848367724110903,-0.010374964917706056,4.931099989234387,0.37129998923438734,-0.08142900768331666,32.22457706757902,0.7018770675790194,-0.022265766180530836,3.1202200132031592,0.22912001320315944,0.07925011698078914,65.55410084878245,-0.11209915121754932,-0.0017071058050800764,0.31992788370097835,-0.002672116299021643,-0.008283063543154504,29.330080487651212,-4.178219512348786,0.12469207666007485,0.5519145458936692,-0.005485454106330834,-0.009841144790690409,0.9815502226352691,0.0034502226352691734,0.0035274743229415945,0.10313311927020549,3.311927020549499e-05,0.0003212344345828806,0.7583941154448517,-0.03650588455514836,-0.04592512838740515,83.75200000000001,10.647000000000006,0.14563983311674994,1.8120408396498533,0.21974083964985325,-0.13800216017701014
60,2026-07-26T11:57:40+00:00,2026-07-26T12:03:38+00:00,358.797,7606ece34b70d39f60f4f13e3ef7ac6bab5dc47967772e4670721e4091869103,"Faithful restoration of the input video, preserving original structure and identity, natural fine details, stable edges, realistic colors, temporal consistency, motion-consistent textures, minimal hallucination.","unstable edges, temporal jitter, motion trails, ghosting, hallucinated details, fake textures, oversharpening, ringing, color shifts, excessive smoothing, noise amplification, distorted structures",2.500000,Low-CFG fidelity prompt with artifact-focused negative prompt.,,prompt_negative_cfg,0,0,completed,,a1183e789fab28572cd02b892294a9dacf786db95fd57eca148148cae603797d,results_test/UDM10,2.2192396074871996,2,2,0.07795179551646925,0,0,26.46295179551647,0.07795179551646925,0.0029543981624585653,0.7832742478088782,0.009374247808878189,0.012112996264217843,0.2513433154071531,0.0021433154071530958,-0.008600784137853514,0.12573514657635843,0.009035146576358427,-0.0774219929422316,0.39353108982886037,-0.013268910171139625,-0.03261777328205414,0.5574791274724469,-0.006220872527553101,-0.011035785927892675,4.922986574560553,0.3631865745605527,-0.07964967203836851,32.17183779862071,0.649137798620707,-0.020592709337103325,3.125918910580297,0.23481891058029714,0.08122130351087722,65.57675063225531,-0.0894493677446917,-0.0013621827933501815,0.3203338534601273,-0.002266146539872671,-0.007024632795637542,29.28327085433468,-4.225029145665317,0.12608903303555588,0.5528850495815277,-0.004514950418472274,-0.008100018691195325,0.9814011096954346,0.003301109695434623,0.0033750226923981424,0.1018621489405632,-0.0012378510594368008,-0.012006314834498554,0.7592948507997532,-0.03560514920024682,-0.04479198540727993,83.62500000000001,10.52000000000001,0.14390260584091388,1.8157055531143365,0.2234055531143364,-0.1403036821668884
61,2026-07-26T12:03:39+00:00,2026-07-26T12:09:46+00:00,367.235,042597d249c41e0383044d490239b1de4e90f51e949ecea16b7e06e8f5b9223b,"Faithful restoration of the input video, preserving original structure and identity, natural fine details, stable edges, realistic colors, temporal consistency, motion-consistent textures, minimal hallucination.","flickering, unstable details, temporal inconsistency, warped structures, ghosting, motion trails, plastic texture, excessive smoothing, oversharpening, ringing artifacts, noise, color shifts",0.500000,Low-CFG fidelity prompt with artifact-focused negative prompt.,,prompt_negative_cfg,0,0,completed,,f7623d3f8cb82a06053786e40370f4bf9b19b02ce023634fd30d50e594214194,results_test/UDM10,2.2153747124076344,2,2,0.13999867716142944,0,0,26.52499867716143,0.13999867716142944,0.005305994965375381,0.784027997068756,0.010127997068756,0.013086958352185037,0.2509042523320644,0.001704252332064421,-0.006838893788380501,0.12546449457445452,0.008764494574454523,-0.07510278127210389,0.39415350215088935,-0.01264649784911065,-0.031087752824755777,0.5575095628538439,-0.00619043714615608,-0.010981793766464574,4.929031720060962,0.36923172006096205,-0.08097541998792974,32.26215046057604,0.7394504605760375,-0.023457713348667388,3.094677287916983,0.20357728791698326,0.07041516651689089,65.43283707403369,-0.23336292596631836,-0.0035537753968756885,0.3177118675843362,-0.004888132415663771,-0.01515230135047666,29.4390132780998,-4.069286721900198,0.12144115702378809,0.5543807476758957,-0.0030192523241042712,-0.005416670836211466,0.9811284065246582,0.0030284065246581893,0.0030962136025541247,0.10335700437426568,0.0002570043742656791,0.002492767936621524,0.7609718233126721,-0.03392817668732795,-0.042682320653324876,83.771,10.665999999999997,0.14589973326037886,1.7961981557406639,0.20389815574066383,-0.12805260047771388
62,2026-07-26T12:09:47+00:00,2026-07-26T12:15:48+00:00,361.343,24708f83eb7d62eb8ad2abe9cb6c1af47adb796bdb9d3955ea377c972a6f3082,"Faithful restoration of the input video, preserving original structure and identity, natural fine details, stable edges, realistic colors, temporal consistency, motion-consistent textures, minimal hallucination.","flickering, unstable details, temporal inconsistency, warped structures, ghosting, motion trails, plastic texture, excessive smoothing, oversharpening, ringing artifacts, noise, color shifts",0.750000,Low-CFG fidelity prompt with artifact-focused negative prompt.,,prompt_negative_cfg,0,0,completed,,fa89c81c554fe033a4fc4afa7139837f0c9576f1aad5897a969fe442bc997b0d,results_test/UDM10,2.216142881818178,2,2,0.13431517201085086,0,0,26.519315172010852,0.13431517201085086,0.005090588289211706,0.7840361113188534,0.010136111318853391,0.013097443234078552,0.25098622787383296,0.0017862278738329518,-0.007167848610886644,0.12560722904820595,0.008907229048205956,-0.07632587016457545,0.3947344275732194,-0.01206557242678058,-0.029659715896707423,0.5575179823944646,-0.006182017605535384,-0.01096685755816105,4.929811741185955,0.37001174118595515,-0.08114648475502327,32.28004292137066,0.7573429213706575,-0.02402531894065729,3.1003808098454626,0.20928080984546282,0.07238795262891731,65.46767480911747,-0.19852519088253473,-0.0030232477421037723,0.31826055388777486,-0.004339446112225143,-0.013451475859346381,29.429038558467745,-4.079261441532253,0.12173883609530335,0.5642425119876862,0.006842511987686151,0.012275766034600198,0.9814548909664154,0.0033548909664153914,0.0034300081447862095,0.10943601001054049,0.006336010010540488,0.061454995252575056,0.7596976388563513,-0.03520236114364872,-0.04428527002597649,83.676,10.570999999999998,0.14460023254223373,1.8040705831663217,0.2117705831663217,-0.1329966609095784
63,2026-07-26T12:15:49+00:00,2026-07-26T12:21:37+00:00,348.457,f44b07bba559a41f097014a8e66e2a452a7c84ed8b633e972781dccbb6bf8e00,"Faithful restoration of the input video, preserving original structure and identity, natural fine details, stable edges, realistic colors, temporal consistency, motion-consistent textures, minimal hallucination.","flickering, unstable details, temporal inconsistency, warped structures, ghosting, motion trails, plastic texture, excessive smoothing, oversharpening, ringing artifacts, noise, color shifts",1.000000,Low-CFG fidelity prompt with artifact-focused negative prompt.,,prompt_negative_cfg,0,0,completed,,584005e6a4c0922833155c53b7ca80fa534660c8f80b3a5100141ed618f1c0df,results_test/UDM10,2.2163628855667397,2,2,0.12798610933365495,0,0,26.512986109333657,0.12798610933365495,0.004850714774821108,0.7840301242371381,0.010130124237138105,0.01308970698686924,0.2510659976111304,0.0018659976111304044,-0.007487951890571446,0.12570523446606052,0.009005234466060524,-0.07716567665861632,0.39475286569326157,-0.012047134306738427,-0.029614391117842743,0.5578912723448969,-0.005808727655103096,-0.010304643702506824,4.94435182971119,0.3845518297111896,-0.08433524051738883,32.342534908577655,0.8198349085776542,-0.026007762932034825,3.1029784375621423,0.21187843756214253,0.07328644376263102,65.49328996596797,-0.17291003403202865,-0.0026331664392340143,0.3187035143856079,-0.003896485614392098,-0.012078380701773398,29.423902942288304,-4.084397057711694,0.12189210009793676,0.559729528427124,0.0023295284271239725,0.004179275972594138,0.9815264642238617,0.003426464223861725,0.003503183952419717,0.10390734449028968,0.0008073444902896854,0.007830693407271438,0.7660443920301516,-0.02885560796984843,-0.036300928380737736,83.85,10.74499999999999,0.1469803706996784,1.8047289389263217,0.21242893892632164,-0.13341012304611044
64,2026-07-26T12:22:43+00:00,2026-07-26T12:29:39+00:00,416.137,d5051208fd088fcdc489e1e20303cfd15c04d41a6985bf2b36988365eb460a11,"A clear, natural, high-quality restored video with faithful scene structure, realistic fine details, stable edges, consistent textures across frames, natural colors, smooth motion, and strong temporal consistency.","blur, flickering, temporal inconsistency, unstable details, hallucinated textures, oversharpening, ringing artifacts, ghosting, warped structures, color shifts, noise, compression artifacts, excessive smoothing, low quality",0.000000,Low-CFG refinement with original text after low CFG led prior batches.,,coarse_cfg,0,0,completed,,78a9daed773756704e7f5a3c7e369e1f3bc5b7e5733d7340af28e6c03fcdfb7b,results_test/UDM10,2.2174348404405806,2,2,0.1451767718407453,0,0,26.530176771840747,0.1451767718407453,0.005502246421858832,0.7841523384999672,0.010252338499967206,0.013247626954344496,0.2505094429177623,0.0013094429177622768,-0.005254586347360661,0.1243944941028472,0.007694494102847199,-0.06593396831917052,0.3949478017226342,-0.011852198277365777,-0.02913519733865727,0.5577358337179307,-0.005964166282069305,-0.010580390778905989,4.91918140179695,0.35938140179695033,-0.07881516772598586,32.03029419535168,0.5075941953516789,-0.01610249741778715,3.0870497695861325,0.19594976958613275,0.06777689100554556,65.57754413235571,-0.08865586764429167,-0.0013500989496010379,0.31763592196568374,-0.004964078034316255,-0.015387718643261794,29.25868038054436,-4.24961961945564,0.12682289520672907,0.566154831647873,0.00875483164787294,0.015706551216133728,0.9815240800380707,0.0034240800380707093,0.0035007463838776297,0.10794493593275548,0.004844935932755479,0.04699258906649349,0.7492191256328546,-0.04568087436714541,-0.05746744793954636,83.59,10.485,0.14342384241843922,1.8062492763419868,0.2139492763419868,-0.13436492893423777
65,2026-07-26T12:29:40+00:00,2026-07-26T12:35:47+00:00,367.299,6fc120a96dec145db0f1ce72e39ee8881fb7d18c81cea249232800772d896de1,"A clear, natural, high-quality restored video with faithful scene structure, realistic fine details, stable edges, consistent textures across frames, natural colors, smooth motion, and strong temporal consistency.","blur, flickering, temporal inconsistency, unstable details, hallucinated textures, oversharpening, ringing artifacts, ghosting, warped structures, color shifts, noise, compression artifacts, excessive smoothing, low quality",0.100000,Low-CFG refinement with original text after low CFG led prior batches.,,coarse_cfg,0,0,completed,,bb738e23dfceccb41db5534f637db0d2c23210a33f32b7a9a75e00c1c0901c00,results_test/UDM10,2.217328129505964,2,2,0.14588770220356295,0,0,26.530887702203565,0.14588770220356295,0.005529190911637784,0.7841693448731472,0.010269344873147124,0.013269601851850528,0.2505066164318593,0.001306616431859281,-0.005243244108584595,0.12443184371917479,0.007731843719174791,-0.06625401644537096,0.39493715013227154,-0.011862849867728453,-0.029161381189106324,0.5577077282051887,-0.005992271794811321,-0.010630249769046161,4.911387800765739,0.35158780076573937,-0.07710596972800109,32.047844441501596,0.5251444415015953,-0.016659246876111353,3.0870737279615095,0.1959737279615097,0.06778517794663266,65.58171886321037,-0.08448113678963409,-0.0012865239162557615,0.31765959104222635,-0.004940408957773645,-0.015314348908163812,29.267372968119965,-4.240927031880034,0.12656347925379782,0.5606483012437821,0.003248301243782059,0.005827594624653856,0.9815616190433503,0.0034616190433502947,0.00353912590057284,0.10499056279659272,0.0018905627965927208,0.018337175524662665,0.7577965665914348,-0.037103433408565256,-0.046676856722311304,83.72800000000001,10.623000000000005,0.1453115381984817,1.8100423092255369,0.21774230922553683,-0.13674703838820373
66,2026-07-26T12:35:48+00:00,2026-07-26T12:41:54+00:00,365.674,5cefdb653cf9d4ecae860e348e71e8eec1e555803d9e74ebd9c7b98061962e15,"A clear, natural, high-quality restored video with faithful scene structure, realistic fine details, stable edges, consistent textures across frames, natural colors, smooth motion, and strong temporal consistency.","blur, flickering, temporal inconsistency, unstable details, hallucinated textures, oversharpening, ringing artifacts, ghosting, warped structures, color shifts, noise, compression artifacts, excessive smoothing, low quality",0.250000,Low-CFG refinement with original text after low CFG led prior batches.,,coarse_cfg,0,0,completed,,d245543582251212c4142c745619866fb9bf4f41b60ecc9731dca9176c29ee59,results_test/UDM10,2.2171395752007315,2,2,0.14538661710677658,0,0,26.530386617106778,0.14538661710677658,0.005510199625043645,0.7841644137229935,0.01026441372299347,0.013263230033587634,0.2505047629437139,0.001304762943713872,-0.005235806355192102,0.12450078514314467,0.007800785143144667,-0.06684477414862611,0.3947088575170886,-0.012091142482911377,-0.02972257247520004,0.5576284667176585,-0.006071533282341446,-0.010770859113609093,4.922098379965612,0.36229837996561187,-0.07945488397859815,32.087835354154436,0.5651353541544353,-0.017927885433495078,3.0893584082203525,0.19825840822035268,0.06857542396331939,65.59015292506065,-0.07604707493935337,-0.0011580855133897403,0.31785375334082117,-0.004746246659178832,-0.014712481894540707,29.296524933845767,-4.211775066154232,0.12569348687203563,0.5557013392448426,-0.001698660755157455,-0.0030474717530632493,0.9813029706478119,0.0032029706478119424,0.0032746862772844725,0.10331696309149266,0.00021696309149266124,0.0021043946798512247,0.7577476813448942,-0.03715231865510582,-0.0467383553341374,83.731,10.62599999999999,0.14535257506326502,1.8046264100121334,0.21232641001213337,-0.13334573259570015
67,2026-07-26T12:41:54+00:00,2026-07-26T12:48:02+00:00,368.209,616e54a232689ac9a049726edcaa406bb4382b4039e52022fd0ddf087051f6e0,"A clear, natural, high-quality restored video with faithful scene structure, realistic fine details, stable edges, consistent textures across frames, natural colors, smooth motion, and strong temporal consistency.","blur, flickering, temporal inconsistency, unstable details, hallucinated textures, oversharpening, ringing artifacts, ghosting, warped structures, color shifts, noise, compression artifacts, excessive smoothing, low quality",0.350000,Low-CFG refinement with original text after low CFG led prior batches.,,coarse_cfg,0,0,completed,,961680dcb6f40ff51b3a70338e4149017eabd11f5fb5e7016dcd7f231d742a41,results_test/UDM10,2.216981388296373,2,2,0.1452123838855357,0,0,26.530212383885537,0.1452123838855357,0.005503596129828907,0.7841636673454627,0.01026366734546269,0.013262265596928143,0.25048883749592693,0.0012888374959269255,-0.005171900063912221,0.12453074320670096,0.007830743206700963,-0.06710148420480688,0.39484141791059124,-0.011958582089408754,-0.02939671113423981,0.5577202257610137,-0.005979774238986324,-0.01060807918926082,4.917360171867718,0.3575601718677177,-0.07841575767966089,32.13535320050587,0.6126532005058678,-0.01943530219511234,3.089389717194342,0.19828971719434207,0.06858625339640348,65.59480679419732,-0.0713932058026785,-0.0010872139061294621,0.3178877930487356,-0.004712206951264397,-0.01460696513101177,29.305764868951616,-4.202535131048382,0.1254177362339594,0.5580066591501236,0.0006066591501235896,0.0010883730716246675,0.9812557578086853,0.0031557578086853777,0.0032264163262298107,0.10439387187361718,0.0012938718736171806,0.012549678696577892,0.7539206324786897,-0.04097936752131037,-0.051552858876978705,83.705,10.599999999999994,0.14499692223514116,1.805596407187598,0.213296407187598,-0.13395491250869687
68,2026-07-26T12:48:03+00:00,2026-07-26T12:54:34+00:00,390.57,d35ea789cada05c527c6c92d0255df2f2ff4f2688a5a0e1ffa5cf6c95ef8cfc8,"A clear, natural, high-quality restored video with faithful scene structure, realistic fine details, stable edges, consistent textures across frames, natural colors, smooth motion, and strong temporal consistency.","blur, flickering, temporal inconsistency, unstable details, hallucinated textures, oversharpening, ringing artifacts, ghosting, warped structures, color shifts, noise, compression artifacts, excessive smoothing, low quality",0.450000,Low-CFG refinement with original text after low CFG led prior batches.,,coarse_cfg,0,0,completed,,3bebc841020488d8281f6a879a6fa5e5fd583cc240ce6078d21f274c7eebf364,results_test/UDM10,2.217096393454227,2,2,0.14488219722624862,0,0,26.52988219722625,0.14488219722624862,0.005491081949071389,0.7841624584928665,0.010262458492866444,0.013260703570056136,0.2505056884500288,0.0013056884500287913,-0.005239520264963047,0.1245923851766894,0.007892385176689401,-0.06762969303075751,0.395169838638075,-0.011630161361925018,-0.028589383878871725,0.5577055409069984,-0.0059944590930015584,-0.010634130021290685,4.916891000424326,0.35709100042432596,-0.07831286469238255,32.136989083501206,0.6142890835012054,-0.019487197590980637,3.0916139368088014,0.20051393680880158,0.0693555867347382,65.59091513849074,-0.07528486150926028,-0.0011464781197824798,0.3178954151128569,-0.004704584887143093,-0.014583338149854597,29.32781470514113,-4.180485294858869,0.12475969520563171,0.5669847369194031,0.009584736919403092,0.01719543760208664,0.9817618072032929,0.0036618072032928994,0.0037437963432091804,0.10903539806604386,0.005935398066043859,0.05756933138742832,0.7616172731273675,-0.03328272687263256,-0.04187033195701668,83.679,10.573999999999998,0.14464126940701727,1.8066604462849987,0.21436044628499862,-0.13462315285122062
69,2026-07-26T13:05:15+00:00,2026-07-26T13:11:33+00:00,377.393,81f74fcb90b4c8bc75295224d706c9957187c0c8495788647c1d033110dd410e,"A clear, natural, high-quality restored video with faithful scene structure, realistic fine details, stable edges, consistent textures across frames, natural colors, smooth motion, and strong temporal consistency.","blur, flickering, temporal inconsistency, unstable details, hallucinated textures, oversharpening, ringing artifacts, ghosting, warped structures, color shifts, noise, compression artifacts, excessive smoothing, low quality",0.550000,Low-CFG refinement with original text after low CFG led prior batches.,,coarse_cfg,0,0,completed,,b2d59ae5dae18933a644453a9ac385c69c381b1cc8ebd6a326f850ae33effd43,results_test/UDM10,2.2170225725944657,2,2,0.14297183990478501,0,0,26.527971839904787,0.14297183990478501,0.0054186787911610764,0.7841324090713699,0.010232409071369908,0.01322187501146131,0.25049989591202426,0.001299895912024257,-0.005216275730434418,0.12454846270622746,0.007848462706227466,-0.06725332224702199,0.3951317350229909,-0.011668264977009069,-0.028683050582618164,0.55752863778222,-0.00617136221778003,-0.010947954972112879,4.91663285900908,0.3568328590090797,-0.07825625224989685,32.16235612829179,0.6396561282917901,-0.020291920688639935,3.09437387335685,0.2032738733568502,0.07031021872534683,65.59991603974373,-0.06628396025627126,-0.0010094075834488861,0.31808765009045603,-0.004512349909543967,-0.013987445472857926,29.3610591765373,-4.147240823462699,0.12376756873558788,0.568631049990654,0.01123104999065394,0.020148995318718946,0.9815541923046112,0.003454192304611192,0.0035315328745641472,0.10971869863569736,0.006618698635697362,0.0641968829844555,0.7601587553408582,-0.03474124465914186,-0.04370517632298636,83.691,10.585999999999999,0.1448054168661514,1.811864526025602,0.21956452602560206,-0.1378914312790316
70,2026-07-26T13:11:42+00:00,2026-07-26T13:18:01+00:00,378.452,057d3bd60d8c2b6b9b16d3cb789cc56f2bbd3bee8f3ab35011e91f371d76ec3f,"A clear, natural, high-quality restored video with faithful scene structure, realistic fine details, stable edges, consistent textures across frames, natural colors, smooth motion, and strong temporal consistency.","blur, flickering, temporal inconsistency, unstable details, hallucinated textures, oversharpening, ringing artifacts, ghosting, warped structures, color shifts, noise, compression artifacts, excessive smoothing, low quality",0.650000,Low-CFG refinement with original text after low CFG led prior batches.,,coarse_cfg,0,0,completed,,acd755e4a8a6c51a7c62e734444b1900e7c097fa774bee82e091dd5ccd612449,results_test/UDM10,2.216974800314671,2,2,0.1426377524099074,0,0,26.52763775240991,0.1426377524099074,0.005406016767478013,0.7841275492879964,0.010227549287996407,0.01321559541025508,0.25048943279731656,0.0012894327973165531,-0.005174288913790341,0.12461119755621879,0.007911197556218788,-0.06779089594017813,0.3952291620835181,-0.01157083791648189,-0.0284435543669663,0.5575929473484716,-0.006107052651528333,-0.010833870235104369,4.920934351466208,0.361134351466208,-0.07919960337431642,32.189046375246605,0.6663463752466043,-0.021138619954718482,3.0946207715618996,0.20352077156189985,0.0703956181252464,65.59733406805222,-0.06886593194778357,-0.0010487272287384311,0.3181892180875424,-0.004410781912457584,-0.013672603572404168,29.36783486643145,-4.140465133568547,0.1235653594353801,0.5635691106319427,0.006169110631942698,0.011067654524475598,0.9813370406627655,0.0032370406627655335,0.003309519131750878,0.1069393701851368,0.0038393701851368034,0.03723928404594378,0.7508316183472858,-0.044068381652714206,-0.055438900053735314,83.731,10.62599999999999,0.14535257506326502,1.8107425686563754,0.21844256865637535,-0.13718681696688773
71,2026-07-26T13:18:02+00:00,2026-07-26T13:24:10+00:00,368.196,e73df11d05b8bdb30c6f9ea8858a5ccd5f497a7a7d137519e50e1b5eef10c907,"A clear, natural, high-quality restored video with faithful scene structure, realistic fine details, stable edges, consistent textures across frames, natural colors, smooth motion, and strong temporal consistency.","blur, flickering, temporal inconsistency, unstable details, hallucinated textures, oversharpening, ringing artifacts, ghosting, warped structures, color shifts, noise, compression artifacts, excessive smoothing, low quality",0.800000,Low-CFG refinement with original text after low CFG led prior batches.,,coarse_cfg,0,0,completed,,b569cf40c79d66bdca8fc5ca8972a71a28fe42968f8321a7ddec639e01b52053,results_test/UDM10,2.2167763730819003,2,2,0.14077723226239414,0,0,26.525777232262396,0.14077723226239414,0.005335502454515601,0.7841004850194098,0.010200485019409733,0.013180624136722744,0.25050058513879775,0.001300585138797744,-0.005219041487952424,0.12462727562073739,0.00792727562073739,-0.06792866855816102,0.39536489089650495,-0.011435109103495045,-0.02810990438420611,0.5575891553394257,-0.006110844660574322,-0.01084059723358936,4.922281309550149,0.3624813095501489,-0.07949500187511489,32.22397908368005,0.7012790836800491,-0.022246796235095633,3.094591271877289,0.20349127187728921,0.07038541450565156,65.60656439258206,-0.05963560741794538,-0.0009081629120909293,0.3182929207480723,-0.004307079251927692,-0.013351144612299108,29.403338819934483,-4.104961180065516,0.12250580244493203,0.5675978332757949,0.010197833275794932,0.018295359303543115,0.9814019501209259,0.003301950120925934,0.0033758819353092054,0.11128944829106331,0.008189448291063314,0.07943208817714176,0.7513876783477309,-0.04351232165226915,-0.05473936552052981,83.706,10.600999999999999,0.14501060119006906,1.812279249255274,0.2199792492552739,-0.13815188673947992
72,2026-07-26T13:24:11+00:00,2026-07-26T13:31:02+00:00,410.87,8dc91135cdfc5baadda93ff583965d6333bccf4cdb8794e7361e060f3f39f480,"Conservative faithful reconstruction of the input video, preserving original pixels, shapes, motion, colors, and structure with clean natural detail, stable frames, and no invented content.","invented content, hallucinated texture, temporal flicker, motion-inconsistent detail, warped structure, ghosting, ringing, oversharpening, color drift, noise amplification, compression artifacts",0.000000,Low-CFG fidelity prompt with artifact-focused negative prompt.,,prompt_negative_cfg,0,0,completed,,061c0b690c2a309d496d66e5f2ccc4b3c200258c2f478c57da178d198f389f7d,results_test/UDM10,2.213307128589272,2,2,0.14171455260245835,0,0,26.52671455260246,0.14171455260245835,0.005371027197364349,0.7841552701771899,0.010255270177189857,0.013251415140444317,0.2507334302269643,0.0015334302269643107,-0.006153411825699481,0.12527678512757826,0.008576785127578257,-0.07349430272132182,0.3940946879406129,-0.012705312059387075,-0.031232330529466754,0.5569093716721382,-0.006790628327861814,-0.012046528876817127,4.9437799537896385,0.38397995378963845,-0.0842098236303431,32.35079363415211,0.8280936341521112,-0.026269755895025212,3.094032107630084,0.20293210763008407,0.07019200568298713,65.43033669994723,-0.23586330005277034,-0.0035918524302117425,0.317013130168761,-0.005586869831239016,-0.017318257381398066,29.707901886970763,-3.8003981130292352,0.11341661955483374,0.5560956448316574,-0.001304355168342597,-0.0023400702697212,0.9804363131523133,0.0023363131523133074,0.0023886240183143928,0.10711916368454695,0.004019163684546953,0.03898315891898112,0.7574089142506224,-0.03749108574937765,-0.04716453107230802,83.77000000000001,10.665000000000006,0.14588605430545115,1.8077781433870161,0.2154781433870161,-0.13532509162030779
73,2026-07-26T13:31:02+00:00,2026-07-26T13:37:14+00:00,371.396,710e92bbcffd1628797404f6436f056e356c4df797409d3a483ba85daa0c83f9,"Conservative faithful reconstruction of the input video, preserving original pixels, shapes, motion, colors, and structure with clean natural detail, stable frames, and no invented content.","invented content, hallucinated texture, temporal flicker, motion-inconsistent detail, warped structure, ghosting, ringing, oversharpening, color drift, noise amplification, compression artifacts",0.100000,Low-CFG fidelity prompt with artifact-focused negative prompt.,,prompt_negative_cfg,0,0,completed,,00a62997bbe713af6f2ed49e10de05f2dad1832c7df67fdc390275567e1884e1,results_test/UDM10,2.21367984201366,2,2,0.14253655833582712,0,0,26.52753655833583,0.14253655833582712,0.005402181479470423,0.7841818779638343,0.010281877963834285,0.013285796567817915,0.250682360270331,0.001482360270330968,-0.005948476205180449,0.12518809514660992,0.00848809514660992,-0.07273432002236435,0.39446894065026317,-0.012331059349736828,-0.030312338617838813,0.5570742806119304,-0.006625719388069551,-0.011753981529305572,4.9280186115997955,0.3682186115997954,-0.08075323733492597,32.35423650951413,0.8315365095141303,-0.02637897481859518,3.0942381282006544,0.20313812820065458,0.07026326595436153,65.43161480811334,-0.2345851918866657,-0.0035723887157573563,0.3171031834617738,-0.005496816538226201,-0.017039108921965907,29.669843119959676,-3.8384568800403223,0.11455242074472063,0.5560471504926682,-0.0013528495073318325,-0.0024270712366914826,0.9803032219409943,0.0022032219409943155,0.0022525528483736995,0.10669068656861783,0.003590686568617829,0.03482722181006624,0.7655398283014034,-0.029360171698596615,-0.036935679580571916,83.679,10.573999999999998,0.14464126940701727,1.810191696495167,0.21789169649516693,-0.13684085693347167
74,2026-07-26T13:37:14+00:00,2026-07-26T13:43:17+00:00,362.432,ab98cae871d314f7d2ecc44d268db3abc70fb349fe257d882afe26b96982e914,"Conservative faithful reconstruction of the input video, preserving original pixels, shapes, motion, colors, and structure with clean natural detail, stable frames, and no invented content.","invented content, hallucinated texture, temporal flicker, motion-inconsistent detail, warped structure, ghosting, ringing, oversharpening, color drift, noise amplification, compression artifacts",0.250000,Low-CFG fidelity prompt with artifact-focused negative prompt.,,prompt_negative_cfg,0,0,completed,,f9caa56e142b4e9b6c014bd3525108284798a471936aa426fc94e029e8652f35,results_test/UDM10,2.2142863800237977,2,2,0.14077347293976672,0,0,26.52577347293977,0.14077347293976672,0.005335359974976946,0.7841792343119144,0.010279234311914354,0.013282380555516672,0.2506064418823488,0.0014064418823488134,-0.005643827778285768,0.12512063960875236,0.008420639608752362,-0.07215629484792084,0.39444566191204133,-0.01235433808795866,-0.030369562654765637,0.557012096528084,-0.006687903471915946,-0.011864295674855323,4.928286333129516,0.36848633312951584,-0.0808119507718575,32.32700148122998,0.8043014812299774,-0.025514993361291302,3.095313682479243,0.2042136824792431,0.07063528846433645,65.44525365521831,-0.2209463447816944,-0.003364689060455674,0.31736075986296897,-0.0052392401370310315,-0.016240669984597122,29.59709118258569,-3.911208817414309,0.1167235824382111,0.5607486844062806,0.0033486844062805554,0.006007686412415779,0.9806546807289124,0.0025546807289124063,0.002611880921084149,0.10847724955528974,0.005377249555289745,0.05215566978942527,0.7543015108124147,-0.04059848918758535,-0.051073706362542895,83.655,10.549999999999997,0.14431297448874902,1.8068870724528097,0.2145870724528096,-0.13476547915142223
75,2026-07-26T13:43:18+00:00,2026-07-26T13:49:34+00:00,376.816,d55a7fef57a5ec1ea41816fdf913d84bcaeee9692b03aca506bb2cf880418eaa,"Conservative faithful reconstruction of the input video, preserving original pixels, shapes, motion, colors, and structure with clean natural detail, stable frames, and no invented content.","invented content, hallucinated texture, temporal flicker, motion-inconsistent detail, warped structure, ghosting, ringing, oversharpening, color drift, noise amplification, compression artifacts",0.350000,Low-CFG fidelity prompt with artifact-focused negative prompt.,,prompt_negative_cfg,0,0,completed,,d3bf8f530345eb0c4ce4135f7b886b7482a684a5f72b2b71c57b43b1852b23bb,results_test/UDM10,2.2145159419245255,2,2,0.14040289355862257,0,0,26.525402893558624,0.14040289355862257,0.00532131489704842,0.7841802759928742,0.010280275992874177,0.013283726570453775,0.2505551392032254,0.001355139203225414,-0.0054379582793957215,0.12506128222711624,0.00836128222711624,-0.07164766261453505,0.39442812141872224,-0.012371878581277751,-0.030412680878263893,0.5569386377449959,-0.006761362255004122,-0.011994611060855281,4.927686767450244,0.3678867674502442,-0.08068046130318088,32.31731305392363,0.7946130539236265,-0.02520764572589361,3.095379360260502,0.20427936026050242,0.0706580056935085,65.45803798552481,-0.20816201447519234,-0.003170002443802022,0.3175181175191556,-0.005081882480844402,-0.015752890517186615,29.5713623046875,-3.9369376953124977,0.11749141840417145,0.5613333433866501,0.003933343386650079,0.007056590216451523,0.9807533264160156,0.0026533264160156778,0.002712735319513013,0.10854913555085659,0.00544913555085659,0.05285291513924918,0.7686318607060741,-0.026268139293925907,-0.033045841356052215,83.69000000000001,10.585000000000008,0.14479173791122368,1.8065527328144526,0.21425273281445256,-0.13455550638350347
76,2026-07-26T13:49:35+00:00,2026-07-26T13:55:42+00:00,366.86,5ccb496a94f83ffd83358fc1326bec3d30ef00aa573bf6bf12eb66664ff2e6b5,"Conservative faithful reconstruction of the input video, preserving original pixels, shapes, motion, colors, and structure with clean natural detail, stable frames, and no invented content.","invented content, hallucinated texture, temporal flicker, motion-inconsistent detail, warped structure, ghosting, ringing, oversharpening, color drift, noise amplification, compression artifacts",0.450000,Low-CFG fidelity prompt with artifact-focused negative prompt.,,prompt_negative_cfg,0,0,completed,,3af693e94b8c7e06ad78b1e56b380e8eb3a3dda53f129c566adf3e168e428f4c,results_test/UDM10,2.214723834593841,2,2,0.1396237601003314,0,0,26.524623760100333,0.1396237601003314,0.005291785487979208,0.7841855949497768,0.010285594949776766,0.013290599495770468,0.2505196909750661,0.0013196909750660957,-0.005295710172817398,0.1249839153981978,0.008283915398197797,-0.07098470778232903,0.3941610675184958,-0.012638932481504217,-0.03106915555925324,0.5569526748311134,-0.006747325168886542,-0.01196970936470914,4.928634995004909,0.36883499500490924,-0.08088841506314076,32.32628385327801,0.8035838532780062,-0.02549222792711304,3.0960461989525827,0.20494619895258293,0.07088865793386011,65.47023459403745,-0.19596540596255352,-0.002984265968832573,0.31762864962220194,-0.004971350377798056,-0.015410261555480646,29.517333984375,-3.9909660156249984,0.11910380459841288,0.5563164472579956,-0.0010835527420044455,-0.0019439410513176275,0.9808311939239502,0.0027311939239502703,0.002792346308097608,0.10483160801231861,0.001731608012318614,0.016795422039947758,0.7640482902727728,-0.030851709727227283,-0.03881206406746419,83.647,10.542000000000002,0.14420354284932632,1.805420877741805,0.213120877741805,-0.13384467609232242
77,2026-07-26T13:55:42+00:00,2026-07-26T14:01:56+00:00,374.13,e609e0945b1d4cc3c817301253f28ed88ccf894a245648b360c390703debc0c6,"Conservative faithful reconstruction of the input video, preserving original pixels, shapes, motion, colors, and structure with clean natural detail, stable frames, and no invented content.","invented content, hallucinated texture, temporal flicker, motion-inconsistent detail, warped structure, ghosting, ringing, oversharpening, color drift, noise amplification, compression artifacts",0.550000,Low-CFG fidelity prompt with artifact-focused negative prompt.,,prompt_negative_cfg,0,0,completed,,20762a62212bc8a0c6fef24b924ed254244a601c3b49db2561c0ce0896fbfd2b,results_test/UDM10,2.215520919511067,2,2,0.13648278144098214,0,0,26.521482781440984,0.13648278144098214,0.005172741384914995,0.7841549465293206,0.010254946529320574,0.013250996936710911,0.2504977151270836,0.0012977151270835707,-0.005207524587012724,0.12491337118610257,0.008213371186102575,-0.07038021581921658,0.39456688132016887,-0.012233118679831123,-0.0300715798422594,0.5571875592393261,-0.006512440760673921,-0.011553026007936706,4.926578224927088,0.36677822492708767,-0.08043734920985299,32.259971640016374,0.7372716400163739,-0.023388594251646397,3.097016385293776,0.2059163852937762,0.07122423482196265,65.48838439449187,-0.1778156055081297,-0.002707871104283934,0.31784461388184176,-0.0047553861181582335,-0.014740812517539472,29.491188098538306,-4.017111901461693,0.11988408547917062,0.5571926683187485,-0.00020733168125153245,-0.000371962112040783,0.9810697317123414,0.0029697317123413836,0.003036225040733446,0.10465072877705098,0.0015507287770509803,0.015041016266255872,0.7624355655961013,-0.03246443440389879,-0.04084090376638418,83.74699999999999,10.641999999999982,0.1455714383421104,1.8076683300265965,0.2153683300265965,-0.13525612637480153
78,2026-07-26T14:01:57+00:00,2026-07-26T14:08:23+00:00,386.343,63ae286d8f9dbd32d8cc972e63818f91b4921590cd3f89e0c31fd7c174a26fee,"Conservative faithful reconstruction of the input video, preserving original pixels, shapes, motion, colors, and structure with clean natural detail, stable frames, and no invented content.","invented content, hallucinated texture, temporal flicker, motion-inconsistent detail, warped structure, ghosting, ringing, oversharpening, color drift, noise amplification, compression artifacts",0.650000,Low-CFG fidelity prompt with artifact-focused negative prompt.,,prompt_negative_cfg,0,0,completed,,8fbd47e7aba85e4a3c1ebecbd4edad57f11a6ff785dc5eaa6190105b895b1af5,results_test/UDM10,2.2156601270792295,2,2,0.135140020308949,0,0,26.52014002030895,0.135140020308949,0.005121850305436763,0.7841473098284226,0.01024730982842259,0.013241129123171715,0.2504726679575059,0.0012726679575058852,-0.005107014275705799,0.12487489715699227,0.008174897156992267,-0.07005053262204171,0.39467274027486005,-0.01212725972513995,-0.029811356256489552,0.5572528795849891,-0.006447120415010832,-0.011437148155066227,4.923320596624647,0.36352059662464686,-0.0797229257039008,32.2828629795366,0.7601629795366023,-0.024114780127863486,3.0964574279323704,0.20535742793237066,0.07103089755884288,65.4846991385183,-0.18150086148170885,-0.0027639921524575633,0.31799681028050764,-0.004603189719492362,-0.014269031988507012,29.454254741053425,-4.054045258946573,0.12098630067614809,0.5601145893335342,0.0027145893335341897,0.004870092094607445,0.9809166848659515,0.0028166848659515464,0.0028797514220954366,0.10636443421244621,0.00326443421244621,0.03166279546504568,0.7505683574391453,-0.044331642560854756,-0.05577008750893792,83.66299999999998,10.557999999999979,0.1444224061281715,1.8108790029024628,0.2185790029024628,-0.1372725007237724
79,2026-07-26T14:08:24+00:00,2026-07-26T14:14:43+00:00,378.827,73ec92b2cc0d67ccc6dd8de74feb69252e40cc44acbd49edcb617e4fe02122c0,"Conservative faithful reconstruction of the input video, preserving original pixels, shapes, motion, colors, and structure with clean natural detail, stable frames, and no invented content.","invented content, hallucinated texture, temporal flicker, motion-inconsistent detail, warped structure, ghosting, ringing, oversharpening, color drift, noise amplification, compression artifacts",0.800000,Low-CFG fidelity prompt with artifact-focused negative prompt.,,prompt_negative_cfg,0,0,completed,,f35e64a8b92ddc4424b2c7f777ed425eeacae1300023ed9ebe08c5f4790caf3a,results_test/UDM10,2.216188771040925,2,2,0.13198550562704625,0,0,26.516985505627048,0.13198550562704625,0.005002293182757106,0.784120783544487,0.010220783544486967,0.01320685301006198,0.2504211263550866,0.0012211263550866158,-0.004900186015596371,0.12475436945115366,0.008054369451153662,-0.06901773308614963,0.39497867418873694,-0.01182132581126305,-0.029059306320705632,0.5572586027845259,-0.006441397215474098,-0.011426995237669147,4.921465637558347,0.3616656375583469,-0.0793161185925582,32.28527059048115,0.7625705904811468,-0.0241911571813692,3.0966873084345172,0.20558730843451745,0.071110410720666,65.5054304799726,-0.16076952002740086,-0.002448284201421749,0.3181603868642161,-0.004439613135783893,-0.013761975002429924,29.383471679687506,-4.124828320312492,0.1230987045094049,0.566385006904602,0.008985006904602022,0.01611949570255117,0.9810802638530731,0.0029802638530731507,0.0030469929997680714,0.10898587070405483,0.00588587070405483,0.05708894960285965,0.751976745084977,-0.042923254915023024,-0.053998307856363094,83.788,10.682999999999993,0.14613227549415214,1.8100397691402275,0.2177397691402274,-0.13674544315783924
80,2026-07-26T14:14:44+00:00,2026-07-26T14:21:08+00:00,384.389,824934b1bd646c5b255d102e52e6b395f3b23ffb0ac48054458c4aca839ddc06,"Conservative faithful reconstruction of the input video, preserving original pixels, shapes, motion, colors, and structure with clean natural detail, stable frames, and no invented content.","flickering, temporal inconsistency, unstable details, hallucinated textures, oversharpening, ringing artifacts, color shifts, ghosting, motion trails, warped structures, plastic texture, excessive smoothing, noise amplification",0.000000,Low-CFG fidelity prompt with artifact-focused negative prompt.,,prompt_negative_cfg,0,0,completed,,9fa22d80369f18f2b63cd85a7f01807754d4be2de495238c101b863f0c70af83,results_test/UDM10,2.2160739909778546,2,2,0.14635974022649734,0,0,26.5313597402265,0.14635974022649734,0.005547081304775339,0.7839464476454698,0.010046447645469803,0.012981583725894563,0.2504786855270786,0.0012786855270785769,-0.005131161826158013,0.12444181557624572,0.007741815576245717,-0.06633946509207984,0.3949825721402322,-0.011817427859767804,-0.029049724335712398,0.5581016889502924,-0.005598311049707538,-0.009931366062990134,4.922561429378542,0.3627614293785415,-0.07955643435645017,32.176815301593116,0.6541153015931158,-0.020750611514658193,3.098748469352722,0.2076484693527223,0.07182334383200938,65.57855005571919,-0.08764994428081252,-0.0013347802108362066,0.31784677813130036,-0.004753221868699642,-0.014734103746744085,29.60474459740423,-3.9035554025957673,0.11649517888391138,0.567698061466217,0.010298061466217034,0.018475173064616136,0.9815029680728913,0.0034029680728913103,0.0034791617144374915,0.10848987512290478,0.005389875122904786,0.052278129223130805,0.7673682634227152,-0.027531736577284804,-0.034635471854679585,83.89699999999999,10.791999999999987,0.147623281581287,1.8036122208771608,0.21131222087716073,-0.13270879914410647
81,2026-07-26T14:21:09+00:00,2026-07-26T14:27:26+00:00,377.426,9ac4944ed7890cb3743e00e55d5bdbeb0f7059477723fc11f5b55b282714244c,"Conservative faithful reconstruction of the input video, preserving original pixels, shapes, motion, colors, and structure with clean natural detail, stable frames, and no invented content.","flickering, temporal inconsistency, unstable details, hallucinated textures, oversharpening, ringing artifacts, color shifts, ghosting, motion trails, warped structures, plastic texture, excessive smoothing, noise amplification",0.100000,Low-CFG fidelity prompt with artifact-focused negative prompt.,,prompt_negative_cfg,0,0,completed,,e6f155b51c11d74b72dcf5dbfdfca6e827b307a46597788d82c99701f9c2172a,results_test/UDM10,2.2161408868326125,2,2,0.1468063428325017,0,0,26.531806342832503,0.1468063428325017,0.005564007687417157,0.7839871842954195,0.010087184295419438,0.013034221857371027,0.25043979924051996,0.001239799240519951,-0.004975117337559996,0.12444262619941467,0.007742626199414668,-0.06634641130603829,0.39492023938125176,-0.011879760618748236,-0.02920295137352074,0.5580968389588017,-0.00560316104119829,-0.00993996991520009,4.916358038798235,0.35655803879823456,-0.07819598201636795,32.17887027074619,0.6561702707461876,-0.020815801652339032,3.0980300222673725,0.20693002226737267,0.07157484081054709,65.58199571178805,-0.08420428821195003,-0.0012823079181062712,0.31791040005703125,-0.004689599942968747,-0.01453688760994652,29.581486265120965,-3.9268137348790333,0.11718928548685052,0.5543200343847274,-0.003079965615272573,-0.00552559313827157,0.9811789751052856,0.003078975105285653,0.00314791443133182,0.10154956467449665,-0.0015504353255033493,-0.015038169985483504,0.7608346706743855,-0.03406532932561457,-0.04285486139843322,83.826,10.72099999999999,0.14665207578141015,1.8045427326190595,0.21224273261905946,-0.1332931813220244
82,2026-07-26T14:27:27+00:00,2026-07-26T14:33:32+00:00,364.974,c2b24f904294415d3b6667e1639f3f89eee65d125844c52113afb1c1ba869347,"Conservative faithful reconstruction of the input video, preserving original pixels, shapes, motion, colors, and structure with clean natural detail, stable frames, and no invented content.","flickering, temporal inconsistency, unstable details, hallucinated textures, oversharpening, ringing artifacts, color shifts, ghosting, motion trails, warped structures, plastic texture, excessive smoothing, noise amplification",0.250000,Low-CFG fidelity prompt with artifact-focused negative prompt.,,prompt_negative_cfg,0,0,completed,,dcde9b09894d7841b97f036ca8d1858f643e40c28dfbae3a95a0d60407c02ae8,results_test/UDM10,2.2163396785120995,2,2,0.14426476386285714,0,0,26.52926476386286,0.14426476386285714,0.005467681025691003,0.7840208317052455,0.01012083170524547,0.013077699580366286,0.25044818376341177,0.0012481837634117643,-0.005008763095552826,0.12448851793043074,0.007788517930430741,-0.06673965664465074,0.3950041271025134,-0.01179587289748657,-0.028996737702769348,0.5579201528141575,-0.005779847185842457,-0.010253409944726729,4.917942033838609,0.3581420338386092,-0.07854336458586104,32.1968953828261,0.6741953828260989,-0.021387615363725153,3.098465871426367,0.2073658714263673,0.07172559628735337,65.5665293047505,-0.09967069524950034,-0.0015178386331095805,0.3180670810562949,-0.004532918943705111,-0.014051205653146655,29.525538290700602,-3.982761709299396,0.11885896059481968,0.5558419436216354,-0.0015580563783645918,-0.0027952213461869247,0.9811972916126251,0.003097291612625175,0.0031666410516564512,0.10342844389379025,0.00032844389379024785,0.003185682771971366,0.7605397099159668,-0.034360290084033296,-0.04322592789537463,83.817,10.711999999999989,0.14652896518705955,1.808130783950522,0.21583078395052202,-0.13554655777838473
83,2026-07-26T14:33:33+00:00,2026-07-26T14:39:45+00:00,372.524,6c3ac6eb90c12672aabbc8971362d31e09ba4600bce11e1ba9d8291db76fd9fb,"Conservative faithful reconstruction of the input video, preserving original pixels, shapes, motion, colors, and structure with clean natural detail, stable frames, and no invented content.","flickering, temporal inconsistency, unstable details, hallucinated textures, oversharpening, ringing artifacts, color shifts, ghosting, motion trails, warped structures, plastic texture, excessive smoothing, noise amplification",0.350000,Low-CFG fidelity prompt with artifact-focused negative prompt.,,prompt_negative_cfg,0,0,completed,,3ead20edff466f3d7b3e81c66507196b3b21762edde23eb407a3a56425890b54,results_test/UDM10,2.2164690131937896,2,2,0.14311551863147187,0,0,26.528115518631473,0.14311551863147187,0.005424124261189003,0.7840452392051446,0.01014523920514454,0.01310923789267934,0.25042938616487287,0.0012293861648728643,-0.004933331319714544,0.12452611596353594,0.00782611596353594,-0.06706183344932254,0.39497891207856517,-0.011821087921434825,-0.029058721537450406,0.5576973246951257,-0.006002675304874305,-0.01064870552576602,4.918548808198219,0.35874880819821886,-0.0786764349748276,32.2015722260469,0.6788722260468987,-0.02153597966059058,3.098818145259734,0.2077181452597343,0.07184744396933151,65.56160835758331,-0.10459164241669328,-0.0015927774474035847,0.3181594641218263,-0.004440535878173724,-0.01376483533221861,29.486075321320566,-4.022224678679432,0.12003666789062509,0.5588097780942917,0.0014097780942916582,0.00252920361372741,0.981352424621582,0.0032524246215820396,0.0033252475427686737,0.10468976162374019,0.0015897616237401935,0.015419608377693439,0.7631640020933684,-0.03173599790663162,-0.03992451617389812,83.73599999999999,10.630999999999986,0.14542096983790417,1.8024660316101895,0.21016603161018943,-0.131988966658412
84,2026-07-26T14:39:46+00:00,2026-07-26T14:45:53+00:00,367.543,2b0d60ec312fdefacd0158c36769dc4863cf70a69e76abdc0e0fcb86c5531c1e,"Conservative faithful reconstruction of the input video, preserving original pixels, shapes, motion, colors, and structure with clean natural detail, stable frames, and no invented content.","flickering, temporal inconsistency, unstable details, hallucinated textures, oversharpening, ringing artifacts, color shifts, ghosting, motion trails, warped structures, plastic texture, excessive smoothing, noise amplification",0.450000,Low-CFG fidelity prompt with artifact-focused negative prompt.,,prompt_negative_cfg,0,0,completed,,201a8edeafe6a3030df7dbd2d84da8fa084a90964c8b87573ef59e6a72ad8985,results_test/UDM10,2.216545545388426,2,2,0.14190227262434973,0,0,26.52690227262435,0.14190227262434973,0.005378141846668552,0.7840656058214565,0.010165605821456425,0.013135554750557468,0.25041701630238566,0.0012170163023856595,-0.004883693027229773,0.12453804227613632,0.007838042276136326,-0.06716402978694366,0.39498609049666317,-0.011813909503336828,-0.029041075475262607,0.5577152479079461,-0.005984752092053847,-0.01061690986704603,4.916584558400737,0.35678455840073653,-0.07824565954663286,32.19181969838224,0.6691196983822394,-0.021226598558570155,3.0979133705939015,0.2068133705939017,0.07153449226726911,65.560282762589,-0.10591723741100623,-0.0016129643166652894,0.31817107972118164,-0.00442892027881836,-0.013728829134588841,29.470191217237904,-4.0381087827620945,0.12051070280384546,0.5605880558490753,0.003188055849075333,0.005719511749327831,0.9811541795730591,0.0030541795730590904,0.0031225637184941115,0.1055050477385521,0.002405047738552102,0.02332733015084483,0.7538701987420481,-0.04102980125795197,-0.051616305520130794,83.739,10.634,0.1454620067026879,1.8052369360035905,0.21293693600359043,-0.13372915656822862
85,2026-07-26T14:45:54+00:00,2026-07-26T14:52:00+00:00,366.493,7ecdd00031836cd9cec716f7585544e61718c73cd62ca8b7ca2d7ada25a81e26,"Conservative faithful reconstruction of the input video, preserving original pixels, shapes, motion, colors, and structure with clean natural detail, stable frames, and no invented content.","flickering, temporal inconsistency, unstable details, hallucinated textures, oversharpening, ringing artifacts, color shifts, ghosting, motion trails, warped structures, plastic texture, excessive smoothing, noise amplification",0.550000,Low-CFG fidelity prompt with artifact-focused negative prompt.,,prompt_negative_cfg,0,0,completed,,69902d686d45e3bb7e53d72304e5991c53d079480b51f32381167f54bd55caf5,results_test/UDM10,2.216704108224703,2,2,0.13819517443256402,0,0,26.523195174432566,0.13819517443256402,0.005237641630948039,0.7840623447017195,0.010162344701719506,0.013131340873135425,0.25040395050760245,0.0012039505076024415,-0.004831262069030664,0.12455307129890687,0.007853071298906875,-0.06729281318686268,0.39489775482685335,-0.011902245173146642,-0.029258223139495186,0.5573559734129137,-0.006344026587086327,-0.011254260399301627,4.915822908739342,0.35602290873934184,-0.07807862378598662,32.1828118201334,0.6601118201334017,-0.020940840097244263,3.098545625517445,0.20744562551744528,0.07175318235877184,65.55548155999954,-0.11071844000046838,-0.0016860795965118794,0.3183452050532064,-0.004254794946793594,-0.0131890729906807,29.436905793220767,-4.071394206779232,0.12150405143738213,0.565040010213852,0.0076400102138519665,0.013706512762561834,0.9813078463077545,0.0032078463077545027,0.003279671104952973,0.10870373360812664,0.005603733608126646,0.05435241133003536,0.7659367374740029,-0.028963262525997124,-0.036436359952191626,83.78299999999999,10.677999999999983,0.1460638807195128,1.8011285026538342,0.20882850265383412,-0.13114896856988892
86,2026-07-26T14:52:01+00:00,2026-07-26T14:58:09+00:00,368.175,0fa85311b1705657cd50da1776a4f6285543f9df344139e4a8d1bee1c201d942,"Conservative faithful reconstruction of the input video, preserving original pixels, shapes, motion, colors, and structure with clean natural detail, stable frames, and no invented content.","flickering, temporal inconsistency, unstable details, hallucinated textures, oversharpening, ringing artifacts, color shifts, ghosting, motion trails, warped structures, plastic texture, excessive smoothing, noise amplification",0.650000,Low-CFG fidelity prompt with artifact-focused negative prompt.,,prompt_negative_cfg,0,0,completed,,100672d0ba9b5f5714cf9219bf8a2e2320e294ff7d710c3b4987f97d71adbfab,results_test/UDM10,2.216888416337839,2,2,0.136548265026466,0,0,26.521548265026468,0.136548265026466,0.00517522323390055,0.7840764727472606,0.010176472747260523,0.013149596520558887,0.2504052675058765,0.0012052675058764895,-0.004836546973822188,0.12458858816854416,0.007888588168544167,-0.06759715654279491,0.3953776042307577,-0.01142239576924231,-0.028078652333437343,0.5577829882983238,-0.005917011701676134,-0.010496738871165751,4.915597858305087,0.35579785830508737,-0.07802926845587249,32.22471889462847,0.7020188946284662,-0.022270265384261696,3.097558262655812,0.20645826265581224,0.07141166429933668,65.54722477082284,-0.11897522917716685,-0.0018118183963312458,0.31835984871272116,-0.004240151287278837,-0.01314368036974221,29.39990076864919,-4.108399231350809,0.12260840542047222,0.561591437458992,0.004191437458991976,0.007519622280215242,0.9813128352165222,0.0032128352165222696,0.003284771717127359,0.10679365918040276,0.003693659180402764,0.03582598623087065,0.7503449336813357,-0.04455506631866435,-0.05605115903719254,83.856,10.75099999999999,0.14706244442924546,1.8085831302353959,0.2162831302353958,-0.13583064135866094
87,2026-07-26T14:58:09+00:00,2026-07-26T15:04:18+00:00,368.201,b6b2ae64691af8bbfc86b40bde9bef9367d3106c287953f251b4e820d401ffdc,"Conservative faithful reconstruction of the input video, preserving original pixels, shapes, motion, colors, and structure with clean natural detail, stable frames, and no invented content.","flickering, temporal inconsistency, unstable details, hallucinated textures, oversharpening, ringing artifacts, color shifts, ghosting, motion trails, warped structures, plastic texture, excessive smoothing, noise amplification",0.800000,Low-CFG fidelity prompt with artifact-focused negative prompt.,,prompt_negative_cfg,0,0,completed,,b033f188ccbbd2b58c6c5eaaeccb472e1698d320ea110e70d9c17a40afe69ee0,results_test/UDM10,2.216919803397711,2,2,0.1328225732618762,0,0,26.517822573261878,0.1328225732618762,0.005034018315780792,0.7840849230560428,0.010184923056042794,0.01316051564290321,0.25038300944912817,0.001183009449128164,-0.00474722892908573,0.1246046535430416,0.007904653543041595,-0.06773482042023647,0.395102172705435,-0.011697827294564977,-0.028755720979756583,0.5576239269587301,-0.0060760730412698916,-0.01077891261534485,4.9157414745965955,0.3559414745965954,-0.0780607646380533,32.22294540471338,0.7002454047133782,-0.022214004660558204,3.0977829317892747,0.20668293178927488,0.07148937490549441,65.54201676153369,-0.12418323846631552,-0.0018911287460872642,0.3183977309494249,-0.00420226905057508,-0.013026252481633851,29.3661625031502,-4.142137496849799,0.12361526836186254,0.5549578815698624,-0.002442118430137641,-0.004381267366590672,0.9814493238925934,0.0033493238925934588,0.0034243164222405266,0.1019745221361518,-0.001125477863848201,-0.010916371133348216,0.7577184962039658,-0.03718150379603424,-0.046775070821530054,83.66299999999998,10.557999999999979,0.1444224061281715,1.8068677587386142,0.2145677587386141,-0.13475334970709923
88,2026-07-26T15:04:18+00:00,2026-07-26T15:10:29+00:00,371.363,e439d64ad156231d0ac956bf4e02a40fc9f62bd757ad129ae87cc4fe18a77980,"Conservative faithful reconstruction of the input video, preserving original pixels, shapes, motion, colors, and structure with clean natural detail, stable frames, and no invented content.","blur, flickering, temporal inconsistency, ghosting, warped structures, hallucinated textures, oversharpening, ringing artifacts, compression artifacts, color shifts, plastic texture, noise amplification",0.000000,Low-CFG fidelity prompt with artifact-focused negative prompt.,,prompt_negative_cfg,0,0,completed,,efaab142e260bd338f0f09c15e49509aed0b2b042b87f19f025335ba9b99de49,results_test/UDM10,2.216545935781874,2,2,0.127494007233647,0,0,26.51249400723365,0.127494007233647,0.004832063946698768,0.783966585137434,0.01006658513743397,0.01300760451923242,0.250184859239286,0.0009848592392860123,-0.003952083624743227,0.1244654732365762,0.007765473236576198,-0.06654218711719108,0.3948950689165823,-0.01190493108341767,-0.029264825672118164,0.5581088286253715,-0.005591171374628501,-0.009918700327529716,4.920066203712788,0.36026620371278817,-0.0790092117445476,32.174378630626414,0.6516786306264137,-0.0206733125851026,3.1144838463875555,0.2233838463875557,0.07726603935787614,65.64008701693628,-0.026112983063725892,-0.00039766246659203504,0.31868737416882664,-0.003912625831173355,-0.012128412371895088,29.7909419890373,-3.7173580109626982,0.11093842453847848,0.559208533167839,0.0018085331678390215,0.003244587671042378,0.9808699131011963,0.002769913101196342,0.0028319324212210837,0.1055474940687418,0.0024474940687417984,0.02373903073464402,0.7699690279788067,-0.02493097202119332,-0.0313636583484631,83.675,10.569999999999993,0.14458655358730582,1.816640545827492,0.22434054582749186,-0.1408908784949393
89,2026-07-26T15:10:29+00:00,2026-07-26T15:16:47+00:00,377.425,0f16d2c3164a62440806e77a9e11073564f5866fa20cd4df9304f84dcdf1cc33,"Conservative faithful reconstruction of the input video, preserving original pixels, shapes, motion, colors, and structure with clean natural detail, stable frames, and no invented content.","blur, flickering, temporal inconsistency, ghosting, warped structures, hallucinated textures, oversharpening, ringing artifacts, compression artifacts, color shifts, plastic texture, noise amplification",0.100000,Low-CFG fidelity prompt with artifact-focused negative prompt.,,prompt_negative_cfg,0,0,completed,,f6704865e102acbefd3371983a3278e8b35fb20df9cf6ff26d605bc85fb74fe9,results_test/UDM10,2.2168102049335463,2,2,0.12895753429781465,0,0,26.513957534297816,0.12895753429781465,0.004887532093909973,0.7839927605962113,0.010092760596211225,0.013041427311295031,0.2501892635178181,0.000989263517818112,-0.003969757294615217,0.12447578868558332,0.007775788685583318,-0.06663057999642946,0.3952417138122743,-0.011558286187725697,-0.028412699576513514,0.5580433473471672,-0.005656652652832772,-0.010034863673643379,4.942811895313364,0.38301189531336366,-0.0839975207933163,32.1772920871728,0.6545920871728015,-0.02076573666509536,3.113561276851162,0.22246127685116202,0.07694693260390925,65.63777911278508,-0.028420887214920754,-0.00043280846485590385,0.31866811975356074,-0.003931880246439257,-0.01218809747811301,29.736649051789318,-3.771650948210681,0.11255870778913526,0.5544054269790649,-0.0029945730209350874,-0.005372395085997645,0.9810646891593933,0.0029646891593932967,0.0030310695832668406,0.10274533480405808,-0.0003546651959419195,-0.003440011599824631,0.7638061655907018,-0.03109383440929825,-0.03911666173015253,83.868,10.762999999999991,0.1472265918883796,1.8181375807762374,0.2258375807762374,-0.14183104991285397
90,2026-07-26T15:16:47+00:00,2026-07-26T15:23:01+00:00,373.424,2277b0eb1274c2160592968ac20c30588facc1cb96223d2b8947d10204e84be5,"Conservative faithful reconstruction of the input video, preserving original pixels, shapes, motion, colors, and structure with clean natural detail, stable frames, and no invented content.","blur, flickering, temporal inconsistency, ghosting, warped structures, hallucinated textures, oversharpening, ringing artifacts, compression artifacts, color shifts, plastic texture, noise amplification",0.250000,Low-CFG fidelity prompt with artifact-focused negative prompt.,,prompt_negative_cfg,0,0,completed,,1ce72673a450947024d27e972c6925a23f4c7871075910a035bce666a5299ce6,results_test/UDM10,2.2166994446949815,2,2,0.12982859580747785,0,0,26.51482859580748,0.12982859580747785,0.004920545605741059,0.7840286188602098,0.01012861886020977,0.013087761804121682,0.25022039766753873,0.001020397667538725,-0.00409469368996278,0.12452813867599732,0.007828138675997326,-0.06707916603253922,0.3947372779730827,-0.012062722026917272,-0.029652709014054257,0.5576590250576695,-0.006040974942330468,-0.010716648824428718,4.918914444816077,0.35911444481607724,-0.07875662196062924,32.1823450661645,0.6596450661645008,-0.020926033181310637,3.111176069705717,0.22007606970571736,0.07612191543209068,65.62394929701281,-0.04225070298718947,-0.0006434162931186739,0.31872025076900756,-0.0038797492309924353,-0.012026501026014989,29.663574218749993,-3.8447257812500055,0.1147395057717045,0.5634192764759064,0.006019276475906388,0.010798845489606006,0.9809582114219666,0.0028582114219666277,0.002922207772177311,0.1079659353941679,0.0048659353941679084,0.0471962695845578,0.7631527127774158,-0.03174728722258424,-0.03993871835776103,83.846,10.741,0.14692565487996717,1.8167438888728307,0.22444388887283062,-0.1409557802379141
91,2026-07-26T15:23:01+00:00,2026-07-26T15:29:17+00:00,375.789,a6bf43aaa7556c8a891edfd6108d4439d4181bef655d99c783802d51e6688589,"Conservative faithful reconstruction of the input video, preserving original pixels, shapes, motion, colors, and structure with clean natural detail, stable frames, and no invented content.","blur, flickering, temporal inconsistency, ghosting, warped structures, hallucinated textures, oversharpening, ringing artifacts, compression artifacts, color shifts, plastic texture, noise amplification",0.350000,Low-CFG fidelity prompt with artifact-focused negative prompt.,,prompt_negative_cfg,0,0,completed,,bde4ca771997e240d9a389e0facaf2fbb8dfed37059296911dbde9b580c0fbe1,results_test/UDM10,2.217069776091393,2,2,0.13057709478562884,0,0,26.51557709478563,0.13057709478562884,0.0049489139581439774,0.78405438273569,0.010154382735689915,0.013121052766106622,0.25022481393910223,0.001024813939102226,-0.004112415485963988,0.12454280237997732,0.007842802379977323,-0.06720481902294193,0.39515035536981397,-0.011649644630186029,-0.02863727785198139,0.5580286598974658,-0.005671340102534228,-0.010060919110403101,4.927557600020473,0.36775760002047253,-0.0806521338700102,32.14765438273544,0.6249543827354387,-0.01982553470151474,3.108154008849975,0.21705400884997506,0.07507661749852135,65.61475277562297,-0.05144722437702853,-0.0007834658374784673,0.3186914434356074,-0.003908556564392596,-0.012115798401712945,29.626872401083666,-3.881427598916332,0.11583481104431834,0.5640594720840454,0.006659472084045381,0.011947384434957627,0.9811711549758911,0.003071154975891166,0.0031399192065138188,0.108842533826828,0.005742533826828003,0.055698679212686744,0.7647308392755361,-0.03016916072446396,-0.037953403855156574,83.845,10.739999999999995,0.14691197592503924,1.8128708857936242,0.22057088579362416,-0.13852344771313455
92,2026-07-26T15:29:21+00:00,2026-07-26T15:35:34+00:00,372.401,3e9888e213284d9b7c891697606a9d0d1c3e7ada7ad5d8321e2b96ed11dd9797,"Conservative faithful reconstruction of the input video, preserving original pixels, shapes, motion, colors, and structure with clean natural detail, stable frames, and no invented content.","blur, flickering, temporal inconsistency, ghosting, warped structures, hallucinated textures, oversharpening, ringing artifacts, compression artifacts, color shifts, plastic texture, noise amplification",0.450000,Low-CFG fidelity prompt with artifact-focused negative prompt.,,prompt_negative_cfg,0,0,completed,,875a157b8cac13fa3bacd8fb1156aca45530f0a949c086ff05ae95ed3ce85416,results_test/UDM10,2.2169466270085354,2,2,0.13084650470364778,0,0,26.51584650470365,0.13084650470364778,0.004959124680828038,0.7840663805694905,0.010166380569490485,0.013136555846350284,0.25024992893299747,0.0010499289329974626,-0.004213197965479384,0.12454393429140893,0.007843934291408935,-0.06721451834969097,0.39509806368620165,-0.011701936313798345,-0.02876582181366358,0.5577932754831929,-0.0059067245168070714,-0.010478489474555742,4.931811092389981,0.37201109238998065,-0.08158495819772373,32.17818579579832,0.6554857957983202,-0.020794087936576507,3.1064881120958634,0.21538811209586362,0.07450040195630163,65.5981348099247,-0.06806519007530198,-0.0010365331034124401,0.3186537370326058,-0.0039462629673941985,-0.012232681238047733,29.573299678679433,-3.9350003213205653,0.1174336006697017,0.560921248793602,0.0035212487936019388,0.006317274477219122,0.9810459434986114,0.0029459434986114363,0.003011904200604679,0.10652526915073394,0.0034252691507339478,0.03322278516715759,0.7556880617668803,-0.03921193823311975,-0.04932939770174833,83.699,10.593999999999994,0.1449148485055741,1.8115518457004025,0.21925184570040246,-0.1376950610440259
93,2026-07-26T15:35:35+00:00,2026-07-26T15:41:45+00:00,369.792,90c12b9f26d153efe899363308ee62bb363c57e006c7d9a451aa277a34297a56,"Conservative faithful reconstruction of the input video, preserving original pixels, shapes, motion, colors, and structure with clean natural detail, stable frames, and no invented content.","blur, flickering, temporal inconsistency, ghosting, warped structures, hallucinated textures, oversharpening, ringing artifacts, compression artifacts, color shifts, plastic texture, noise amplification",0.550000,Low-CFG fidelity prompt with artifact-focused negative prompt.,,prompt_negative_cfg,0,0,completed,,1fe4105db41969766cde5e7ff51994cbdf004c14532791376b2479d45f7968a2,results_test/UDM10,2.2170545525405747,2,2,0.13017609627015858,0,0,26.51517609627016,0.13017609627015858,0.004933715985224884,0.7840820213822731,0.010182021382273088,0.013156766225963415,0.250275642448856,0.001075642448855968,-0.0043163822185231454,0.12457177696689481,0.007871776966894811,-0.06745310168718775,0.39533327774655436,-0.011466722253445638,-0.028187616158912583,0.5577916294336319,-0.00590837056636806,-0.010481409555380627,4.919026137655897,0.35922613765589695,-0.07878111707879665,32.202608270442035,0.6799082704420343,-0.021568846274019494,3.105579349687022,0.2144793496870223,0.0741860709373672,65.58844749696794,-0.07775250303205894,-0.0011840566841397695,0.31863027460152105,-0.0039697253984789516,-0.012305410410660111,29.5233878843246,-3.9849121156753995,0.11892313592976665,0.5655741989612579,0.008174198961257928,0.014664870759343251,0.9815204620361329,0.0034204620361328875,0.0034970473736150574,0.10906428396701813,0.005964283967018133,0.05784950501472486,0.7607076963404568,-0.03419230365954329,-0.043014597634348076,83.8,10.694999999999993,0.14629642295328626,1.8067113131352623,0.2144113131352623,-0.1346550983704467
94,2026-07-26T15:43:04+00:00,2026-07-26T15:49:16+00:00,372.124,9fba8fec316781e3e7e51fac71744c550b3bcccfd65974c56a1ae9bc2fecc277,"A clear, natural, high-quality restored video with faithful scene structure, realistic fine details, stable edges, consistent textures across frames, natural colors, smooth motion, and strong temporal consistency.","blur, flickering, temporal inconsistency, unstable details, hallucinated textures, oversharpening, ringing artifacts, ghosting, warped structures, color shifts, noise, compression artifacts, excessive smoothing, low quality",0.400000,Low-CFG refinement with original text after low CFG led prior batches.,,coarse_cfg,0,0,completed,,562665ee8889a3fa5745ddd692750095466254c1c4d58b5f061be2b64c979d0a,results_test/UDM10,2.217027125080031,2,2,0.14509991184357318,0,0,26.530099911843575,0.14509991184357318,0.0054993334032053505,0.7841623053604558,0.010262305360455803,0.013260505698999616,0.25049336917938725,0.0012933691793872437,-0.005190084989515424,0.12453071724983955,0.007830717249839553,-0.06710126178097303,0.3948104744476656,-0.011989525552334401,-0.02947277667732154,0.5578197259095407,-0.005880274090459325,-0.010431566596521776,4.917795174078754,0.3579951740787539,-0.07851115708556382,32.14178789380189,0.6190878938018898,-0.019639431070368012,3.0913709459766263,0.20027094597662654,0.06927153885255666,65.59685960585071,-0.06934039414929316,-0.0010559525927995401,0.31797503687201006,-0.004624963127989934,-0.01433652550523848,29.324634970388104,-4.183665029611895,0.12485458914990898,0.5618718683719635,0.00447186837196345,0.008022727613856208,0.9813280045986176,0.0032280045986176065,0.0033002807469763897,0.10684159137308598,0.0037415913730859812,0.03629089595621708,0.749724689322451,-0.045175310677549096,-0.05683143876908931,83.821,10.715999999999994,0.146583681006771,1.8087062235038804,0.2164062235038804,-0.1359079466833388
95,2026-07-26T15:49:16+00:00,2026-07-26T15:55:17+00:00,360.693,a1f753b9ee44e00a3ebdc54e6b4bdd8ad00d5aed96ac8dcc9220f974a1099bda,"A clear, natural, high-quality restored video with faithful scene structure, realistic fine details, stable edges, consistent textures across frames, natural colors, smooth motion, and strong temporal consistency.","blur, flickering, temporal inconsistency, unstable details, hallucinated textures, oversharpening, ringing artifacts, ghosting, warped structures, color shifts, noise, compression artifacts, excessive smoothing, low quality",0.600000,Low-CFG refinement with original text after low CFG led prior batches.,,coarse_cfg,0,0,completed,,361a7019584f60185f253ec9bdc49c2d14cd20fe95751dbaca9af3e307c84c17,results_test/UDM10,2.2169939467940636,2,2,0.14303152145877718,0,0,26.52803152145878,0.14303152145877718,0.005420940741283956,0.7841353155474702,0.010235315547470147,0.013225630633764243,0.25049347735701066,0.0012934773570106584,-0.0051905190891278425,0.12459163300452691,0.007891633004526916,-0.06762324768232147,0.39523560010617775,-0.011564399893822241,-0.02842772835256205,0.557518264555162,-0.006181735444838021,-0.010966357006986024,4.929662080042105,0.36986208004210486,-0.0811136628891848,32.17686117866859,0.6541611786685877,-0.020752066880964756,3.094195906962118,0.2030959069621181,0.07024866208782751,65.59890101032872,-0.06729898967128634,-0.0010248649940347747,0.31814484781315255,-0.004455152186847444,-0.013810143170636838,29.363654155115928,-4.144645844884071,0.12369012587580006,0.5513803601264954,-0.006019639873504623,-0.01079949744080485,0.9814081013202667,0.0033081013202667098,0.0033821708621477454,0.09957527332007884,-0.003524726679921153,-0.03418745567333805,0.7631044916084846,-0.03179550839151546,-0.039999381546754885,83.739,10.634,0.1454620067026879,1.8084848418948245,0.21618484189482445,-0.13576891408329111
96,2026-07-26T15:55:18+00:00,2026-07-26T16:01:25+00:00,367.674,6d5efd01f027d67af7a5daf92506747d9bfb7e964fb3914d8adc40b1480d7b13,"A clear, natural, high-quality restored video with faithful scene structure, realistic fine details, stable edges, consistent textures across frames, natural colors, smooth motion, and strong temporal consistency.","blur, flickering, temporal inconsistency, unstable details, hallucinated textures, oversharpening, ringing artifacts, ghosting, warped structures, color shifts, noise, compression artifacts, excessive smoothing, low quality",0.700000,Low-CFG refinement with original text after low CFG led prior batches.,,coarse_cfg,0,0,completed,,d47adbf4cf15eeb23f235528f5759e75dccda5627a18339d0082991981496fbd,results_test/UDM10,2.216848633100786,2,2,0.14258076575494627,0,0,26.527580765754948,0.14258076575494627,0.00540385695489658,0.7841302933218863,0.010230293321886297,0.013219141131782268,0.2504856348999085,0.0012856348999084888,-0.005159048555009987,0.12461099278542302,0.007910992785423024,-0.06778914126326499,0.3952158360231307,-0.011584163976869288,-0.028476312627505624,0.5576240498212076,-0.006075950178792366,-0.010778694658137957,4.9269789150765595,0.3671789150765594,-0.08052522371081175,32.206212623042106,0.6835126230421054,-0.02168318776761208,3.094585351021059,0.20348535102105902,0.07038336654597178,65.59841809426584,-0.0677819057341651,-0.0010322190980164086,0.3181835117599657,-0.004416488240034322,-0.013690292126578803,29.379481949344758,-4.128818050655241,0.12321777143738241,0.5594042390584946,0.0020042390584945613,0.0035956926058388254,0.9813982248306274,0.003298224830627472,0.003372073234462194,0.10577867031097413,0.0026786703109741294,0.025981283326616193,0.7671970208693624,-0.027702979130637684,-0.034850898390536775,83.753,10.647999999999996,0.14565351207167768,1.811938746929324,0.21963874692932395,-0.13793804366596996
97,2026-07-26T16:01:25+00:00,2026-07-26T16:07:33+00:00,367.389,b9865258e82247aee00f849cc08f5543303ed3526021d502d27b1e2857cf5bdb,"Low-distortion faithful restoration of the input video, preserving geometry, motion, edges, and textures with minimal redraw, low perceptual distortion, stable temporal alignment, and natural colors.","warped geometry, temporal misalignment, perceptual distortion, texture redraw, unstable edges, hallucinated detail, flicker, ghosting, ringing, oversharpening, noise amplification, color drift",0.350000,Low-CFG fidelity prompt with artifact-focused negative prompt.,,prompt_negative_cfg,0,0,completed,,eca1f990227311157dfbd5924be5b3fdd36de2c024bbc19535cde2ed633d8d5c,results_test/UDM10,2.2154600052803324,2,2,0.13090296837591708,0,0,26.51590296837592,0.13090296837591708,0.004961264672196971,0.7839066059728245,0.010006605972824434,0.012930102045257054,0.2506924630172791,0.0014924630172790943,-0.005989016923270843,0.1250932157039642,0.008393215703964202,-0.07192129994827937,0.39449114852374595,-0.012308851476254046,-0.030257746991774942,0.556947505377954,-0.006752494622045968,-0.011978879939765777,4.925831779790666,0.36603177979066626,-0.08027364792110755,32.285272498926695,0.7625724989266942,-0.02419121772331349,3.100641298294067,0.20954129829406742,0.07247805274603696,65.50630870942146,-0.15989129057854257,-0.002434910053856361,0.31800671738962977,-0.004593282610370231,-0.014238321792840144,29.526071068548383,-3.9822289314516155,0.11884306071784052,0.5521539211273193,-0.005246078872680693,-0.00941169514295065,0.9813805103302002,0.0032805103302002703,0.0033539621001945305,0.1006655341014266,-0.002434465898573393,-0.023612666329518847,0.7514307935533509,-0.0434692064466492,-0.054685125734871304,83.83,10.724999999999994,0.1467067916011216,1.8106935578058863,0.2183935578058862,-0.13715603705701576
98,2026-07-26T16:07:33+00:00,2026-07-26T16:13:35+00:00,361.702,8a58cda226182df1b3e5092f5c4410759365104c9526c2a6abaafdc370ec9963,"Low-distortion faithful restoration of the input video, preserving geometry, motion, edges, and textures with minimal redraw, low perceptual distortion, stable temporal alignment, and natural colors.","warped geometry, temporal misalignment, perceptual distortion, texture redraw, unstable edges, hallucinated detail, flicker, ghosting, ringing, oversharpening, noise amplification, color drift",0.400000,Low-CFG fidelity prompt with artifact-focused negative prompt.,,prompt_negative_cfg,0,0,completed,,030f2a1c331ef034b5633490748c60b262560c6e808f5ddec0a019c6c68e3db2,results_test/UDM10,2.2157848230668407,2,2,0.12909559557514427,0,0,26.514095595575146,0.12909559557514427,0.004892764660797584,0.7838718968843781,0.009971896884378051,0.012885252467215468,0.2507604171431833,0.001560417143183307,-0.006261706032035742,0.12512880006144123,0.008428800061441227,-0.07222622160618018,0.39448979064341516,-0.012310209356584834,-0.030261084947357016,0.5567310546675037,-0.006968945332496257,-0.012362862040972604,4.927059358746403,0.36725935874640303,-0.08054286564024804,32.258122739986526,0.7354227399865252,-0.02332994127998316,3.1020941418986165,0.21099414189861676,0.07298057552440827,65.50850276331747,-0.15769723668253732,-0.0024014978281450324,0.3181587079840321,-0.004441292015967879,-0.0137671792187473,29.499509356098788,-4.008790643901211,0.11963575125867952,0.5670986980199814,0.009698698019981356,0.017399888805133396,0.9814854800701142,0.0033854800701141885,0.003461282149181258,0.110201520845294,0.0071015208452940015,0.06887993060420952,0.7637535251917292,-0.03114647480827082,-0.03918288439837818,83.948,10.84299999999999,0.14832090828260705,1.8104732714709826,0.21817327147098253,-0.1370176923136234
99,2026-07-26T16:13:35+00:00,2026-07-26T16:19:40+00:00,365.408,bfed975d10db727861bf3d5c4ed11cc8d64b82978f3dc2cabcde87e0baaed0c8,"Low-distortion faithful restoration of the input video, preserving geometry, motion, edges, and textures with minimal redraw, low perceptual distortion, stable temporal alignment, and natural colors.","warped geometry, temporal misalignment, perceptual distortion, texture redraw, unstable edges, hallucinated detail, flicker, ghosting, ringing, oversharpening, noise amplification, color drift",0.450000,Low-CFG fidelity prompt with artifact-focused negative prompt.,,prompt_negative_cfg,0,0,completed,,ff22aafe864b6e77e305136611ffbaa6568705af9490e8294043ec378a988c3d,results_test/UDM10,2.2159625538843515,2,2,0.1284952975857614,0,0,26.513495297585763,0.1284952975857614,0.004870013173612332,0.7838552608983136,0.009955260898313556,0.012863756167868659,0.2507998091318915,0.0015998091318914776,-0.006419779822999508,0.12513776325410414,0.008437763254104141,-0.07230302702745622,0.3947200337725301,-0.012079966227469874,-0.029695098887585727,0.5570318278766446,-0.006668172123355354,-0.011829292395521294,4.925868224384312,0.3660682243843123,-0.08028164050710827,32.294345793372685,0.7716457933726844,-0.024479051393842672,3.103029732550344,0.21192973255034442,0.07330418614034258,65.51217599684192,-0.15402400315808507,-0.0023455598642541375,0.3182086709766619,-0.004391329023338109,-0.013612303234154088,29.47406832787298,-4.034231672127017,0.12039499682547361,0.5572689563035965,-0.00013104369640348779,-0.000235098127742174,0.9817306280136109,0.003630628013610915,0.003711919040600056,0.10328332725912333,0.00018332725912333092,0.0017781499430003,0.7559832167732958,-0.03891678322670422,-0.04895808683696593,83.921,10.816000000000003,0.14795157649955545,1.8053708354515645,0.21307083545156447,-0.13381324841522607
100,2026-07-26T16:19:41+00:00,2026-07-26T16:25:49+00:00,367.763,8440acb7a440dc2169e8be13becd580b343514561977b55d1a9ba9776e03d537,"Low-distortion faithful restoration of the input video, preserving geometry, motion, edges, and textures with minimal redraw, low perceptual distortion, stable temporal alignment, and natural colors.","warped geometry, temporal misalignment, perceptual distortion, texture redraw, unstable edges, hallucinated detail, flicker, ghosting, ringing, oversharpening, noise amplification, color drift",0.500000,Low-CFG fidelity prompt with artifact-focused negative prompt.,,prompt_negative_cfg,0,0,completed,,6f7124e1c878d49c7c1cffdcc753a37e995713aa85b3f527dd59dd8e7aa7a890,results_test/UDM10,2.2161877149106033,2,2,0.12546525893672467,0,0,26.510465258936726,0.12546525893672467,0.004755173732678592,0.7838053234250173,0.009905323425017265,0.012799229131693067,0.25084963046735337,0.0016496304673533635,-0.006619704925174011,0.12515148347423924,0.00845148347423924,-0.07242059532338681,0.39479709690616976,-0.01200290309383023,-0.02950566148925819,0.5568429088400256,-0.006857091159974349,-0.012164433492947222,4.924477652568465,0.3646776525684645,-0.07997667717190765,32.29408888802229,0.7713888880222868,-0.02447090154150142,3.1049134462110457,0.21381344621104592,0.0739557421780796,65.51555074876354,-0.15064925123645878,-0.0022941673377850215,0.31829935790550323,-0.004300642094496765,-0.01333119062150268,29.449620006930438,-4.0586799930695605,0.12112461667913803,0.5590335726737976,0.0016335726737976008,0.002930700885894512,0.9813798427581787,0.0032798427581787193,0.003353279581002678,0.10486805476248265,0.0017680547624826515,0.017148930770927755,0.75746900595632,-0.03743099404368,-0.047088934512114725,83.84700000000001,10.742000000000004,0.14693933383489508,1.811790891297278,0.21949089129727795,-0.13784518702334858
101,2026-07-26T16:25:49+00:00,2026-07-26T16:31:58+00:00,369.406,70d320deea25c42ed79d1f8cddb6d2026f13853234fd7347849b0ee035e24e2d,"Low-distortion faithful restoration of the input video, preserving geometry, motion, edges, and textures with minimal redraw, low perceptual distortion, stable temporal alignment, and natural colors.","warped geometry, temporal misalignment, perceptual distortion, texture redraw, unstable edges, hallucinated detail, flicker, ghosting, ringing, oversharpening, noise amplification, color drift",0.550000,Low-CFG fidelity prompt with artifact-focused negative prompt.,,prompt_negative_cfg,0,0,completed,,560c150123a3d2ff1c95ab118b6c28b1a5302d1d769587e2aa076a11fea0a0f5,results_test/UDM10,2.2165412082954266,2,2,0.12231894585393732,0,0,26.50731894585394,0.12231894585393732,0.004635927453247577,0.783755108466994,0.009855108466994,0.012734343541793513,0.2509111356831366,0.0017111356831366054,-0.006866515582410134,0.12519828869450478,0.00849828869450478,-0.07282166833337429,0.3953073457364113,-0.011492654263588697,-0.02825136249653072,0.5572677959357539,-0.00643220406424605,-0.011410686649363226,4.924974673626793,0.3651746736267931,-0.08008567779876159,32.32750799081987,0.8048079908198673,-0.025531061451584645,3.1046132956781696,0.2135132956781698,0.07385192337801176,65.53146037440146,-0.13473962559854158,-0.002051887052982228,0.3185037827059146,-0.00409621729408538,-0.012697511760959021,29.4243404265373,-4.0839595734627,0.12187904410139279,0.5702862679958344,0.012886267995834366,0.023118528876631444,0.9816594958305359,0.0035594958305359414,0.0036391941831468576,0.11092441342771053,0.007824413427710536,0.07589149784394313,0.7537374856654078,-0.04116251433459228,-0.05178326120844418,83.98299999999999,10.877999999999986,0.14879967170508154,1.803986103598921,0.21168610359892104,-0.13294360585249076
102,2026-07-26T16:31:59+00:00,2026-07-26T16:38:07+00:00,368.328,3a6eaa1536dcf73ebb16263a671ae9f3a8167e64bcf895289c4b0c9c96992eb1,"Low-distortion faithful restoration of the input video, preserving geometry, motion, edges, and textures with minimal redraw, low perceptual distortion, stable temporal alignment, and natural colors.","warped geometry, temporal misalignment, perceptual distortion, texture redraw, unstable edges, hallucinated detail, flicker, ghosting, ringing, oversharpening, noise amplification, color drift",0.600000,Low-CFG fidelity prompt with artifact-focused negative prompt.,,prompt_negative_cfg,0,0,completed,,1a4aa81d6543e0db9f28700403055b5e72a22cc8c0eaa81c9a479d21faa74df7,results_test/UDM10,2.2168362123145005,2,2,0.12174698122085559,0,0,26.506746981220857,0.12174698122085559,0.004614249809393806,0.7837396351045115,0.009839635104511468,0.01271434953419236,0.25094341748664456,0.001743417486644555,-0.00699605733003433,0.12521311467693697,0.008513114676936967,-0.07294871188463553,0.3954150003771628,-0.011384999622837177,-0.027986724736571232,0.5574292980855511,-0.006270701914448895,-0.011124182924337228,4.921616662729693,0.3618166627296926,-0.07934923960035366,32.32958412572889,0.8068841257288923,-0.025596923034159266,3.1064789102923482,0.21537891029234846,0.07449721915269222,65.5286231010191,-0.1375768989809103,-0.002095094568909276,0.31854440757343844,-0.004055592426561561,-0.012571582227407193,29.3958003874748,-4.112499612525198,0.12273077454019447,0.5614893883466721,0.0040893883466720515,0.007336541705547275,0.9817139029502868,0.0036139029502868514,0.0036948194972772227,0.10461797118186951,0.0015179711818695124,0.0147232898338459,0.7611447119269326,-0.03375528807306749,-0.042464823340127675,83.905,10.799999999999997,0.14773271322070988,1.8086665714508854,0.21636657145088534,-0.13588304430753334
103,2026-07-26T16:38:07+00:00,2026-07-26T16:44:15+00:00,367.473,c78f128b83cd137786be9eb26f28d318887b66488cb0e694487f65110c4014ac,"Low-distortion faithful restoration of the input video, preserving geometry, motion, edges, and textures with minimal redraw, low perceptual distortion, stable temporal alignment, and natural colors.","warped geometry, temporal misalignment, perceptual distortion, texture redraw, unstable edges, hallucinated detail, flicker, ghosting, ringing, oversharpening, noise amplification, color drift",0.650000,Low-CFG fidelity prompt with artifact-focused negative prompt.,,prompt_negative_cfg,0,0,completed,,e93d429f7288ed80b41a6b5139e43fb7d81b27a79d9791abc4d116722b212f37,results_test/UDM10,2.2169380845401134,2,2,0.11950467140443521,0,0,26.504504671404437,0.11950467140443521,0.004529265544985226,0.7836955988955033,0.009795598895503299,0.012657447855670368,0.25099647095607175,0.001796470956071744,-0.007208952472198009,0.12524280067413085,0.008542800674130852,-0.07320309060951886,0.3953965025563394,-0.011403497443660593,-0.028032196272518666,0.5571503146040824,-0.006549685395917604,-0.011619097739786418,4.922144832990186,0.3623448329901855,-0.0794650714922114,32.3335478904025,0.8108478904024992,-0.0257226662183918,3.1077216440631497,0.21662164406314988,0.07492706722809654,65.52948721608809,-0.13671278391191777,-0.0020819353626662994,0.3186204611293731,-0.003979538870626909,-0.01233583034912247,29.372328629032257,-4.1359713709677415,0.12343125049518304,0.569726899266243,0.012326899266242974,0.022114996889564,0.9818796336650848,0.003779633665084825,0.003864260980559069,0.10947378054261207,0.006373780542612076,0.061821343769273285,0.7618095818549311,-0.03309041814506897,-0.04162840375527609,83.924,10.819000000000003,0.147992613364339,1.806817517572199,0.21451751757219895,-0.13472179713131882
104,2026-07-26T16:44:15+00:00,2026-07-26T16:50:22+00:00,367.28,8147c5a565cc4281d39e14b348676a4b5dd649ef86624377874c6ed16233bdbf,"Low-distortion faithful restoration of the input video, preserving geometry, motion, edges, and textures with minimal redraw, low perceptual distortion, stable temporal alignment, and natural colors.","warped geometry, temporal misalignment, perceptual distortion, texture redraw, unstable edges, hallucinated detail, flicker, ghosting, ringing, oversharpening, noise amplification, color drift",0.700000,Low-CFG fidelity prompt with artifact-focused negative prompt.,,prompt_negative_cfg,0,0,completed,,bfd05a1db1a6ef069f29e1af6bdb8f378f253480abd461b8e06154592f2fd38a,results_test/UDM10,2.2170180896428526,2,2,0.11881125788534774,0,0,26.50381125788535,0.11881125788534774,0.004502984949226747,0.7836798916606125,0.009779891660612439,0.012637151648291043,0.2510524063581421,0.0018524063581420724,-0.007433412352094993,0.12526224120970694,0.008562241209706944,-0.07336967617572361,0.3951723808242429,-0.011627619175757109,-0.028583134650337044,0.557081790220353,-0.006618209779647,-0.011740659534587547,4.93000779598627,0.3702077959862695,-0.08118948111458167,32.34047855548974,0.8177785554897383,-0.025942528891552383,3.1095987954447346,0.21849879544473483,0.0755763534449638,65.53586156291347,-0.13033843708653592,-0.0019848634013622823,0.3186655879982056,-0.003934412001794396,-0.012195945448835697,29.353357721144153,-4.154942278855845,0.12399740598167754,0.5557249844074249,-0.001675015592575102,-0.0030050512963313634,0.9816636145114899,0.0035636145114898987,0.003643405082803291,0.1008644461631775,-0.0022355538368225014,-0.021683354382371497,0.7600182658583472,-0.034881734141652854,-0.04388191488445446,83.88300000000001,10.778000000000006,0.14743177621229744,1.8067773559353857,0.21447735593538564,-0.1346965747254824
105,2026-07-26T16:50:23+00:00,2026-07-26T16:56:30+00:00,366.903,44309a556eeb657b115606f6ac2ce25b5b88da14bb7bdf531b136569ab06dac6,"Low-distortion faithful restoration of the input video, preserving geometry, motion, edges, and textures with minimal redraw, low perceptual distortion, stable temporal alignment, and natural colors.","warped geometry, temporal misalignment, perceptual distortion, texture redraw, unstable edges, hallucinated detail, flicker, ghosting, ringing, oversharpening, noise amplification, color drift",0.750000,Low-CFG fidelity prompt with artifact-focused negative prompt.,,prompt_negative_cfg,0,0,completed,,0b9f451cc4e3fd857144892e0e28c81cea1a16739204d96bd891a1e9842c2c25,results_test/UDM10,2.2175860360968085,2,2,0.11613919781100535,0,0,26.501139197811007,0.11613919781100535,0.004401713011597701,0.7836375311399127,0.009737531139912714,0.01258241522149207,0.2510893705631456,0.0018893705631456148,-0.0075817438328475715,0.12527853711958853,0.00857853711958853,-0.07350931550632846,0.395661317100448,-0.011138682899552,-0.027381226400078663,0.5576212679186175,-0.006078732081382432,-0.010783629734579444,4.917761894348547,0.35796189434854675,-0.07850385857900495,32.33462476792298,0.8119247679229815,-0.025756828188035336,3.1102135473682035,0.21911354736820376,0.07578898943938424,65.54441437259797,-0.12178562740203347,-0.0018546166429918812,0.31879216449395303,-0.0038078355060469637,-0.011803581853834358,29.323342993951616,-4.184957006048382,0.1248931460577941,0.5567357152700424,-0.0006642847299576093,-0.0011917558843875303,0.9816657364368438,0.0035657364368438804,0.0036455745188057258,0.10379382036626339,0.0006938203662633924,0.006729586481701187,0.7496124942162727,-0.04528750578372731,-0.05697258244273155,83.953,10.847999999999999,0.1483893030572464,1.810427903813737,0.21812790381373692,-0.1369892004105614
106,2026-07-26T16:56:30+00:00,2026-07-26T17:02:37+00:00,366.746,70d5532242f336272b352e11f90d28f10d86f2036e9a8baf63167c59b17bbc72,"Low-distortion faithful restoration of the input video, preserving geometry, motion, edges, and textures with minimal redraw, low perceptual distortion, stable temporal alignment, and natural colors.","warped geometry, temporal misalignment, perceptual distortion, texture redraw, unstable edges, hallucinated detail, flicker, ghosting, ringing, oversharpening, noise amplification, color drift",0.800000,Low-CFG fidelity prompt with artifact-focused negative prompt.,,prompt_negative_cfg,0,0,completed,,c33998832c193c608decdc2a691469fa2ad1267f3934d399de7c6b5a0755231a,results_test/UDM10,2.2175596272211684,2,2,0.11373665225121599,0,0,26.498736652251218,0.11373665225121599,0.004310655760895054,0.7835995922025346,0.00969959220253458,0.01253339217280602,0.2511561775640134,0.0019561775640134227,-0.007849829711129304,0.12526833203531082,0.008568332035310822,-0.07342186834028125,0.3956322470980306,-0.011167752901969419,-0.027452686583012337,0.5571779831763236,-0.006522016823676369,-0.011570013879149138,4.915596480496378,0.3557964804963776,-0.07802896629158682,32.34983885236136,0.8271388523613581,-0.02623946718908463,3.111310640458137,0.22021064045813743,0.07616846198960169,65.53680261181248,-0.12939738818752744,-0.0019705326056255338,0.3188772935780787,-0.0037227064219212957,-0.011539697526104451,29.30229374054939,-4.206006259450607,0.12552132634155141,0.5557707250118256,-0.001629274988174445,-0.0029229906497568086,0.9814921021461487,0.003392102146148712,0.003468052495806883,0.10231811851263047,-0.0007818814873695318,-0.007583719567114761,0.7607754637055735,-0.03412453629442658,-0.04292934494203872,83.92999999999998,10.824999999999974,0.14807468709390567,1.8099125105800344,0.2176125105800344,-0.13666552193684253
107,2026-07-26T17:02:37+00:00,2026-07-26T17:08:46+00:00,369.151,79983c5fecebe9f5245c62cd5aed0e744703b6c9be48078e41fab3797584b480,"Low-distortion faithful restoration of the input video, preserving geometry, motion, edges, and textures with minimal redraw, low perceptual distortion, stable temporal alignment, and natural colors.","invented content, hallucinated texture, temporal flicker, motion-inconsistent detail, warped structure, ghosting, ringing, oversharpening, color drift, noise amplification, compression artifacts",0.350000,Low-CFG fidelity prompt with artifact-focused negative prompt.,,prompt_negative_cfg,0,0,completed,,8315aebca3e53aa48ee4999f6c499b4b39e22ff94c9dff4475d09e5b2e958b94,results_test/UDM10,2.2154079385726773,2,2,0.13301995923441723,0,0,26.51801995923442,0.13301995923441723,0.005041499307728528,0.7839625406271787,0.010062540627178707,0.013002378378574372,0.2509167776232766,0.001716777623276572,-0.006889155791639534,0.12532860194483111,0.008628601944831116,-0.07393832000712182,0.39527819916125273,-0.011521800838747265,-0.02832301091137479,0.5572866046620953,-0.006413395337904637,-0.011377320095626463,4.930998342192503,0.37119834219250336,-0.08140671568764055,32.35023026050375,0.8275302605037496,-0.02625188389648569,3.1013990321466998,0.21029903214669998,0.07274014463238905,65.46678581237794,-0.19941418762206808,-0.0030367858597279587,0.31786873763607393,-0.00473126236392607,-0.014666033366168847,29.528503811743953,-3.9797961882560458,0.11877045950573577,0.5640550017356872,0.006655001735687227,0.011939364434315083,0.980967354774475,0.002867354774475084,0.0029315558475361252,0.10944653935730457,0.006346539357304573,0.06155712276726065,0.757950714077712,-0.03694928592228808,-0.046482936120629106,83.68300000000002,10.578000000000017,0.1446959852267289,1.8090023679784886,0.21670236797848852,-0.1360939320344712
108,2026-07-26T17:08:47+00:00,2026-07-26T17:14:50+00:00,363.398,153fe4ed713fc9c71b03a32ee74f60c237341506fd999de8a0f78fe647e7b93b,"Low-distortion faithful restoration of the input video, preserving geometry, motion, edges, and textures with minimal redraw, low perceptual distortion, stable temporal alignment, and natural colors.","invented content, hallucinated texture, temporal flicker, motion-inconsistent detail, warped structure, ghosting, ringing, oversharpening, color drift, noise amplification, compression artifacts",0.400000,Low-CFG fidelity prompt with artifact-focused negative prompt.,,prompt_negative_cfg,0,0,completed,,a67bd0d7ee4c3b8bc804b7de1d04b42d9cefea03df110a629a4163b881dca08c,results_test/UDM10,2.2155868077910634,2,2,0.13096802742250802,0,0,26.51596802742251,0.13096802742250802,0.004963730431021717,0.7839259641027303,0.010025964102730267,0.012955115780760133,0.25095958762591886,0.0017595876259188514,-0.007060945529369388,0.12529658867466836,0.008596588674668365,-0.07366399892603569,0.3952822448745851,-0.011517755125414919,-0.028313065696693507,0.5571724546532477,-0.0065275453467522615,-0.011579821441817033,4.926401171102389,0.3666011711023893,-0.08039851991367808,32.34927617950765,0.8265761795076472,-0.026221617421973598,3.1020633978228416,0.2109633978228418,0.07296994148346367,65.46951637268066,-0.19668362731934508,-0.0029952034276285984,0.31803667824114523,-0.004563321758854766,-0.014145448725526243,29.507647901965726,-4.000652098034273,0.11939286976761797,0.5641650557518005,0.0067650557518005305,0.012136806156800378,0.9812899529933929,0.003189952993392975,0.0032613771530446527,0.10761461257934571,0.0045146125793457115,0.04378867681227654,0.7532072592761161,-0.04169274072388396,-0.05245029654533143,83.7,10.594999999999999,0.144928527460502,1.810606893292667,0.21830689329266706,-0.13710160980510397
109,2026-07-26T17:14:50+00:00,2026-07-26T17:20:57+00:00,366.933,4f2dcc540aca4b1fc9a81d3d5050712d5a30eb30eddaed6136ffc57eb8558d26,"Low-distortion faithful restoration of the input video, preserving geometry, motion, edges, and textures with minimal redraw, low perceptual distortion, stable temporal alignment, and natural colors.","invented content, hallucinated texture, temporal flicker, motion-inconsistent detail, warped structure, ghosting, ringing, oversharpening, color drift, noise amplification, compression artifacts",0.450000,Low-CFG fidelity prompt with artifact-focused negative prompt.,,prompt_negative_cfg,0,0,completed,,8295108b071d7c5ef5e3af8b0775573fa1623a11b4fc2324404d6f8472d3dfe7,results_test/UDM10,2.2158220405889235,2,2,0.13012522543629856,0,0,26.5151252254363,0.13012522543629856,0.004931787964233411,0.7839004178450544,0.010000417845054344,0.012922106015059236,0.2509819526345499,0.001781952634549916,-0.007150692755015714,0.12532479916849443,0.00862479916849443,-0.07390573409164035,0.39538591888643076,-0.01141408111356923,-0.028058213160199682,0.5571765580484943,-0.006523441951505671,-0.011572542046311285,4.925908992132227,0.3661089921322267,-0.08029058119483896,32.33752760883236,0.8148276088323598,-0.025848915506360808,3.1027752241780684,0.2116752241780686,0.07321615446648978,65.47506280714465,-0.1911371928553507,-0.0029107393583814914,0.318057190867201,-0.004542809132798975,-0.014081863399872831,29.486955408896172,-4.021344591103826,0.12001040312710065,0.5555367201566697,-0.0018632798433303455,-0.0033428056033913624,0.9811379134654998,0.003037913465499864,0.003105933407115698,0.10272650495171547,-0.0003734950482845306,-0.003622648382973139,0.7601364384447898,-0.03476356155521021,-0.04373325142182691,83.72400000000002,10.619000000000014,0.14525682237877044,1.8122880929877283,0.21998809298772826,-0.13815744080118586
110,2026-07-26T17:20:58+00:00,2026-07-26T17:27:03+00:00,365.408,2f0eb4756cf3e41c66d76aec64305e1a8315f6fe2d919eab610665891c2fa335,"Low-distortion faithful restoration of the input video, preserving geometry, motion, edges, and textures with minimal redraw, low perceptual distortion, stable temporal alignment, and natural colors.","invented content, hallucinated texture, temporal flicker, motion-inconsistent detail, warped structure, ghosting, ringing, oversharpening, color drift, noise amplification, compression artifacts",0.500000,Low-CFG fidelity prompt with artifact-focused negative prompt.,,prompt_negative_cfg,0,0,completed,,c69c835ccb5eb5dac04669197ec285b539927e4545f551ad053b19b5e8abafcc,results_test/UDM10,2.215992877854344,2,2,0.1270843333582654,0,0,26.512084333358267,0.1270843333582654,0.004816537174844245,0.783850113637609,0.009950113637609004,0.012857105100929064,0.251008727040983,0.001808727040982977,-0.00725813419335063,0.1253199658086223,0.008619965808622315,-0.07386431712615522,0.3952948353944286,-0.011505164605571383,-0.028282115549585506,0.5572839677333832,-0.0064160322666168,-0.011381997989385844,4.926832057379204,0.36703205737920364,-0.08049301666283688,32.3722730724791,0.8495730724791031,-0.026951151788365307,3.1047272432234982,0.21362724322349846,0.07389133659281881,65.48713179557555,-0.17906820442445337,-0.002726946350244926,0.3182165582333842,-0.004383441766615814,-0.013587854205256709,29.454168504284276,-4.054131495715723,0.12098887427042622,0.5593683421611786,0.0019683421611785823,0.0035312920006791934,0.9811177730560303,0.0030177730560303484,0.003085342046856506,0.10564647130668163,0.002546471306681633,0.024699042741819912,0.7606143206185993,-0.0342856793814007,-0.04313206614844722,83.737,10.63199999999999,0.1454346487928321,1.8092393439049679,0.21693934390496783,-0.13624275821451223
111,2026-07-26T17:27:04+00:00,2026-07-26T17:33:15+00:00,371.944,019c7e0aa8e054ff97a899def0f13bb41f577b0f7dcc02eafc0ac3a54abd07bc,"Low-distortion faithful restoration of the input video, preserving geometry, motion, edges, and textures with minimal redraw, low perceptual distortion, stable temporal alignment, and natural colors.","invented content, hallucinated texture, temporal flicker, motion-inconsistent detail, warped structure, ghosting, ringing, oversharpening, color drift, noise amplification, compression artifacts",0.550000,Low-CFG fidelity prompt with artifact-focused negative prompt.,,prompt_negative_cfg,0,0,completed,,3882ca6ab4bbbbfb42390f4b28184fca525bdd01c79725ebc37fa6f29860d237,results_test/UDM10,2.216655533478559,2,2,0.12400370074856326,0,0,26.509003700748565,0.12400370074856326,0.004699780206502303,0.7837965490062923,0.009896549006292221,0.012787891208544025,0.2510567015697879,0.001856701569787872,-0.007450648353883916,0.12533419228369191,0.008634192283691916,-0.07398622351064195,0.39578406882862893,-0.011015931171371063,-0.027079476822446075,0.5576014454326322,-0.006098554567367742,-0.010818794691090549,4.92428928289335,0.36448928289335036,-0.0799353662207444,32.35182962405634,0.8291296240563426,-0.026302620779829856,3.106183761550534,0.2150837615505341,0.0743951304176729,65.50090245892925,-0.1652975410707569,-0.0025172393266361826,0.31839592956727547,-0.004204070432724527,-0.013031836431260158,29.422178206905237,-4.086121793094762,0.12194357198350146,0.5598578840494156,0.002457884049415604,0.004409551577710089,0.9812599658966065,0.003159965896606498,0.003230718634706572,0.10511022843420506,0.0020102284342050636,0.01949785096222176,0.7538729738811123,-0.041027026118887755,-0.05161281434002737,83.821,10.715999999999994,0.146583681006771,1.8083824632291603,0.21608246322916025,-0.13570461799231315
112,2026-07-26T17:33:16+00:00,2026-07-26T17:39:20+00:00,363.703,02c1ea4042b16fb368defe8c427dc296b72241efdd858cc076c84e538f2ccdb4,"Low-distortion faithful restoration of the input video, preserving geometry, motion, edges, and textures with minimal redraw, low perceptual distortion, stable temporal alignment, and natural colors.","invented content, hallucinated texture, temporal flicker, motion-inconsistent detail, warped structure, ghosting, ringing, oversharpening, color drift, noise amplification, compression artifacts",0.600000,Low-CFG fidelity prompt with artifact-focused negative prompt.,,prompt_negative_cfg,0,0,completed,,c45d4efbe48bd674e57687d5ac154942c22b4129926c56687a35e9b0b9151f44,results_test/UDM10,2.216747001752743,2,2,0.12320166680120437,0,0,26.508201666801206,0.12320166680120437,0.004669382861519968,0.7837762143238459,0.009876214323845889,0.012761615614221332,0.251062309766008,0.0018623097660080135,-0.007473153154125255,0.1253403600185148,0.008640360018514814,-0.07403907470878161,0.3955626381020392,-0.011237361897960818,-0.027623800142479886,0.5576431168663887,-0.006056883133611302,-0.010744869848521025,4.923217200947745,0.36341720094774477,-0.07970025021881327,32.34585414292718,0.82315414292718,-0.02611305957063259,3.1063652457729463,0.21526524577294648,0.07445790383347048,65.50599981738677,-0.16020018261323798,-0.002439614026900262,0.3184438563642963,-0.004156143635703713,-0.01288327227434505,29.40099585748488,-4.107304142515119,0.12257572429861016,0.5534025132656097,-0.003997486734390265,-0.007171666190151175,0.9812492251396179,0.003149225139617906,0.0032197373884244006,0.10225235745310783,-0.0008476425468921661,-0.008221557195850302,0.7551125109247148,-0.03978748907528529,-0.05005345210125209,83.84,10.735,0.14684358115040008,1.8096143994625886,0.21731439946258857,-0.13647830149003867
113,2026-07-26T17:39:20+00:00,2026-07-26T17:45:34+00:00,373.955,fa37cfe24f49584e726df7e23f11c7651d490fc3340628442e1fe03b82835372,"Low-distortion faithful restoration of the input video, preserving geometry, motion, edges, and textures with minimal redraw, low perceptual distortion, stable temporal alignment, and natural colors.","invented content, hallucinated texture, temporal flicker, motion-inconsistent detail, warped structure, ghosting, ringing, oversharpening, color drift, noise amplification, compression artifacts",0.650000,Low-CFG fidelity prompt with artifact-focused negative prompt.,,prompt_negative_cfg,0,0,completed,,fdaf4120dbc9082494f62203ac539a263e296333d5f40e9b044b3d73675f08b3,results_test/UDM10,2.2169631043521036,2,2,0.12077325513286041,0,0,26.505773255132862,0.12077325513286041,0.004577345276970264,0.7837299792445919,0.009829979244591835,0.01270187265097795,0.25111844366596586,0.0019184436659658577,-0.0076984095745018365,0.12532185604495388,0.008621856044953885,-0.07388051452402644,0.39584095295398464,-0.010959047046015358,-0.026939643672604124,0.5575398015399132,-0.006160198460086752,-0.010928150541221843,4.92146986733017,0.3616698673301695,-0.07931704621478343,32.367010950336166,0.8443109503361654,-0.026784220588216282,3.1080045753909693,0.21690457539096952,0.07502493009268775,65.503011801935,-0.16318819806500073,-0.0024851171236496207,0.3185605267603551,-0.004039473239644875,-0.012521615745954355,29.3741951234879,-4.134104876512097,0.12337554804368164,0.559814402461052,0.0024144024610519565,0.004331543704793607,0.981488835811615,0.0033888358116149764,0.003464713026904178,0.10532996840775014,0.002229968407750138,0.021629179512610456,0.7601442240472569,-0.03475577595274315,-0.043723456979171155,83.86,10.754999999999995,0.1471171602489569,1.8129429872593998,0.2206429872593998,-0.1385687290456571
114,2026-07-26T17:45:34+00:00,2026-07-26T17:51:46+00:00,371.904,b4dd5cef98c14a7efbb063e5f6636ef659f0160f71e6572431820535b7f53251,"Low-distortion faithful restoration of the input video, preserving geometry, motion, edges, and textures with minimal redraw, low perceptual distortion, stable temporal alignment, and natural colors.","invented content, hallucinated texture, temporal flicker, motion-inconsistent detail, warped structure, ghosting, ringing, oversharpening, color drift, noise amplification, compression artifacts",0.700000,Low-CFG fidelity prompt with artifact-focused negative prompt.,,prompt_negative_cfg,0,0,completed,,5167f5c5d41cd5498e44601d50d2459ad42349fa3d37acd9df370c3c96dce8a2,results_test/UDM10,2.217163369821983,2,2,0.11980322684010503,0,0,26.504803226840107,0.11980322684010503,0.004540580892177563,0.7837055851421397,0.009805585142139694,0.012670351650264497,0.25113747204023024,0.0019374720402302315,-0.007774767416654219,0.12533971917244696,0.008639719172446964,-0.07403358331145642,0.3957011507884149,-0.011098849211585105,-0.027283306813139393,0.5575254044225139,-0.006174595577486119,-0.01095369093043484,4.923071312852766,0.36327131285276604,-0.07966825581226501,32.35815013168461,0.8354501316846097,-0.02650312732363058,3.1095197919876347,0.21841979198763495,0.0755490270096624,65.52004728009624,-0.14615271990376755,-0.00222569175471959,0.3185913595941759,-0.004008640405824104,-0.012426039695672983,29.353725900957663,-4.154574099042335,0.12398641826181381,0.5670285910367966,0.009628591036796585,0.017274113808389998,0.9814124763011932,0.0033124763011932457,0.0033866438004224986,0.10918100327253341,0.006081003272533414,0.05898160303136192,0.7452226240771955,-0.04967737592280452,-0.06249512633388416,83.873,10.768,0.14729498666301893,1.8069494908316603,0.2146494908316603,-0.13480467928886533
115,2026-07-26T17:51:46+00:00,2026-07-26T17:57:55+00:00,368.747,befd2dcb32030a90a7b5a5d95581b3d41ceff32a73939e20ccb23592f0ecb656,"Low-distortion faithful restoration of the input video, preserving geometry, motion, edges, and textures with minimal redraw, low perceptual distortion, stable temporal alignment, and natural colors.","invented content, hallucinated texture, temporal flicker, motion-inconsistent detail, warped structure, ghosting, ringing, oversharpening, color drift, noise amplification, compression artifacts",0.750000,Low-CFG fidelity prompt with artifact-focused negative prompt.,,prompt_negative_cfg,0,0,completed,,e5cc3a3477ea252a4b82ac78f163d2ac753a53f9a8961c628d1d7e32b4277173,results_test/UDM10,2.217610705530079,2,2,0.11714928042503558,0,0,26.502149280425037,0.11714928042503558,0.004439995468070327,0.7836607280628556,0.00976072806285555,0.01261238927878996,0.25116643557144747,0.0019664355714474613,-0.007890993464877453,0.12535100252397596,0.008651002523975965,-0.07413027012832875,0.3964419011146792,-0.010358098885320799,-0.025462386640414943,0.5575104764392298,-0.006189523560770183,-0.01098017307214863,4.920554185871786,0.36075418587178554,-0.07911623006969287,32.36824606626512,0.845546066265122,-0.026823402381938158,3.110167248787419,0.219067248787419,0.07577297526457716,65.52470666208576,-0.14149333791424112,-0.0021547361947888127,0.3187147300089559,-0.0038852699910441046,-0.012043614355375402,29.320892530871976,-4.187407469128022,0.1249662760906409,0.5609938830137253,0.0035938830137253186,0.006447583447659344,0.9814811825752259,0.003381182575225905,0.0034568884318841686,0.10654924102127553,0.0034492410212755287,0.03345529603565013,0.7558047664016019,-0.03909523359839817,-0.04918258095156393,83.894,10.789000000000001,0.14758224471650366,1.8062445150280837,0.21394451502808365,-0.13436193872265506
116,2026-07-26T17:57:56+00:00,2026-07-26T18:04:05+00:00,369.34,70aedd64a8a6664e309bbed2a3916a114067fff7eda51f2eca53b1590eda11c1,"Low-distortion faithful restoration of the input video, preserving geometry, motion, edges, and textures with minimal redraw, low perceptual distortion, stable temporal alignment, and natural colors.","invented content, hallucinated texture, temporal flicker, motion-inconsistent detail, warped structure, ghosting, ringing, oversharpening, color drift, noise amplification, compression artifacts",0.800000,Low-CFG fidelity prompt with artifact-focused negative prompt.,,prompt_negative_cfg,0,0,completed,,873bc2022e5417d938af4b1b5ad094f1e31ad4c499e2d563d5385101e44d59af,results_test/UDM10,2.217734762820438,2,2,0.11475608087354772,0,0,26.49975608087355,0.11475608087354772,0.004349292434093148,0.7836202631260589,0.009720263126058892,0.012560102243259971,0.2512035054064566,0.0020035054064565794,-0.0080397488220569,0.12535206963939052,0.008652069639390525,-0.0741394142192847,0.3961171301141862,-0.010682869885813795,-0.02626074209885397,0.5577121915355806,-0.005987808464419375,-0.010622331851018938,4.9179383492478,0.35813834924779986,-0.07854255652611954,32.36252019151034,0.8398201915103414,-0.02664175947841845,3.111029604942568,0.21992960494256808,0.07607125486581857,65.53217017881333,-0.1340298211866724,-0.002041077771923339,0.31880913254234095,-0.003790867457659053,-0.011750984059699482,29.306728436869964,-4.2015715631300345,0.12538898013716107,0.5606088399887085,0.0032088399887084673,0.005756799405648488,0.9815854728221893,0.0034854728221893616,0.0035635137738363786,0.10405246801674366,0.00095246801674366,0.00923829308189777,0.7622978539066466,-0.032602146093353435,-0.041014147808974,83.87899999999999,10.773999999999987,0.14737706039258583,1.8149619581284544,0.22266195812845435,-0.13983668789075823
117,2026-07-26T18:04:05+00:00,2026-07-26T18:10:19+00:00,373.964,da53a6720a26bb62cb6b9f84f765401791fc17f15e75f881b641f809ec468c8e,"Low-distortion faithful restoration of the input video, preserving geometry, motion, edges, and textures with minimal redraw, low perceptual distortion, stable temporal alignment, and natural colors.","flickering, temporal inconsistency, unstable details, hallucinated textures, oversharpening, ringing artifacts, color shifts, ghosting, motion trails, warped structures, plastic texture, excessive smoothing, noise amplification",0.350000,Low-CFG fidelity prompt with artifact-focused negative prompt.,,prompt_negative_cfg,0,0,completed,,72871e56a49b0b9695a9c52aa0c29df3957f6bb16210200b48a25ce7521cdf07,results_test/UDM10,2.21683322895154,2,2,0.13611004244896208,0,0,26.521110042448964,0.13611004244896208,0.005158614457038547,0.7838277018560034,0.009927701856003335,0.012828145569199294,0.25078204214092226,0.0015820421409222518,-0.006348483711566018,0.12476432727229211,0.008064327272292116,-0.06910306145922979,0.3950381553942158,-0.011761844605784222,-0.028913089001436142,0.5576862688987487,-0.006013731101251252,-0.010668318434009672,4.91893428057455,0.3591342805745503,-0.07876097209845834,32.21111629219683,0.6884162921968269,-0.021838747702348685,3.1023536562919616,0.2112536562919618,0.0730703387264231,65.56856838349373,-0.09763161650627694,-0.0014867864518774794,0.31839655854048265,-0.004203441459517343,-0.013029886731299886,29.463878606980842,-4.044421393019157,0.12069909225532649,0.5505121350288391,-0.006887864971160895,-0.01235713127226569,0.9812801599502563,0.003180159950256334,0.003251364840257984,0.10160470958799124,-0.0014952904120087568,-0.014503301765361366,0.7555063025891054,-0.0393936974108946,-0.0495580543601643,83.837,10.732,0.14680254428561657,1.8056216904369644,0.21332169043696436,-0.1339707909545716
118,2026-07-26T18:10:20+00:00,2026-07-26T18:16:30+00:00,370.631,4d61b91f46443b5c0e133290082adac859246390f71b35fe621c5ce2f5d83894,"Low-distortion faithful restoration of the input video, preserving geometry, motion, edges, and textures with minimal redraw, low perceptual distortion, stable temporal alignment, and natural colors.","flickering, temporal inconsistency, unstable details, hallucinated textures, oversharpening, ringing artifacts, color shifts, ghosting, motion trails, warped structures, plastic texture, excessive smoothing, noise amplification",0.400000,Low-CFG fidelity prompt with artifact-focused negative prompt.,,prompt_negative_cfg,0,0,completed,,2a8d6fa90ff986019485c04d5efaa533cc94ce2f10b89890eea7fda9ba009c0d,results_test/UDM10,2.2171796984857988,2,2,0.13381015531478013,0,0,26.51881015531478,0.13381015531478013,0.005071447993738113,0.7838023050764125,0.009902305076412432,0.012795328952593917,0.2508138847687552,0.0016138847687552083,-0.006476263116995218,0.12484175774358933,0.008141757743589328,-0.06976656164172518,0.3953734842038924,-0.011426515796107595,-0.02808878022641985,0.5577010777688796,-0.005998922231120418,-0.01064204759822675,4.917557802187421,0.3577578021874208,-0.07845909956301171,32.215011137601444,0.6923111376014432,-0.021962304548831264,3.104648735830861,0.21354873583086142,0.07386418174081195,65.56668501823178,-0.09951498176822327,-0.0015154673449693033,0.31850352056564823,-0.004096479434351763,-0.012698324347029643,29.443722041960683,-4.064577958039315,0.12130063172525361,0.5550928443670273,-0.0023071556329726794,-0.00413913820052508,0.9815168440341949,0.0034168440341949546,0.0034933483633523715,0.10112402848899364,-0.0019759715110063553,-0.019165582066017026,0.7646808878171506,-0.03021911218284945,-0.03801624378267637,83.858,10.753,0.1470898023391013,1.8048298819485353,0.21252988194853528,-0.1334735175209039
119,2026-07-26T18:16:30+00:00,2026-07-26T18:22:46+00:00,375.823,552753f6523910a59b7143712482567c794574be5f52afae7d8f6d4fe8f8ceb8,"Low-distortion faithful restoration of the input video, preserving geometry, motion, edges, and textures with minimal redraw, low perceptual distortion, stable temporal alignment, and natural colors.","flickering, temporal inconsistency, unstable details, hallucinated textures, oversharpening, ringing artifacts, color shifts, ghosting, motion trails, warped structures, plastic texture, excessive smoothing, noise amplification",0.450000,Low-CFG fidelity prompt with artifact-focused negative prompt.,,prompt_negative_cfg,0,0,completed,,29487429a6764f1f204c5ea0229d38c5049e5aaf304885250eb1f6ac01e3ec7e,results_test/UDM10,2.2172663907894563,2,2,0.13280643463134467,0,0,26.517806434631346,0.13280643463134467,0.005033406656484543,0.7837889451998228,0.009888945199822752,0.012778065899758046,0.2508463732177212,0.001646373217721181,-0.006606634100004739,0.12485020064538524,0.008150200645385242,-0.06983890870081612,0.3952675899190287,-0.011532410080971278,-0.028349090661188,0.557841111286994,-0.005858888713005994,-0.010393629081082125,4.915232440227284,0.3554324402272835,-0.07794912939762347,32.23483609406934,0.7121360940693364,-0.022591215031369027,3.105674531382899,0.21457453138289928,0.07421899324924745,65.57053246036654,-0.09566753963346741,-0.0014568764392254678,0.3185440627797957,-0.004055937220204309,-0.012572651023571942,29.419978972404238,-4.088321027595761,0.12200920451338208,0.563528859615326,0.006128859615325943,0.010995442438690247,0.9815625786781311,0.0034625786781311563,0.0035401070219110075,0.10796198435127735,0.004861984351277354,0.04715794715108976,0.7498130973049897,-0.04508690269501037,-0.0567202197697954,83.858,10.753,0.1470898023391013,1.806937477037233,0.21463747703723302,-0.13479713435736546
120,2026-07-26T18:22:47+00:00,2026-07-26T18:28:59+00:00,371.642,0f891328b713068a637d4bc95b7ef62e249dc2e4364c02ef742ed7aedcf370bd,"Low-distortion faithful restoration of the input video, preserving geometry, motion, edges, and textures with minimal redraw, low perceptual distortion, stable temporal alignment, and natural colors.","flickering, temporal inconsistency, unstable details, hallucinated textures, oversharpening, ringing artifacts, color shifts, ghosting, motion trails, warped structures, plastic texture, excessive smoothing, noise amplification",0.500000,Low-CFG fidelity prompt with artifact-focused negative prompt.,,prompt_negative_cfg,0,0,completed,,8de420c2c705600741a986a207f8f7286fb64ea296c48d0034fa2dfec054d9dc,results_test/UDM10,2.2176334473273234,2,2,0.12962156234248923,0,0,26.51462156234249,0.12962156234248923,0.004912698970721593,0.7837514699524435,0.009851469952443459,0.012729642011168702,0.25090529305800313,0.0017052930580031267,-0.006843070056192322,0.12491446002837152,0.00821446002837152,-0.07038954608715955,0.39564863808693423,-0.01115136191306576,-0.027412394083249164,0.5581442524348537,-0.005555747565146318,-0.009855858728306402,4.916665470288794,0.3568654702887937,-0.07826340416000563,32.24308153322885,0.7203815332288528,-0.022852786507147317,3.107477914902472,0.21637791490247205,0.0748427639661278,65.56902046203614,-0.0971795379638678,-0.0014799019581438822,0.31868750114114064,-0.003912498858859359,-0.012128018781337133,29.409553773941532,-4.098746226058466,0.12232032738331895,0.5664108514785766,0.00901085147857661,0.016165861999599226,0.9814889848232269,0.003388984823226915,0.0034648653749380586,0.1090905461460352,0.005990546146035197,0.05810423032041898,0.7554163251912207,-0.039483674808779345,-0.049671247715158316,84.019,10.914000000000001,0.1492921140824841,1.8055955992410113,0.21329559924101127,-0.13395440510017664
121,2026-07-26T18:29:00+00:00,2026-07-26T18:35:14+00:00,374.089,d285627d843ac1812bce69cfdf0b0ad5eb49e5e96b6ab1aa7affb99751cefc48,"Low-distortion faithful restoration of the input video, preserving geometry, motion, edges, and textures with minimal redraw, low perceptual distortion, stable temporal alignment, and natural colors.","flickering, temporal inconsistency, unstable details, hallucinated textures, oversharpening, ringing artifacts, color shifts, ghosting, motion trails, warped structures, plastic texture, excessive smoothing, noise amplification",0.550000,Low-CFG fidelity prompt with artifact-focused negative prompt.,,prompt_negative_cfg,0,0,completed,,1697b3cb9b1bf9fd9cf629596e8b565f2288d9e72e8971e6a0985d11d5d88d61,results_test/UDM10,2.217874692739265,2,2,0.1265149774858969,0,0,26.5115149774859,0.1265149774858969,0.004794958403861925,0.7837142323655722,0.009814232365572217,0.012681525217175625,0.2509568945775109,0.001756894577510909,-0.0070501387540566176,0.1249581302365949,0.008258130236594899,-0.07076375524074463,0.39599344566945105,-0.010806554330548945,-0.026564784490041654,0.5578434176022008,-0.0058565823977991815,-0.010389537693452513,4.916148732341665,0.3563487323416652,-0.07815007946437677,32.2402143540861,0.7175143540860986,-0.02276183049313982,3.1084856160225405,0.2173856160225407,0.07519131680763055,65.57368033624464,-0.09251966375536824,-0.0014089389024394322,0.3187265638622545,-0.0038734361377454896,-0.01200693161111435,29.384649461315526,-4.123650538684473,0.12306355555741333,0.5613531172275543,0.003953117227554315,0.007092065352627045,0.9817678272724152,0.003667827272415214,0.003749951203777951,0.1048910815268755,0.0017910815268755015,0.017372274751459763,0.763875265162949,-0.031024734837051038,-0.0390297330947931,83.955,10.849999999999994,0.14841666096710202,1.8102463509179265,0.21794635091792647,-0.13687518113290614
122,2026-07-26T18:35:14+00:00,2026-07-26T18:41:33+00:00,378.794,96f3ba696c04983f48878ec50f2625eb6059e28a7a639d8ac3325b76d27d2389,"Low-distortion faithful restoration of the input video, preserving geometry, motion, edges, and textures with minimal redraw, low perceptual distortion, stable temporal alignment, and natural colors.","flickering, temporal inconsistency, unstable details, hallucinated textures, oversharpening, ringing artifacts, color shifts, ghosting, motion trails, warped structures, plastic texture, excessive smoothing, noise amplification",0.600000,Low-CFG fidelity prompt with artifact-focused negative prompt.,,prompt_negative_cfg,0,0,completed,,1b0067fc7fdbf8bc5c43e2f2e564d7cefa5df8260e81293671e154a295abdf08,results_test/UDM10,2.2178579114724544,2,2,0.12530336195422365,0,0,26.510303361954225,0.12530336195422365,0.004749037784886247,0.7836983446043496,0.009798344604349585,0.012660995741503533,0.2509991816214977,0.0017991816214976974,-0.0072198299418045645,0.12499091182985614,0.00829091182985614,-0.07104466006731912,0.3958877691338139,-0.01091223086618609,-0.02682455965139157,0.5577593560180356,-0.005940643981964366,-0.010538662377087754,4.915024929876128,0.35522492987612786,-0.07790362074567478,32.25682362255675,0.7341236225567513,-0.02328872915571164,3.109039447384496,0.217939447384496,0.07538288104337311,65.56100583230295,-0.10519416769705003,-0.001601953024494337,0.3187773114731235,-0.0038226885268765054,-0.011849623455909812,29.362451171875,-4.145848828124997,0.12372602692840273,0.5634181708097458,0.00601817080974576,0.01079686187611367,0.9817460179328918,0.0036460179328918763,0.0037276535455391846,0.10637135095894337,0.0032713509589433754,0.03172988320992605,0.7638498630057192,-0.03105013699428083,-0.039061689513499594,83.863,10.757999999999996,0.14715819711374045,1.8107364525349112,0.21843645253491117,-0.13718297590586645
123,2026-07-26T18:41:34+00:00,2026-07-26T18:47:41+00:00,366.796,8e9ae7fc5feab6703e20cb5121ca226a08d30579d71594d79ba90492e23975f9,"Low-distortion faithful restoration of the input video, preserving geometry, motion, edges, and textures with minimal redraw, low perceptual distortion, stable temporal alignment, and natural colors.","flickering, temporal inconsistency, unstable details, hallucinated textures, oversharpening, ringing artifacts, color shifts, ghosting, motion trails, warped structures, plastic texture, excessive smoothing, noise amplification",0.650000,Low-CFG fidelity prompt with artifact-focused negative prompt.,,prompt_negative_cfg,0,0,completed,,0ee5d3346f68dcc61e8960b57cc0f6056ef53bb18ba72f295200b09d942f196a,results_test/UDM10,2.2180144160564836,2,2,0.12261692908502297,0,0,26.507616929085025,0.12261692908502297,0.004647221113701837,0.7836631725765109,0.009763172576510826,0.012615547973266346,0.25104433593730774,0.001844335937307734,-0.007401027035745321,0.12504379191706258,0.008343791917062582,-0.07149778849239573,0.396046961026807,-0.010753038973193019,-0.026433232480808797,0.5577800388297727,-0.005919961170227306,-0.010501971208492649,4.914800242382569,0.35500024238256866,-0.07785434501130942,32.283402298655396,0.7607022986553957,-0.02413188904045008,3.1106475503213944,0.2195475503213946,0.07593910633371195,65.5613078578826,-0.10489214211740716,-0.0015973536174989135,0.3188849448677032,-0.0037150551322968073,-0.011515979951323023,29.341803175403225,-4.1664968245967735,0.12434223236024429,0.5576265066862106,0.00022650668621060355,0.0004063629103168345,0.9814489364624024,0.0033489364624024187,0.0034239203173524373,0.10313795283436775,3.795283436774932e-05,0.0003681167251964047,0.7565086188995095,-0.03839138110049056,-0.04829712051892132,83.788,10.682999999999993,0.14613227549415214,1.8082625922155178,0.21596259221551772,-0.13562933631571797
124,2026-07-26T18:48:17+00:00,2026-07-26T18:54:26+00:00,369.396,faf1d00498362f413a13a9d8c72659e393a7a344ede0adb423b21b3c8c8fbcb3,"Low-distortion faithful restoration of the input video, preserving geometry, motion, edges, and textures with minimal redraw, low perceptual distortion, stable temporal alignment, and natural colors.","flickering, temporal inconsistency, unstable details, hallucinated textures, oversharpening, ringing artifacts, color shifts, ghosting, motion trails, warped structures, plastic texture, excessive smoothing, noise amplification",0.700000,Low-CFG fidelity prompt with artifact-focused negative prompt.,,prompt_negative_cfg,0,0,completed,,0b8d64a374d88ea7e52ed71dc69906fae36e24bcfe0891eeadb5619aaa4088dc,results_test/UDM10,2.218075560746368,2,2,0.12133267433412698,0,0,26.50633267433413,0.12133267433412698,0.004598547444916694,0.7836483913914223,0.00974839139142225,0.01259644836725966,0.25107207848660407,0.0018720784866040618,-0.007512353477544389,0.12507865871152568,0.008378658711525683,-0.07179656136697243,0.3961841651508885,-0.010615834849111494,-0.026095955872938777,0.557843405008316,-0.0058565949916840054,-0.010389560034919294,4.916846100696631,0.357046100696631,-0.07830301782899053,32.28524935794143,0.7625493579414311,-0.024190483617882702,3.1098380142642608,0.21873801426426098,0.07565909662905503,65.56244983057822,-0.10375016942178661,-0.0015799630467696715,0.31887497154455036,-0.0037250284554496416,-0.011546895398169998,29.330730216733873,-4.177569783266126,0.1246726865661978,0.5692766517400741,0.011876651740074129,0.02130723311818107,0.9816846668720245,0.0035846668720245223,0.0036649288130298765,0.10934597924351692,0.006245979243516928,0.06058175793905846,0.7619000323312222,-0.032999967668777885,-0.04151461525824366,83.781,10.676000000000002,0.14603652280965737,1.8092806835920783,0.21698068359207823,-0.1362687204622736
125,2026-07-26T18:54:27+00:00,2026-07-26T19:00:31+00:00,364.103,f212f2f0a5fcd292696cd5f8da036ec0a51ff052ed697e188836ef8bab91b031,"Low-distortion faithful restoration of the input video, preserving geometry, motion, edges, and textures with minimal redraw, low perceptual distortion, stable temporal alignment, and natural colors.","flickering, temporal inconsistency, unstable details, hallucinated textures, oversharpening, ringing artifacts, color shifts, ghosting, motion trails, warped structures, plastic texture, excessive smoothing, noise amplification",0.750000,Low-CFG fidelity prompt with artifact-focused negative prompt.,,prompt_negative_cfg,0,0,completed,,d098f38ecbd20595ef1c893e2eb0c403e80a6656d944c15abc53304b2f08be89,results_test/UDM10,2.2180383433608815,2,2,0.11842673024823469,0,0,26.503426730248236,0.11842673024823469,0.004488411227903531,0.7836103797716376,0.009710379771637578,0.012547331401521615,0.25110754041421796,0.0019075404142179508,-0.007654656557856946,0.1251132786273956,0.008413278627395604,-0.07209321874374983,0.3959203852761176,-0.01087961472388238,-0.026744382310428663,0.5576703413840264,-0.006029658615973599,-0.01069657373775696,4.914493636587079,0.3546936365870792,-0.07778710394909408,32.30725027654881,0.7845502765488064,-0.024888422519289476,3.110900300164377,0.21980030016437713,0.07602652975143619,65.55496090304467,-0.1112390969553303,-0.0016940084389736316,0.31895102077434145,-0.003648979225658544,-0.011311156930125679,29.300447722404233,-4.207852277595766,0.12557641771130634,0.5610114604234695,0.0036114604234694925,0.0064791180901856696,0.9817559897899628,0.0036559897899628435,0.0037378486759665104,0.10388259217143059,0.0007825921714305906,0.007590612719986329,0.749398526406024,-0.04550147359397605,-0.05724175820100144,83.826,10.72099999999999,0.14665207578141015,1.8064154130843235,0.21411541308432347,-0.13446926652284336
126,2026-07-26T19:00:32+00:00,2026-07-26T19:06:41+00:00,369.69,4769d7578dc3b040460a6a285e7a8fce107ca3eac16bdf9ba3e06bd8e06fd662,"Low-distortion faithful restoration of the input video, preserving geometry, motion, edges, and textures with minimal redraw, low perceptual distortion, stable temporal alignment, and natural colors.","flickering, temporal inconsistency, unstable details, hallucinated textures, oversharpening, ringing artifacts, color shifts, ghosting, motion trails, warped structures, plastic texture, excessive smoothing, noise amplification",0.800000,Low-CFG fidelity prompt with artifact-focused negative prompt.,,prompt_negative_cfg,0,0,completed,,d61920db0216841f1bd43d2cfd49b5a4c8cb5e9bd96573721e268d28394daca3,results_test/UDM10,2.2184913002302498,2,2,0.11560240222561546,0,0,26.500602402225617,0.11560240222561546,0.004381368285981257,0.7835699396704862,0.009669939670486127,0.01249507645753473,0.25116553071045106,0.001965530710451052,-0.007887362401488974,0.12518510933845275,0.008485109338452757,-0.07270873469111189,0.3966130196086823,-0.010186980391317713,-0.025041741374920632,0.5579373146257093,-0.005762685374290699,-0.010222965006724675,4.9153604935278015,0.3555604935278014,-0.07797721249348687,32.319572353994694,0.7968723539946936,-0.025279317888210515,3.1123286128044128,0.22122861280441297,0.07652056753637473,65.56138532084802,-0.1048146791519855,-0.0015961739700482973,0.3190491236986652,-0.003550876301334771,-0.011007056110771143,29.284049741683464,-4.224250258316534,0.1260657884260477,0.5641864985227585,0.006786498522758477,0.012175275426549117,0.9820083558559418,0.003908355855941847,0.003995865306146455,0.1054552748799324,0.002355274879932409,0.022844567215639273,0.750840906836277,-0.04405909316372303,-0.05542721494995977,83.905,10.799999999999997,0.14773271322070988,1.8056772802810888,0.2133772802810887,-0.13400570261953695
127,2026-07-26T19:06:42+00:00,2026-07-26T19:12:46+00:00,363.622,5ba2933c7ba7641fe67199cb3d4b90284609fb6e848930e582a19997af560890,"Low-distortion faithful restoration of the input video, preserving geometry, motion, edges, and textures with minimal redraw, low perceptual distortion, stable temporal alignment, and natural colors.","blur, flickering, temporal inconsistency, ghosting, warped structures, hallucinated textures, oversharpening, ringing artifacts, compression artifacts, color shifts, plastic texture, noise amplification",0.350000,Low-CFG fidelity prompt with artifact-focused negative prompt.,,prompt_negative_cfg,0,0,completed,,da61809e584872afbdd9091824bcdf70b7d6363907be9148daa61026f2d58508,results_test/UDM10,2.2173446930392324,2,2,0.12370885541361787,0,0,26.50870885541362,0.12370885541361787,0.00468860547332264,0.7838435788960922,0.009943578896092209,0.012848661191487542,0.2505690417222438,0.0013690417222438078,-0.0054937468789879925,0.12477645181840465,0.008076451818404648,-0.06920695645590959,0.3956174432750671,-0.011182556724932902,-0.027489077494918638,0.5576506334927773,-0.006049366507222653,-0.010731535403978452,4.920732880880398,0.360932880880398,-0.07915541929040704,32.23990812950096,0.7172081295009605,-0.022752116078285187,3.1144732448362533,0.22337324483625354,0.07726237239675333,65.62271118164061,-0.04348881835939267,-0.0006622709759266207,0.318942744789585,-0.003657255210414989,-0.011336810943629849,29.583731177545367,-3.9245688224546313,0.117122289774612,0.5583014488220215,0.0009014488220214778,0.001617238647329526,0.981462025642395,0.0033620256423950723,0.003437302568648474,0.10368525460362435,0.0005852546036243522,0.00567657229509556,0.7550370984898316,-0.03986290151016847,-0.050148322443286535,83.864,10.759,0.14717187606866836,1.8187275960372062,0.2264275960372062,-0.14220159268806518
128,2026-07-26T19:12:46+00:00,2026-07-26T19:18:58+00:00,372.456,a46720ccd39150879e69a54f45c2fd7ed5b6178341cd9df9d22da1697197f0cc,"Low-distortion faithful restoration of the input video, preserving geometry, motion, edges, and textures with minimal redraw, low perceptual distortion, stable temporal alignment, and natural colors.","blur, flickering, temporal inconsistency, ghosting, warped structures, hallucinated textures, oversharpening, ringing artifacts, compression artifacts, color shifts, plastic texture, noise amplification",0.400000,Low-CFG fidelity prompt with artifact-focused negative prompt.,,prompt_negative_cfg,0,0,completed,,cb2412e12f15afc2918cd2121b5ee32872a7739fc0e31015ab596e2d503b29ed,results_test/UDM10,2.2176667755042723,2,2,0.1225373618833494,0,0,26.50753736188335,0.1225373618833494,0.004644205491125617,0.7838123506528618,0.009912350652861779,0.012808309410597983,0.2506362927536811,0.0014362927536810954,-0.005763614581384813,0.12484098961276394,0.008140989612763938,-0.06975997954382124,0.39565173714391644,-0.011148262856083557,-0.027404775949074624,0.5578456614286669,-0.005854338571333106,-0.010385557160427722,4.917048182331823,0.35724818233182276,-0.07834733592083486,32.22906720414918,0.7063672041491813,-0.02240820755040594,3.115022701601828,0.22392270160182814,0.07745242350725612,65.61100056555964,-0.05519943444036812,-0.0008406064983258986,0.3190611537425748,-0.0035388462574251767,-0.010969765212105322,29.546817508820567,-3.9614824911794315,0.11822391739298717,0.5581940323114395,0.0007940323114394854,0.0014245287252233321,0.9815175592899322,0.0034175592899322593,0.003494079633914998,0.10399685092270375,0.0008968509227037513,0.008698845031074213,0.7635689088136709,-0.03133109118632915,-0.039415135471542524,83.79399999999998,10.688999999999979,0.146214349223719,1.8163827943499196,0.2240827943499195,-0.1407290048043205
129,2026-07-26T19:18:59+00:00,2026-07-26T19:25:07+00:00,368.484,44287443f58fd66ceb1b15faaa513b24ae4f476bc228b1de798cc0d87a06f045,"Low-distortion faithful restoration of the input video, preserving geometry, motion, edges, and textures with minimal redraw, low perceptual distortion, stable temporal alignment, and natural colors.","blur, flickering, temporal inconsistency, ghosting, warped structures, hallucinated textures, oversharpening, ringing artifacts, compression artifacts, color shifts, plastic texture, noise amplification",0.450000,Low-CFG fidelity prompt with artifact-focused negative prompt.,,prompt_negative_cfg,0,0,completed,,8a868fd59a848905e76083703315885d36a2e86ac8b1cf56bceb93e2f452a529,results_test/UDM10,2.217667104947381,2,2,0.12217347052789407,0,0,26.507173470527896,0.12217347052789407,0.004630413891525263,0.7837998061464604,0.009899806146460355,0.012792099943739959,0.2506734173865087,0.0014734173865087186,-0.005912589833502081,0.12486925721168518,0.008169257211685182,-0.07000220404186103,0.3956384802537579,-0.011161519746242077,-0.027437364174636374,0.5576345431227838,-0.006065456877216158,-0.010760079611878939,4.917905903423458,0.35810590342345794,-0.07853544090167505,32.22578973630289,0.7030897363028927,-0.022304235877729152,3.1150717350744435,0.22397173507444368,0.07746938365135889,65.61099520037251,-0.055204799627489365,-0.000840688202263712,0.3189805542749743,-0.003619445725025705,-0.011219608571065421,29.52877630418347,-3.9795236958165283,0.11876232741787941,0.5653931081295014,0.00799310812950138,0.014339985879980949,0.9814096629619599,0.0033096629619598916,0.003383767469542881,0.10950668416917324,0.006406684169173241,0.062140486606917955,0.752938866186153,-0.04196113381384703,-0.05278794038727768,83.82000000000001,10.715000000000003,0.14657000205184328,1.8206033356545959,0.22830333565459582,-0.1433795991048143
130,2026-07-26T19:25:08+00:00,2026-07-26T19:31:19+00:00,371.246,542445d1b8a871721fb9e0336b61ed4b4e0e2a26e35ab1c293e280f5947b22cf,"Low-distortion faithful restoration of the input video, preserving geometry, motion, edges, and textures with minimal redraw, low perceptual distortion, stable temporal alignment, and natural colors.","blur, flickering, temporal inconsistency, ghosting, warped structures, hallucinated textures, oversharpening, ringing artifacts, compression artifacts, color shifts, plastic texture, noise amplification",0.500000,Low-CFG fidelity prompt with artifact-focused negative prompt.,,prompt_negative_cfg,0,0,completed,,38e3d5ced712b0ed2859cea2259fdcc7d94794aa968ba67fa224b405cec11e5c,results_test/UDM10,2.217869998389865,2,2,0.12048182456724277,0,0,26.505481824567244,0.12048182456724277,0.0045662999646482,0.7837638930177673,0.009863893017767245,0.012745694557135605,0.2507453383697617,0.0015453383697617007,-0.006201197310440211,0.124920569504461,0.008220569504460998,-0.07044189806736073,0.39572098870431227,-0.011079011295687724,-0.02723454104151358,0.5576954721443116,-0.006004527855688391,-0.01065199193842184,4.91739273382839,0.3575927338283895,-0.07842289877371585,32.223883035599385,0.7011830355993851,-0.02224374928541607,3.1151517925723904,0.2240517925723906,0.07749707466790863,65.60379815870715,-0.06240184129285353,-0.0009502886004192953,0.31906038460231595,-0.0035396153976840483,-0.010972149403856319,29.499178191154233,-4.009121808845766,0.11964563433077076,0.5595358550548554,0.0021358550548553623,0.00383181746475666,0.9815508306026459,0.003450830602645949,0.003528095902919895,0.10357457175850868,0.0004745717585086795,0.004603023845864981,0.7517168127526993,-0.04318318724730075,-0.054325307896969106,83.812,10.706999999999994,0.1464605704124204,1.8174572050823674,0.22515720508236736,-0.14140375876553876
131,2026-07-26T19:31:19+00:00,2026-07-26T19:37:22+00:00,363.372,aacff418416811928ac072e29e7b242998854b165643df511f68dad8c997f0d0,"Low-distortion faithful restoration of the input video, preserving geometry, motion, edges, and textures with minimal redraw, low perceptual distortion, stable temporal alignment, and natural colors.","blur, flickering, temporal inconsistency, ghosting, warped structures, hallucinated textures, oversharpening, ringing artifacts, compression artifacts, color shifts, plastic texture, noise amplification",0.550000,Low-CFG fidelity prompt with artifact-focused negative prompt.,,prompt_negative_cfg,0,0,completed,,c0043df5f43fbd5a0885f599324aaccda76ccfd6aac8bcb8d52115f937222a3b,results_test/UDM10,2.2182345988626007,2,2,0.11835328502039744,0,0,26.5033532850204,0.11835328502039744,0.004485627630107919,0.7837271882607204,0.009827188260720376,0.012698266262721768,0.2508274693402551,0.0016274693402551221,-0.006530775843720394,0.12496195070205199,0.00826195070205199,-0.07079649273395021,0.39593837434245693,-0.010861625657543061,-0.02670016140005669,0.5580107185148423,-0.005689281485157682,-0.01009274700223112,4.918525294273905,0.35872529427390454,-0.07867127818630303,32.22409088043909,0.7013908804390923,-0.022250342782791203,3.115561911367601,0.22446191136760119,0.07763893029213835,65.59864449039583,-0.06755550960417622,-0.001028771416713259,0.31911799395757334,-0.0034820060424266552,-0.010793571117255596,29.458190130418348,-4.05010986958165,0.12086885546511314,0.5604259043931961,0.003025904393196055,0.005428604939354243,0.981502091884613,0.0034020918846130455,0.0034782659079982065,0.10431550852954388,0.001215508529543885,0.011789607464053201,0.7555239483625502,-0.03937605163744984,-0.04953585562643079,83.979,10.873999999999995,0.1487449558853703,1.8147528130066348,0.22245281300663478,-0.13970534007827343
132,2026-07-26T19:37:23+00:00,2026-07-26T19:43:26+00:00,363.316,4dc30f08a0383a35b11dd87b7414c79911b045a249c2ebe504327f645197aebe,"Low-distortion faithful restoration of the input video, preserving geometry, motion, edges, and textures with minimal redraw, low perceptual distortion, stable temporal alignment, and natural colors.","blur, flickering, temporal inconsistency, ghosting, warped structures, hallucinated textures, oversharpening, ringing artifacts, compression artifacts, color shifts, plastic texture, noise amplification",0.600000,Low-CFG fidelity prompt with artifact-focused negative prompt.,,prompt_negative_cfg,0,0,completed,,7be9f57811a7ffe64bf7a267bb4ad110b7084cddc06f55b92413cbf66d2cee7b,results_test/UDM10,2.218405165250992,2,2,0.11776150241974648,0,0,26.502761502419748,0.11776150241974648,0.0044631988788988615,0.7837033256303322,0.00980332563033215,0.012667432007148403,0.2508810113995306,0.001681011399530613,-0.006745631619304225,0.12499439620202588,0.008294396202025878,-0.0710745175837693,0.39636558251034826,-0.010434417489651737,-0.025649993829035735,0.5581364420152479,-0.005563557984752054,-0.009869714360035578,4.920367351709434,0.36056735170943366,-0.07907525586855425,32.24737216964306,0.7246721696430569,-0.022988899099476153,3.115702735608624,0.2246027356086242,0.07768763986324383,65.59855496806482,-0.06764503193518578,-0.0010301347106302144,0.3191211821331132,-0.0034788178668868075,-0.01078368836604714,29.438015057963714,-4.0702849420362845,0.12147094725892643,0.5549509346485137,-0.002449065351486257,-0.004393730447589266,0.9815021932125092,0.0034021932125092302,0.003478369504661313,0.10227815248072147,-0.0008218475192785235,-0.007971362941595766,0.7464280005626315,-0.048471999437368574,-0.060978738756282014,83.84899999999999,10.743999999999986,0.1469666917447505,1.8141449094643272,0.2218449094643271,-0.13932356306244245
133,2026-07-26T19:43:26+00:00,2026-07-26T19:49:36+00:00,369.995,4edbe858805194be0ded482ca0dd297d32a703792e265e5855dea1acfb7e5f35,"Low-distortion faithful restoration of the input video, preserving geometry, motion, edges, and textures with minimal redraw, low perceptual distortion, stable temporal alignment, and natural colors.","blur, flickering, temporal inconsistency, ghosting, warped structures, hallucinated textures, oversharpening, ringing artifacts, compression artifacts, color shifts, plastic texture, noise amplification",0.650000,Low-CFG fidelity prompt with artifact-focused negative prompt.,,prompt_negative_cfg,0,0,completed,,ab931534caa0d75d4b8f55945ce4c8ea2f90b569ccbdab64747bc26aaa2893e8,results_test/UDM10,2.2183477474247097,2,2,0.11613652752291159,0,0,26.501136527522913,0.11613652752291159,0.004401611806818707,0.7836680557422023,0.009768055742202297,0.012621857788089283,0.25092531245562344,0.0017253124556234345,-0.006923404717590026,0.12506146007968533,0.008361460079685329,-0.07164918662969434,0.39618806613068425,-0.010611933869315748,-0.026086366443745693,0.5578553488177637,-0.005844651182236316,-0.010368371797474393,4.9163088018871575,0.3565088018871574,-0.07818518397455095,32.25257734080286,0.729877340802858,-0.023154023633853,3.115035144359835,0.2239351443598352,0.07745672732172364,65.5921313255064,-0.07406867449360277,-0.0011279573737113275,0.31913541218926833,-0.0034645878107316674,-0.010739577838597853,29.405081275201617,-4.103218724798381,0.1224538017386254,0.5647163331508637,0.007316333150863663,0.013125821942704813,0.9817180156707763,0.0036180156707763533,0.0036990243030123235,0.10644111894071102,0.003341118940711027,0.032406585263928485,0.7632006696153886,-0.03169933038461148,-0.03987838770236694,83.89,10.784999999999997,0.14752752889679224,1.8157765153591754,0.22347651535917534,-0.14034824804319246
134,2026-07-26T19:49:37+00:00,2026-07-26T19:55:44+00:00,366.991,6faad220b340ac2f69bc3169ec6ff1bd68f188d956c3ec1dfcaa3ab415a5aaae,"Low-distortion faithful restoration of the input video, preserving geometry, motion, edges, and textures with minimal redraw, low perceptual distortion, stable temporal alignment, and natural colors.","blur, flickering, temporal inconsistency, ghosting, warped structures, hallucinated textures, oversharpening, ringing artifacts, compression artifacts, color shifts, plastic texture, noise amplification",0.700000,Low-CFG fidelity prompt with artifact-focused negative prompt.,,prompt_negative_cfg,0,0,completed,,25490d1d3e33d1161c03a06acdef7c7dd0404ba966f827c52e02669323c250a5,results_test/UDM10,2.2184636967377376,2,2,0.11555406016688252,0,0,26.500554060166884,0.11555406016688252,0.004379536106381751,0.7836501065083692,0.00975010650836916,0.01259866456695847,0.2509820399024794,0.0017820399024794098,-0.007151042947349156,0.12510659733126242,0.008406597331262422,-0.07203596684886394,0.3965740461983988,-0.010225953801601184,-0.025137546218291996,0.5581023329688657,-0.00559766703113429,-0.009930223578382634,4.919639375897946,0.3598393758979457,-0.07891560504801651,32.289203429412176,0.7665034294121753,-0.02431591930298405,3.1148320513386882,0.22373205133868845,0.07738647965780791,65.5861196456417,-0.08008035435830152,-0.0012195064486494043,0.31917446565724183,-0.003425534342758163,-0.010618519351389221,29.38406116116431,-4.124238838835687,0.12308111240605125,0.5645867705345153,0.00718677053451533,0.012893380937415374,0.9816016554832458,0.00350165548324588,0.003580058770315796,0.10661461427807808,0.0035146142780780876,0.03408937224130056,0.7530847025321237,-0.04181529746787638,-0.052604475365299254,83.775,10.670000000000002,0.1459544490800903,1.815575246582739,0.223275246582739,-0.14022184675170446
135,2026-07-26T19:55:44+00:00,2026-07-26T20:01:51+00:00,366.588,7289c1c2c577f622b85c65de7709cd97cde35c38faa936ef0ac8028d2562c3b8,"Low-distortion faithful restoration of the input video, preserving geometry, motion, edges, and textures with minimal redraw, low perceptual distortion, stable temporal alignment, and natural colors.","blur, flickering, temporal inconsistency, ghosting, warped structures, hallucinated textures, oversharpening, ringing artifacts, compression artifacts, color shifts, plastic texture, noise amplification",0.750000,Low-CFG fidelity prompt with artifact-focused negative prompt.,,prompt_negative_cfg,0,0,completed,,4c9da41f7b71f7608702076d023e6c249ef74264f13b87f78cdf1cc73a1c6aa6,results_test/UDM10,2.218411385114683,2,2,0.11369680712300223,0,0,26.498696807123004,0.11369680712300223,0.004309145617699535,0.7836154384670836,0.00971543846708356,0.012553868028276986,0.2510347056292718,0.0018347056292718211,-0.007362382139935076,0.1251251768681311,0.008425176868131101,-0.07219517453411398,0.3964435063062176,-0.010356493693782387,-0.02545844074184461,0.5576749017161708,-0.006025098283829133,-0.010688483739274673,4.915731233173309,0.3559312331733091,-0.07805851861338416,32.279616047630455,0.7569160476304546,-0.02401177715203503,3.113730530969558,0.2226305309695582,0.0770054757599385,65.57907360446069,-0.08712639553931467,-0.0013268073307015583,0.3191463579333598,-0.0034536420666401724,-0.010705648067700472,29.351080125378026,-4.157219874621973,0.12406537707439569,0.5612750053405762,0.0038750053405761653,0.006951929208066318,0.9817101776599884,0.0036101776599883895,0.003691010796430211,0.10445670932531356,0.0013567093253135654,0.013159159314389577,0.7530546233444378,-0.041845376655562205,-0.05264231558128343,83.83599999999998,10.73099999999998,0.14678886533068847,1.8106288652052172,0.2183288652052171,-0.13711540865742455
136,2026-07-26T20:01:51+00:00,2026-07-26T20:07:54+00:00,363.006,e981c64d6630a9c4dda286f8564e4afc43ab55027053e05fc0e83d434fb63c7b,"Low-distortion faithful restoration of the input video, preserving geometry, motion, edges, and textures with minimal redraw, low perceptual distortion, stable temporal alignment, and natural colors.","blur, flickering, temporal inconsistency, ghosting, warped structures, hallucinated textures, oversharpening, ringing artifacts, compression artifacts, color shifts, plastic texture, noise amplification",0.800000,Low-CFG fidelity prompt with artifact-focused negative prompt.,,prompt_negative_cfg,0,0,completed,,016a3a00c16fbd4850a8c46ac8000c2b37afab8532e4c30bbbc471b57e24d2cb,results_test/UDM10,2.2184736272279766,2,2,0.11198214992399969,0,0,26.496982149924,0.11198214992399969,0.004244159557475827,0.7835794229409554,0.009679422940955362,0.0125073303281501,0.2510983980711429,0.0018983980711429205,-0.007617969787892939,0.1251649285516431,0.008464928551643103,-0.07253580592667612,0.39604626235462004,-0.010753737645379957,-0.026434949964060858,0.557482434280457,-0.006217565719543017,-0.011029919672774556,4.917874197438553,0.35807419743855284,-0.07852848752983746,32.28402615007724,0.7613261500772381,-0.024151679585734664,3.115970358925481,0.22487035892548102,0.07778020785357859,65.57759475708008,-0.08860524291992533,-0.0013493280092334462,0.3191599471915153,-0.003440052808484695,-0.010663523894868862,29.314247574344755,-4.194052425655244,0.1251645838689293,0.5586322993040085,0.0012322993040084773,0.0022107988948842435,0.9815064430236816,0.003406443023681649,0.0034827144705875156,0.1032134760171175,0.0001134760171175031,0.001100640321217295,0.7556073176567463,-0.03929268234325378,-0.04943097539722453,83.934,10.828999999999994,0.14812940291361731,1.811014846728843,0.2187148467288429,-0.13735781368388048
137,2026-07-26T20:07:54+00:00,2026-07-26T20:14:05+00:00,370.956,e8bd9164a13d3e735d108ecddf2f164ad4f203f868a2f3bdfb2895da1e716972,"Low-distortion faithful restoration of the input video, preserving geometry, motion, edges, and textures with minimal redraw, low perceptual distortion, stable temporal alignment, and natural colors.","unstable edges, temporal jitter, motion trails, ghosting, hallucinated details, fake textures, oversharpening, ringing, color shifts, excessive smoothing, noise amplification, distorted structures",0.350000,Low-CFG fidelity prompt with artifact-focused negative prompt.,,prompt_negative_cfg,0,0,completed,,3c7640354f4f53aed4edcab080d5eaa3cc5be29cf21f37f9e5c469e7c4cd0dee,results_test/UDM10,2.215157687191614,2,2,0.13285912667550903,0,0,26.51785912667551,0.13285912667550903,0.005035403701933259,0.7839231048375181,0.010023104837518115,0.012951421162318278,0.2509777545688614,0.001777754568861395,-0.007133846584516031,0.12535221038326141,0.008652210383261416,-0.0741406202507405,0.394762432238748,-0.012037567761251977,-0.029590874536017643,0.5572675624201375,-0.006432437579862449,-0.011411100904492547,4.93908385984647,0.3792838598464696,-0.08317993329673881,32.36250934894148,0.8398093489414791,-0.02664141551775321,3.096805297174762,0.20570529717476216,0.07115122174077762,65.45677972608998,-0.20942027391002682,-0.003189163891165117,0.3177395559847355,-0.004860444015264476,-0.015066472458972337,29.458767798639116,-4.049532201360883,0.12085161590892056,0.565393278002739,0.007993278002738968,0.014340290640005325,0.9814258337020874,0.0033258337020873885,0.00340030027817952,0.10742581039667129,0.004325810396671292,0.04195742382804357,0.7614737872030195,-0.03342621279698055,-0.04205084010187514,83.787,10.682000000000002,0.14611859653922443,1.8028766458640653,0.21057664586406522,-0.13224684159019356
138,2026-07-26T20:14:06+00:00,2026-07-26T20:20:14+00:00,368.372,e6522c4f2264f286877728cca42f23ab7021968946357ac4181ccd68607b7756,"Low-distortion faithful restoration of the input video, preserving geometry, motion, edges, and textures with minimal redraw, low perceptual distortion, stable temporal alignment, and natural colors.","unstable edges, temporal jitter, motion trails, ghosting, hallucinated details, fake textures, oversharpening, ringing, color shifts, excessive smoothing, noise amplification, distorted structures",0.400000,Low-CFG fidelity prompt with artifact-focused negative prompt.,,prompt_negative_cfg,0,0,completed,,d5fe692f403d706369bc86e175a5cf1e6ba0fcb031fa3a27aa026879732deb39,results_test/UDM10,2.215579339569115,2,2,0.1307676573722567,0,0,26.51576765737226,0.1307676573722567,0.004956136341567432,0.7838825344996007,0.009982534499600626,0.012898997932033371,0.25101793115177456,0.00181793115177456,-0.007295068827345747,0.125363689661026,0.008663689661026014,-0.07423898595566422,0.3948950046012478,-0.011904995398752172,-0.029264983772743787,0.5572218658462649,-0.0064781341537351045,-0.011492166318494066,4.927262227269916,0.3674622272699155,-0.08058735630288949,32.342272902047746,0.8195729020477458,-0.02599945125410405,3.0987915204417322,0.20769152044173245,0.07183823473478346,65.4704405876898,-0.19575941231020977,-0.002981128987366556,0.3179002478959099,-0.004699752104090071,-0.014568357421233948,29.436263152091737,-4.072036847908262,0.1215232300029623,0.5693127036094665,0.011912703609466502,0.021371911750029605,0.9814056932926178,0.003305693292617873,0.0033797089179203282,0.10978547446429729,0.006685474464297292,0.06484456318426084,0.7586239481379904,-0.03627605186200966,-0.04563599429111795,83.869,10.763999999999996,0.1472402708433075,1.8031276640006886,0.21082766400068853,-0.13240448659215506
139,2026-07-26T20:20:14+00:00,2026-07-26T20:26:22+00:00,367.311,c556277ba349b957debe588c206f34943fd49ae8bf0fe8dde7fadc60d73fde47,"Low-distortion faithful restoration of the input video, preserving geometry, motion, edges, and textures with minimal redraw, low perceptual distortion, stable temporal alignment, and natural colors.","unstable edges, temporal jitter, motion trails, ghosting, hallucinated details, fake textures, oversharpening, ringing, color shifts, excessive smoothing, noise amplification, distorted structures",0.450000,Low-CFG fidelity prompt with artifact-focused negative prompt.,,prompt_negative_cfg,0,0,completed,,9710b3ddad82d9c2e423a85ba965370c6003bb84d2293a24bce3b2deeb1a86dd,results_test/UDM10,2.2156828736385616,2,2,0.13010756092686648,0,0,26.515107560926868,0.13010756092686648,0.0049311184736352655,0.7838654966121354,0.009965496612135416,0.01287698231313531,0.25103510921039895,0.0018351092103989497,-0.0073640016468657695,0.12535335863790203,0.008653358637902037,-0.07415045962212542,0.3948955825259609,-0.011904417474039086,-0.02926356311219048,0.5572622293426145,-0.006437770657385489,-0.011420561748067215,4.924439889831071,0.36463988983107054,-0.07996839550661664,32.35318707693647,0.8304870769364712,-0.02634568348956375,3.099737978366113,0.20863797836611342,0.0721656042219617,65.48086144231982,-0.1853385576801827,-0.0028224346418733335,0.3179381985337504,-0.0046618014662496154,-0.014450717502323669,29.423052781628023,-4.0852472183719755,0.12191747174198558,0.5517975777387619,-0.0056024222612380825,-0.010050990780836173,0.9813184976577759,0.0032184976577759317,0.0032905609424148164,0.09990445971488952,-0.0031955402851104736,-0.030994571145591402,0.7590198086899901,-0.03588019131000997,-0.04513799384829534,83.84700000000001,10.742000000000004,0.14693933383489508,1.8077405213261954,0.2154405213261954,-0.13530146412497357
140,2026-07-26T20:26:22+00:00,2026-07-26T20:32:22+00:00,360.469,05718eb2307f4f2c0f3d31c8c32c809d435bbdda665c90ca554d018297133a34,"Low-distortion faithful restoration of the input video, preserving geometry, motion, edges, and textures with minimal redraw, low perceptual distortion, stable temporal alignment, and natural colors.","unstable edges, temporal jitter, motion trails, ghosting, hallucinated details, fake textures, oversharpening, ringing, color shifts, excessive smoothing, noise amplification, distorted structures",0.500000,Low-CFG fidelity prompt with artifact-focused negative prompt.,,prompt_negative_cfg,0,0,completed,,25e00e24c9449e3488e90ebbe15769e6a0b53ddef6c90615ebe0eefcf5f6671a,results_test/UDM10,2.2159020153091533,2,2,0.12708414262340995,0,0,26.51208414262341,0.12708414262340995,0.004816529945931777,0.7838155832227959,0.009915583222795843,0.01281248639720357,0.25108904559766093,0.0018890455976609266,-0.007580439797997298,0.12538054739275287,0.008680547392752869,-0.07438343952658842,0.39523392406202135,-0.011566075937978648,-0.028431848421776422,0.5572217876872709,-0.006478212312729048,-0.011492304972022438,4.924788169495383,0.3649881694953825,-0.08004477597600387,32.38056714740726,0.8578671474072621,-0.027214266144945137,3.1011684571543046,0.21006845715430478,0.07266039125395345,65.48806334464781,-0.1781366553521906,-0.002712760222948649,0.31813949094183985,-0.004460509058160145,-0.013826748475387925,29.40917456842238,-4.099125431577619,0.12233164414719992,0.5607883036136627,0.003388303613662713,0.006078765004777024,0.9813455939292908,0.003245593929290802,0.003318263908895616,0.10602671504020691,0.0029267150402069175,0.02838714878959183,0.7397521373652498,-0.055147862634750244,-0.06937710735281198,83.77199999999999,10.666999999999987,0.14591341221530657,1.807643009160529,0.21534300916052884,-0.13524022430479735
141,2026-07-26T20:32:23+00:00,2026-07-26T20:38:31+00:00,367.988,00e8136c0abf69730d9f840ed72e7c4c342ba328349ddd2fed43063a0b5a634e,"Low-distortion faithful restoration of the input video, preserving geometry, motion, edges, and textures with minimal redraw, low perceptual distortion, stable temporal alignment, and natural colors.","unstable edges, temporal jitter, motion trails, ghosting, hallucinated details, fake textures, oversharpening, ringing, color shifts, excessive smoothing, noise amplification, distorted structures",0.550000,Low-CFG fidelity prompt with artifact-focused negative prompt.,,prompt_negative_cfg,0,0,completed,,0bf3f7a6d518a59b3f1148308556b359f07117703048f95cbf9e0b979576f28f,results_test/UDM10,2.2165156835369997,2,2,0.12394887985721681,0,0,26.50894887985722,0.12394887985721681,0.004697702477059572,0.7837678865646621,0.009867886564662087,0.012750854845150648,0.25111123715196887,0.0019112371519688642,-0.0076694909790082835,0.12537466999023192,0.00867466999023192,-0.07433307618022211,0.39536270047387767,-0.011437299526122324,-0.02811528890393885,0.5573976053345588,-0.006302394665441136,-0.011180405650951101,4.9243203248436,0.36452032484359975,-0.0799421739645598,32.34522054026195,0.822520540261948,-0.026092959684987264,3.103264831343005,0.21216483134300512,0.07338550425201658,65.50209460104665,-0.1641053989533532,-0.002499084749130499,0.31834785577750974,-0.004252144222490262,-0.013180856238345511,29.37696533203125,-4.131334667968748,0.12329287573433292,0.5702948600053788,0.012894860005378761,0.023133943317866452,0.9815931975841522,0.00349319758415223,0.0035714114959127185,0.111624226719141,0.008524226719141006,0.08267921163085361,0.753380381878159,-0.04151961812184102,-0.05223250487085296,83.772,10.667000000000002,0.14591341221530676,1.806556339385376,0.21425633938537603,-0.13455777139067765
142,2026-07-26T20:38:31+00:00,2026-07-26T20:44:42+00:00,370.728,1b3e9ac4cf6fc8963afa1b8919b2568e5b370e32174072a43ea601a1676ec552,"Low-distortion faithful restoration of the input video, preserving geometry, motion, edges, and textures with minimal redraw, low perceptual distortion, stable temporal alignment, and natural colors.","unstable edges, temporal jitter, motion trails, ghosting, hallucinated details, fake textures, oversharpening, ringing, color shifts, excessive smoothing, noise amplification, distorted structures",0.600000,Low-CFG fidelity prompt with artifact-focused negative prompt.,,prompt_negative_cfg,0,0,completed,,10f8d65c7988699c8584269e573f75dbb5440d3cbc083b19fe455091c2cd3734,results_test/UDM10,2.2167555854518266,2,2,0.1231274709393908,0,0,26.508127470939392,0.1231274709393908,0.004666570814454834,0.7837464529377016,0.009846452937701589,0.012723159242410633,0.25113246512989845,0.0019324651298984474,-0.007754675481133417,0.12535062066970332,0.008650620669703318,-0.07412699802659227,0.3956214704821187,-0.011178529517881286,-0.027479177772569533,0.5575054662842904,-0.006194533715709549,-0.01098906105323674,4.923598221261955,0.3637982212619546,-0.07978381097020804,32.370297595266734,0.8475975952667341,-0.026888483387106244,3.1056032626859604,0.21450326268596065,0.07419434218323845,65.50609342513546,-0.1601065748645425,-0.0024381885180586433,0.3184100893476317,-0.004189910652368289,-0.012987943745716954,29.357371865549396,-4.150928134450602,0.1238776104562333,0.5702924489974975,0.01289244899749753,0.023129617864186453,0.9818636775016785,0.0037636775016784974,0.003847947553091195,0.1114787032827735,0.0083787032827735,0.08126773310158585,0.7563157610322812,-0.0385842389677189,-0.04853973954927525,83.815,10.709999999999994,0.14650160727720393,1.8073293717073589,0.2150293717073588,-0.13504325297202713
143,2026-07-26T20:44:42+00:00,2026-07-26T20:50:55+00:00,372.922,fd0f737e4de9a7f19513f7401b5ea5819945df2f966c2f48b9b0b8547b45ae00,"Low-distortion faithful restoration of the input video, preserving geometry, motion, edges, and textures with minimal redraw, low perceptual distortion, stable temporal alignment, and natural colors.","unstable edges, temporal jitter, motion trails, ghosting, hallucinated details, fake textures, oversharpening, ringing, color shifts, excessive smoothing, noise amplification, distorted structures",0.650000,Low-CFG fidelity prompt with artifact-focused negative prompt.,,prompt_negative_cfg,0,0,completed,,9a328590bfd33000ee55b285ac9b0294126f725125bf5559d73dede8d213563b,results_test/UDM10,2.2171001347028136,2,2,0.12074423882268803,0,0,26.50574423882269,0.12074423882268803,0.004576245549467047,0.7837043603034625,0.009804360303462434,0.01266876896687225,0.2511721850643235,0.0019721850643234784,-0.00791406526614558,0.1253728360899033,0.008672836089903296,-0.07431736152444984,0.39580817184140604,-0.010991828158593953,-0.027020226545216207,0.5576368963526142,-0.006063103647385826,-0.010755904998023463,4.923806862465499,0.36400686246549885,-0.079829567626979,32.353355767038465,0.8306557670384649,-0.026351034874502022,3.1055112950263486,0.2144112950263488,0.07416253157149487,65.50907426649523,-0.15712573350477044,-0.002392794672217525,0.31855945325186175,-0.004040546748138252,-0.012524943422623223,29.33372487714214,-4.17457512285786,0.12458331586078256,0.5671618938446045,0.009761893844604463,0.017513264880883502,0.9816264748573303,0.003526474857330375,0.003605433858838948,0.10845460183918476,0.005354601839184764,0.051936002319929814,0.759991592237381,-0.034908407762619054,-0.043915470829813875,83.914,10.808999999999997,0.1478558238150605,1.808483788408921,0.21618378840892105,-0.13576825247059038
144,2026-07-26T20:50:55+00:00,2026-07-26T20:57:04+00:00,368.942,faa2c345981013fcdedb8e74acc0a757f3f6acb1ee7f5530550fb0509351f03d,"Low-distortion faithful restoration of the input video, preserving geometry, motion, edges, and textures with minimal redraw, low perceptual distortion, stable temporal alignment, and natural colors.","unstable edges, temporal jitter, motion trails, ghosting, hallucinated details, fake textures, oversharpening, ringing, color shifts, excessive smoothing, noise amplification, distorted structures",0.700000,Low-CFG fidelity prompt with artifact-focused negative prompt.,,prompt_negative_cfg,0,0,completed,,82f56b9fb5815334fd0e7c54d0cb0c1da348eb8237b91647a6a2d1a087cf22d9,results_test/UDM10,2.2170658584708973,2,2,0.11988396921465139,0,0,26.504883969214653,0.11988396921465139,0.0045436410541842475,0.7836821693029316,0.00978216930293152,0.012640094718867451,0.25117212651718046,0.001972126517180456,-0.007913830325764268,0.12535129131809358,0.008651291318093585,-0.07413274479943088,0.3958303396740267,-0.010969660325973296,-0.02696573334801695,0.5576474804070688,-0.006052519592931183,-0.010737128956769882,4.919605463797199,0.3598054637971986,-0.07890816785762503,32.373928856381546,0.851228856381546,-0.027003678504111197,3.105827582651569,0.2147275826515691,0.07427193201603857,65.50494281399634,-0.16125718600366667,-0.002455710639623835,0.31856771061016664,-0.0040322893898333545,-0.01249934714765454,29.324766097530244,-4.183533902469755,0.12485067587641734,0.5646515130996704,0.007251513099670426,0.013009531933387919,0.9814691781997681,0.003369178199768119,0.003444615274274736,0.10703560560941697,0.00393560560941697,0.038172702322182055,0.7593624789884441,-0.03553752101155594,-0.044706907801680636,83.798,10.692999999999998,0.14626906504343065,1.8052266676386348,0.21292666763863477,-0.1337227078054605
145,2026-07-26T20:57:05+00:00,2026-07-26T21:03:14+00:00,369.27,5f21bd6eff09898b269560d3e3307241da6be13d7d75f470bcf3bd47aba96046,"Low-distortion faithful restoration of the input video, preserving geometry, motion, edges, and textures with minimal redraw, low perceptual distortion, stable temporal alignment, and natural colors.","unstable edges, temporal jitter, motion trails, ghosting, hallucinated details, fake textures, oversharpening, ringing, color shifts, excessive smoothing, noise amplification, distorted structures",0.750000,Low-CFG fidelity prompt with artifact-focused negative prompt.,,prompt_negative_cfg,0,0,completed,,f76a5974da25ae953bc7074e3bfae3a35200f335d0bf2251bb84c7f1567eb65d,results_test/UDM10,2.2174659768996383,2,2,0.11708913741572857,0,0,26.50208913741573,0.11708913741572857,0.004437716028642356,0.7836405350570189,0.009740535057018884,0.012586296752834842,0.25120042060171405,0.0020004206017140425,-0.008027369990826816,0.1253494962569206,0.008649496256920602,-0.07411736295561784,0.39591398210294787,-0.010886017897052125,-0.026760122657453603,0.5575692781517583,-0.006130721848241705,-0.010875859230515709,4.9188395042495,0.35903950424950004,-0.07874018690501777,32.35548437518865,0.8327843751886519,-0.02641856107467482,3.1089218316539644,0.21782183165396463,0.07534219904325849,65.52047776252994,-0.14572223747006774,-0.002219136138075109,0.3187080407815595,-0.0038919592184404883,-0.012064349716182542,29.31112848097278,-4.1971715190272185,0.1252576680711113,0.5591611593961716,0.0017611593961716077,0.003159597050899906,0.9817926108837127,0.0036926108837127547,0.003775289728772881,0.10270705446600914,-0.0003929455339908572,-0.003811304888369129,0.7602890885864072,-0.03461091141359285,-0.04354121450948905,83.768,10.662999999999997,0.14585869639559532,1.8107246687092509,0.2184246687092508,-0.13717557539989375
146,2026-07-26T21:03:14+00:00,2026-07-26T21:09:33+00:00,378.867,2f023e9e7907240e4462ac2f8be58bc47bcc8874171a8fb057ab688348d88d9f,"Low-distortion faithful restoration of the input video, preserving geometry, motion, edges, and textures with minimal redraw, low perceptual distortion, stable temporal alignment, and natural colors.","unstable edges, temporal jitter, motion trails, ghosting, hallucinated details, fake textures, oversharpening, ringing, color shifts, excessive smoothing, noise amplification, distorted structures",0.800000,Low-CFG fidelity prompt with artifact-focused negative prompt.,,prompt_negative_cfg,0,0,completed,,0571836d8ee31e2c6cfe1f2c12c6b68adc6d35cd67589c4bcf2f61ceb2478bd4,results_test/UDM10,2.217728421390055,2,2,0.11460048429427161,0,0,26.499600484294273,0.11460048429427161,0.004343395273612719,0.7836024010369149,0.009702401036914887,0.01253702162671519,0.2512450677733267,0.0020450677733267197,-0.008206531995693097,0.12534330679524328,0.008643306795243277,-0.07406432558049081,0.39591544015753655,-0.010884559842463448,-0.026756538452466685,0.5575350210551293,-0.006164978944870669,-0.01093663108900243,4.921087126043949,0.3612871260439485,-0.07923310804069225,32.364052011657925,0.841352011657925,-0.026690353670780896,3.110360728540728,0.21926072854072842,0.07583989780385612,65.52870558461836,-0.13749441538163865,-0.0020938384645622656,0.3188389637537541,-0.003761036246245908,-0.011658512852591158,29.273020885836694,-4.235279114163305,0.12639492645593198,0.5595944494009018,0.0021944494009017435,0.003936938286511918,0.9817126214504241,0.0036126214504241805,0.0036935093041858508,0.10464394465088844,0.0015439446508884458,0.014975214848578524,0.7616042648351171,-0.033295735164882934,-0.04188669664722976,83.834,10.729,0.14676150742083302,1.8111973907070933,0.21889739070709324,-0.1374724553834662
147,2026-07-26T21:09:34+00:00,2026-07-26T21:15:45+00:00,371.112,868b474a991e9c7971f6c4aee7c22a3fb1398a5b80cb3ee9eff4a02501f3e2a4,"Low-distortion faithful restoration of the input video, preserving geometry, motion, edges, and textures with minimal redraw, low perceptual distortion, stable temporal alignment, and natural colors.","flickering, unstable details, temporal inconsistency, warped structures, ghosting, motion trails, plastic texture, excessive smoothing, oversharpening, ringing artifacts, noise, color shifts",0.350000,Low-CFG fidelity prompt with artifact-focused negative prompt.,,prompt_negative_cfg,0,0,completed,,dc22528a13d1ec2526a4f9d1ebe1c813bd081870dfa7ef9714a79951c1e826d2,results_test/UDM10,2.2159995754187345,2,2,0.13701973084480557,0,0,26.522019730844807,0.13701973084480557,0.005193091940299623,0.783829908811264,0.009929908811263988,0.012830997301025956,0.2509476242286544,0.0017476242286544041,-0.007012938317232762,0.12523464483599508,0.008534644835995087,-0.07313320339327409,0.3946562095034507,-0.01214379049654929,-0.029851992371065117,0.557231816457164,-0.006468183542835959,-0.011474514001837785,4.917590487266888,0.3577904872668878,-0.0784662676579867,32.2067849505563,0.6840849505562971,-0.021701343811167735,3.0945954295896714,0.2034954295896716,0.07038685261307863,65.44916691933909,-0.21703308066091154,-0.0033050957823189332,0.3175706003942797,-0.005029399605720297,-0.01559020336553099,29.368908297631048,-4.13939170236895,0.12353332464998076,0.5696762561798095,0.012276256179809542,0.022024140975618122,0.9815526843070984,0.0034526843070984414,0.003529991112461345,0.1106209248304367,0.007520924830436704,0.0729478645047207,0.7520033645793078,-0.04289663542069222,-0.053964820003386864,83.717,10.611999999999995,0.14516106969427528,1.7992715893584923,0.20697158935849225,-0.1299827855042971
148,2026-07-26T21:15:45+00:00,2026-07-26T21:21:58+00:00,372.573,f98c09748bcb592c54b11ca242505d486ab768db42c8e5eaef0d77290abbbd4b,"Low-distortion faithful restoration of the input video, preserving geometry, motion, edges, and textures with minimal redraw, low perceptual distortion, stable temporal alignment, and natural colors.","flickering, unstable details, temporal inconsistency, warped structures, ghosting, motion trails, plastic texture, excessive smoothing, oversharpening, ringing artifacts, noise, color shifts",0.400000,Low-CFG fidelity prompt with artifact-focused negative prompt.,,prompt_negative_cfg,0,0,completed,,11c3b351414d3a6c9f12192d6492df35c421d4de9513a1c186c91f777ffbb70f,results_test/UDM10,2.2163314736184345,2,2,0.13464530329550328,0,0,26.519645303295505,0.13464530329550328,0.00510310037125273,0.7838002007169671,0.009900200716967067,0.012792609790628073,0.25098332493535935,0.0017833249353593483,-0.007156199580093693,0.12524038341737562,0.008540383417375619,-0.07318237718402415,0.395069546420728,-0.011730453579271993,-0.028835923252881007,0.5574772104140251,-0.006222789585974886,-0.011039186776609698,4.92137309584626,0.36157309584625974,-0.0792958234673143,32.24039366607623,0.7176936660762294,-0.022767518838050973,3.0965510956702693,0.20545109567026953,0.07106329620914861,65.46290545309743,-0.2032945469025691,-0.0030958780453653337,0.3177164438030412,-0.004883556196958794,-0.015138115923616843,29.348792685231853,-4.159507314768145,0.12413364195641514,0.5551837354898452,-0.002216264510154775,-0.003976075547461024,0.9814576804637909,0.003357680463790924,0.0034328600999804972,0.1027140587568283,-0.00038594124317169187,-0.003743368023003801,0.7533274282406472,-0.041572571759352805,-0.0522991215993871,83.659,10.554000000000002,0.14436769030846044,1.7992189784126817,0.2069189784126817,-0.1299497446540738
149,2026-07-26T21:21:58+00:00,2026-07-26T21:28:03+00:00,365.308,972ae4aa341e02d2f04b0f71c85831a2799b3219f6ca964a15f022d9a2cb4c62,"Low-distortion faithful restoration of the input video, preserving geometry, motion, edges, and textures with minimal redraw, low perceptual distortion, stable temporal alignment, and natural colors.","flickering, unstable details, temporal inconsistency, warped structures, ghosting, motion trails, plastic texture, excessive smoothing, oversharpening, ringing artifacts, noise, color shifts",0.450000,Low-CFG fidelity prompt with artifact-focused negative prompt.,,prompt_negative_cfg,0,0,completed,,a8f30c671697dac0a9e17818bdce6a201a8aad9f080dec05b6eaf784fd6a90c7,results_test/UDM10,2.216184448689143,2,2,0.13379720380228832,0,0,26.51879720380229,0.13379720380228832,0.005070957127242309,0.7837906750336826,0.009890675033682572,0.012780301116013143,0.2509978776016543,0.001797877601654313,-0.007214597117392909,0.1252531603459389,0.008553160345938893,-0.07329186243306678,0.394682515773081,-0.012117484226918995,-0.02978732602487462,0.5572090138350764,-0.006490986164923607,-0.01151496569970482,4.918939712290329,0.3591397122903288,-0.07876216331644563,32.26039036695765,0.7376903669576507,-0.023401877597973863,3.0975753411169977,0.20647534111699795,0.07141757155304139,65.46539299257338,-0.2008070074266186,-0.003057996464339624,0.3178153964059968,-0.004784603594003178,-0.014831381258534341,29.33761852633569,-4.17068147366431,0.12446711631638459,0.5622828632593155,0.0048828632593155286,0.008760070432930622,0.9815563499927521,0.003456349992752128,0.003533738874094804,0.10741014443337918,0.004310144433379182,0.041805474620554624,0.7645103073598956,-0.030389692640104493,-0.03823083738848219,83.78600000000002,10.681000000000012,0.14610491758429672,1.8002774512084823,0.2079774512084822,-0.13061448923474359
150,2026-07-26T21:28:03+00:00,2026-07-26T21:34:19+00:00,375.118,f9463d18961ab214783b634c3237365f7528715226417b9eea76f067e7a9d3a4,"Low-distortion faithful restoration of the input video, preserving geometry, motion, edges, and textures with minimal redraw, low perceptual distortion, stable temporal alignment, and natural colors.","flickering, unstable details, temporal inconsistency, warped structures, ghosting, motion trails, plastic texture, excessive smoothing, oversharpening, ringing artifacts, noise, color shifts",0.500000,Low-CFG fidelity prompt with artifact-focused negative prompt.,,prompt_negative_cfg,0,0,completed,,c325e2a81116e1e506701497f2bac405a19391d1f756f5b14440561b9c34a9fd,results_test/UDM10,2.2168570935160616,2,2,0.1302476464548441,0,0,26.515247646454846,0.1302476464548441,0.0049364277602745536,0.7837485918786278,0.009848591878627744,0.01272592308906544,0.25105028813404423,0.0018502881340442257,-0.007424912255394164,0.12526094432800047,0.008560944328000475,-0.07335856322194066,0.3956487785904638,-0.011151221409536172,-0.027412048696008287,0.5575958446148903,-0.006104155385109666,-0.010828730504008633,4.915632589453624,0.35583258945362406,-0.07803688526988553,32.26409443818509,0.7413944381850897,-0.023519382482626475,3.0993934127592278,0.20829341275922797,0.07204642273156514,65.47328269712386,-0.19291730287613973,-0.002937847825458755,0.3180165859480058,-0.004583414051994195,-0.014207731097316165,29.324488092237903,-4.183811907762095,0.12485897248628236,0.562668177485466,0.005268177485466041,0.009451341021647006,0.981657063961029,0.003557063961029061,0.003636707863233883,0.10517876818776131,0.002078768187761315,0.0201626400364822,0.7591984518938645,-0.03570154810613557,-0.04491325714698147,83.767,10.661999999999992,0.1458450174406674,1.8037792821996845,0.21147928219968448,-0.13281371738974093
151,2026-07-26T21:34:19+00:00,2026-07-26T21:40:26+00:00,367.297,36341fcbac5371cde47f0635270b87860088b5d624627d5935b4dd0a9fd97c23,"Low-distortion faithful restoration of the input video, preserving geometry, motion, edges, and textures with minimal redraw, low perceptual distortion, stable temporal alignment, and natural colors.","flickering, unstable details, temporal inconsistency, warped structures, ghosting, motion trails, plastic texture, excessive smoothing, oversharpening, ringing artifacts, noise, color shifts",0.550000,Low-CFG fidelity prompt with artifact-focused negative prompt.,,prompt_negative_cfg,0,0,completed,,1e4575df195694abea21a7051652730802f077089e901de784b771b7ab873726,results_test/UDM10,2.217126491853975,2,2,0.12686148120510765,0,0,26.51186148120511,0.12686148120510765,0.004808091006447134,0.7837051363910984,0.009805136391098368,0.01266977179364048,0.25107863838634187,0.0018786383863418632,-0.007538677312768311,0.12524970539154545,0.008549705391545454,-0.0732622569969619,0.39553307458277676,-0.01126692541722324,-0.02769647349366578,0.5576285216116137,-0.006071478388386287,-0.010770761732102691,4.915275522106183,0.3554755221061825,-0.07795857759247829,32.28261561518698,0.7599156151869764,-0.02410693294632047,3.1025419062183746,0.21144190621837478,0.07313545232554211,65.48820012000299,-0.17799987999701727,-0.002710677334717362,0.3182326837653114,-0.004367316234688612,-0.013537868055451369,29.300572155367945,-4.207727844632053,0.12557270421453948,0.5640575915575028,0.006657591557502784,0.011944010688020782,0.9817106246948242,0.003610624694824205,0.0036914678405318524,0.1064583819359541,0.0033583819359540995,0.03257402459703297,0.7586259669142347,-0.03627403308576538,-0.045633454630476,83.79299999999999,10.687999999999988,0.1462006702687913,1.8085574422730133,0.21625744227301325,-0.13581450874396359
152,2026-07-26T21:40:26+00:00,2026-07-26T21:46:39+00:00,372.535,17fd7bd73f509b575a165a1142a5b0e10d728ade4688a20e451657e9c83ad3e1,"Low-distortion faithful restoration of the input video, preserving geometry, motion, edges, and textures with minimal redraw, low perceptual distortion, stable temporal alignment, and natural colors.","flickering, unstable details, temporal inconsistency, warped structures, ghosting, motion trails, plastic texture, excessive smoothing, oversharpening, ringing artifacts, noise, color shifts",0.600000,Low-CFG fidelity prompt with artifact-focused negative prompt.,,prompt_negative_cfg,0,0,completed,,4902365942b9a56d9e25d37fa379bc008a09607b5642ee50236e8030db38d3d9,results_test/UDM10,2.2173433776266345,2,2,0.12554908998550474,0,0,26.510549089985506,0.12554908998550474,0.004758350956433759,0.7836915438082814,0.0097915438082814,0.012652208047914976,0.2510994667247418,0.0018994667247418107,-0.007622258124967137,0.12526585075163071,0.008565850751630716,-0.07340060626932919,0.3957115745832843,-0.011088425416715675,-0.027257682931946102,0.5576175176328229,-0.006082482367177122,-0.010790282716297893,4.916592442405526,0.356792442405526,-0.078247388570886,32.28576913725981,0.7630691372598122,-0.02420697266604105,3.1028030737753842,0.21170307377538444,0.07322578733886219,65.50183117774225,-0.16436882225775662,-0.0025030963000410656,0.31835624277591706,-0.0042437572240829335,-0.013154858103170904,29.283213363155244,-4.225086636844754,0.12609074876507476,0.5586064249277115,0.0012064249277115024,0.002164379131165236,0.9815834343433381,0.0034834343433380877,0.003561429652732939,0.10364417620003223,0.0005441762000322342,0.005278139670535735,0.7599866009606121,-0.03491339903938795,-0.04392174995519933,83.835,10.72999999999999,0.14677518637576076,1.8092948827688815,0.21699488276888146,-0.13627763786276548
153,2026-07-26T21:46:39+00:00,2026-07-26T21:52:50+00:00,371.131,ac47f7f5b6d0a16e7746053ce6e9b2329a448d2b70bdda1f091f17e8a12751f0,"Low-distortion faithful restoration of the input video, preserving geometry, motion, edges, and textures with minimal redraw, low perceptual distortion, stable temporal alignment, and natural colors.","flickering, unstable details, temporal inconsistency, warped structures, ghosting, motion trails, plastic texture, excessive smoothing, oversharpening, ringing artifacts, noise, color shifts",0.650000,Low-CFG fidelity prompt with artifact-focused negative prompt.,,prompt_negative_cfg,0,0,completed,,e38c333c9c363b7bf2ac0fe3576064ece7c5784a51f76c405d12c8c88bf79f2d,results_test/UDM10,2.2176105062938984,2,2,0.1228601344939193,0,0,26.50786013449392,0.1228601344939193,0.0046564386770482965,0.7836582566529057,0.00975825665290564,0.012609195830088692,0.2511474481994106,0.0019474481994105897,-0.007814800158148434,0.12529563192398316,0.00859563192398316,-0.07365580054827044,0.3959507693686793,-0.010849230631320705,-0.026669691817405864,0.5574859770074967,-0.0062140229925032875,-0.011023634898888217,4.916095043363635,0.3562950433636347,-0.07813830504926415,32.2685214751882,0.7458214751882011,-0.02365982213415098,3.10437723359754,0.21327723359754014,0.07377027207552148,65.51110236875472,-0.1550976312452832,-0.002361909646747995,0.3184605242023545,-0.004139475797645509,-0.012831605076396493,29.284580944430445,-4.223719055569553,0.12604993555535654,0.5648711502552033,0.007471150255203285,0.013403570604957454,0.9815406680107117,0.003440668010711745,0.0035177057670092477,0.10806989222764969,0.004969892227649694,0.04820458028758191,0.76002171407368,-0.03487828592632003,-0.04387757696102658,83.824,10.718999999999994,0.1466247178715545,1.807785894391903,0.2154858943919029,-0.13532995942467055
154,2026-07-26T21:53:30+00:00,2026-07-26T21:59:45+00:00,375.612,b2ba8bc7cb37d595c15e6b28b87d3c424f7fadc17ec4c25a902b39ce2b6dc3a4,"Natural high-quality faithful restoration of the input video, preserving the original scene and motion while improving clean credible detail, stable edges, realistic color, and perceptual quality without invented content.","low perceptual quality, dull texture, temporal flicker, unstable edges, warped geometry, ghosting, ringing, oversharpening, fake texture, color drift, noise amplification",0.350000,Low-CFG fidelity prompt with artifact-focused negative prompt.,,prompt_negative_cfg,0,0,completed,,7aa79828c0f146f04c85b1caeaad8d103de1a06f2152171682d5864df2ca03f3,results_test/UDM10,2.212962569604092,2,2,0.14919935780186577,0,0,26.534199357801867,0.14919935780186577,0.00565470372567238,0.7842391346534094,0.01033913465340941,0.013359781177683692,0.25097304258135056,0.0017730425813505535,-0.007114938127409926,0.1255874147338252,0.008887414733825205,-0.07615608169516029,0.39289344491497163,-0.01390655508502836,-0.034185238655428614,0.5562921267363332,-0.007407873263666764,-0.01314151723197936,4.933726566826666,0.3739265668266656,-0.08200503680570762,32.341886997632905,0.8191869976329045,-0.02598720914239277,3.080669162350316,0.1895691623503164,0.06556990846055702,65.31108200319352,-0.35511799680648437,-0.005407926708207333,0.3166634654085482,-0.005936534591451825,-0.0184021531043144,29.410498834425407,-4.097801165574591,0.12229212361040671,0.5503989398479462,-0.007001060152053817,-0.012560208381869066,0.9808002412319183,0.0027002412319183655,0.002760700574499914,0.10133373215794564,-0.0017662678420543587,-0.01713159885600736,0.7452132870395757,-0.04968671296042437,-0.06250687251279956,83.678,10.572999999999993,0.14462759045208937,1.7981731946444293,0.2058731946444292,-0.1292929690664003
155,2026-07-26T21:59:46+00:00,2026-07-26T22:05:58+00:00,372.744,99418a2fbf622015cbcf335f199ccd972f90ce4fba93247582f7a5081c92376a,"Natural high-quality faithful restoration of the input video, preserving the original scene and motion while improving clean credible detail, stable edges, realistic color, and perceptual quality without invented content.","low perceptual quality, dull texture, temporal flicker, unstable edges, warped geometry, ghosting, ringing, oversharpening, fake texture, color drift, noise amplification",0.400000,Low-CFG fidelity prompt with artifact-focused negative prompt.,,prompt_negative_cfg,0,0,completed,,c7c69dac2a627a84a303759b39f2c0f2e3b74d45c8aea08baae448fea6cd4a27,results_test/UDM10,2.213444575106025,2,2,0.14777329475649026,0,0,26.532773294756492,0.14777329475649026,0.005600655476842534,0.784237024026823,0.010337024026823016,0.013357053917590149,0.2509834658715033,0.0017834658715032703,-0.007156765134443299,0.12559767000136837,0.008897670001368374,-0.07624395888062017,0.3936408239987589,-0.013159176001241113,-0.03234802360187097,0.556352952411098,-0.007347047588902034,-0.013033612894983207,4.93104529166296,0.3712452916629596,-0.08141701207574008,32.33405112031772,0.8113511203177168,-0.025738630267004948,3.0820970550660167,0.19099705506601694,0.06606380099824183,65.31978750536518,-0.34641249463481927,-0.00527535466701011,0.31681725740913425,-0.005782742590865753,-0.017925426506093467,29.407913700226818,-4.100386299773181,0.12236927268089343,0.5523604124784469,-0.0050395875215530905,-0.009041240619937371,0.9811537325382232,0.003053732538223275,0.00312210667439247,0.10298307128250599,-0.0001169287174940109,-0.0011341291706499603,0.7567407267228228,-0.038159273277177275,-0.048005124263652374,83.715,10.61,0.14513371178441967,1.7998709699895699,0.2075709699895698,-0.13035920994132374
156,2026-07-26T22:05:59+00:00,2026-07-26T22:12:05+00:00,365.518,6cd7165b0975febc4c288743458de41a4a7c5a37e787668eecb65174cef962f2,"Natural high-quality faithful restoration of the input video, preserving the original scene and motion while improving clean credible detail, stable edges, realistic color, and perceptual quality without invented content.","low perceptual quality, dull texture, temporal flicker, unstable edges, warped geometry, ghosting, ringing, oversharpening, fake texture, color drift, noise amplification",0.450000,Low-CFG fidelity prompt with artifact-focused negative prompt.,,prompt_negative_cfg,0,0,completed,,6c2a27658ad1061b1b08b40d77aa0e857a6fe05ba1c47974330244e09cf5e8c9,results_test/UDM10,2.2137118755183987,2,2,0.14704025760773476,0,0,26.532040257607736,0.14704025760773476,0.005572873132754776,0.7842456831058431,0.010345683105843051,0.013368242803777039,0.2509783413141004,0.0017783413141004012,-0.007136201099921353,0.12561383112784355,0.008913831127843552,-0.07638244325487191,0.394076927438859,-0.012723072561140969,-0.03127598957999255,0.5568109061448805,-0.006889093855119488,-0.01222120605839895,4.933564462206518,0.37376446220651793,-0.0819694859876569,32.349081956179255,0.8263819561792545,-0.0262154560421301,3.082307975138387,0.19120797513838728,0.06613675595392317,65.32842835457095,-0.3377716454290578,-0.0051437671957423724,0.31696586289232787,-0.0056341371076721325,-0.017464777147154782,29.414672457787294,-4.093627542212705,0.12216756869828385,0.5525856971740722,-0.004814302825927763,-0.008637070014222753,0.981188154220581,0.003088154220581063,0.003157299070218856,0.1018016304820776,-0.001298369517922393,-0.012593302792651728,0.7499988238076737,-0.044901176192326364,-0.05648657213778634,83.66799999999999,10.562999999999988,0.14449080090281086,1.7966983141377568,0.20439831413775678,-0.1283667111334276
157,2026-07-26T22:12:06+00:00,2026-07-26T22:18:17+00:00,371.177,7e8e5034fd33961346ad786a7cca1f8a051bc3bc59650ec7f7d82a9707182fc8,"Natural high-quality faithful restoration of the input video, preserving the original scene and motion while improving clean credible detail, stable edges, realistic color, and perceptual quality without invented content.","low perceptual quality, dull texture, temporal flicker, unstable edges, warped geometry, ghosting, ringing, oversharpening, fake texture, color drift, noise amplification",0.500000,Low-CFG fidelity prompt with artifact-focused negative prompt.,,prompt_negative_cfg,0,0,completed,,7f6460d9453013c6c75d03d8b2f9b27b74cd7f1566a6a3a59f97b5937e3af072,results_test/UDM10,2.2138173640596306,2,2,0.14401455048591316,0,0,26.529014550485915,0.14401455048591316,0.005458197858097902,0.7842209196010207,0.010320919601020662,0.01333624447734935,0.2509849374813418,0.001784937481341814,-0.007162670470874053,0.12561037963436497,0.008910379634364973,-0.07635286747527827,0.393892052769661,-0.012907947230339,-0.03173045041872911,0.5565194859620064,-0.0071805140379935795,-0.012738183498303317,4.931951842233629,0.3721518422336292,-0.08161582574534611,32.373721431883574,0.8510214318835736,-0.02699709834130876,3.085210555599582,0.19411055559958212,0.06714072692040474,65.35540620127031,-0.3107937987296907,-0.004732934123334237,0.3172146565971836,-0.005385343402816378,-0.016693562934954675,29.40443627142137,-4.103863728578627,0.12247305081363803,0.5612795442342758,0.0038795442342758335,0.006960072182052087,0.981248813867569,0.0031488138675690447,0.0032193169078509813,0.1066401369869709,0.003540136986970907,0.03433692518885458,0.7524279500865271,-0.042472049913472976,-0.05343068299594034,83.687,10.581999999999994,0.14475070104643994,1.795403312013756,0.20310331201375598,-0.12755342084642088
158,2026-07-26T22:18:17+00:00,2026-07-26T22:24:30+00:00,372.164,34b046d9289d1c5e50250f5db3d61309bee9fce226d3c256fba2df0151f1199a,"Natural high-quality faithful restoration of the input video, preserving the original scene and motion while improving clean credible detail, stable edges, realistic color, and perceptual quality without invented content.","low perceptual quality, dull texture, temporal flicker, unstable edges, warped geometry, ghosting, ringing, oversharpening, fake texture, color drift, noise amplification",0.550000,Low-CFG fidelity prompt with artifact-focused negative prompt.,,prompt_negative_cfg,0,0,completed,,5a57272f42ebd8982fb5543760eb84d67e63c4650ef774f6cbef43e40500cdd2,results_test/UDM10,2.2144222954457047,2,2,0.1411507711102864,0,0,26.526150771110288,0.1411507711102864,0.005349659697187281,0.7841953032005574,0.010295303200557382,0.01330314407618217,0.2510229762042723,0.0018229762042722697,-0.007315313821317294,0.1256139007306868,0.008913900730686791,-0.07638303968026385,0.39409528970718377,-0.012704710292816224,-0.031230851260610187,0.5571007186366665,-0.006599281363333431,-0.011707080651647031,4.929448284293586,0.36964828429358576,-0.08106677580016355,32.36720258075792,0.8445025807579185,-0.02679029971283927,3.0883814392551296,0.19728143925512986,0.06823750103944169,65.37386222347136,-0.29233777652864035,-0.004451875950315997,0.3174487740762772,-0.005151225923722802,-0.015967842293003107,29.39125189012097,-4.117048109879029,0.12286651694890607,0.5555796712636948,-0.0018203287363052212,-0.003265749437217835,0.9813690841197967,0.0032690841197967613,0.003342280052956509,0.10273151844739914,-0.0003684815526008578,-0.003574020878766807,0.7571922494009423,-0.03770775059905773,-0.04743709975979083,83.78,10.674999999999997,0.14602284385472944,1.7993571170760938,0.20705711707609376,-0.13003649882314497
159,2026-07-26T22:24:30+00:00,2026-07-26T22:30:33+00:00,362.985,3ebc6bd5d9e2bc190ecbbaa8369ccbda46bd07561bb06509d95e124937d38d46,"Natural high-quality faithful restoration of the input video, preserving the original scene and motion while improving clean credible detail, stable edges, realistic color, and perceptual quality without invented content.","low perceptual quality, dull texture, temporal flicker, unstable edges, warped geometry, ghosting, ringing, oversharpening, fake texture, color drift, noise amplification",0.600000,Low-CFG fidelity prompt with artifact-focused negative prompt.,,prompt_negative_cfg,0,0,completed,,5f7008cbe767cadee0a420dc672f6d0e4f7200a8bcd636bd37e748d27abcb214,results_test/UDM10,2.214333673870817,2,2,0.1401463428620353,0,0,26.525146342862037,0.1401463428620353,0.005311591542999253,0.7842019604976792,0.010301960497679175,0.013311746346658708,0.2510015251655732,0.00180152516557322,-0.007229234211770546,0.12564095316394683,0.00894095316394683,-0.07661485144770205,0.39419100779679517,-0.012608992203204827,-0.03099555605507578,0.5568787391147305,-0.0068212608852694645,-0.012100870827158888,4.932334434764343,0.37253443476434267,-0.08169973129618463,32.39459470912746,0.87189470912746,-0.027659264883003676,3.0893966559440855,0.19829665594408574,0.06858865343436261,65.38188229222453,-0.2843177077754717,-0.004329742055661386,0.31750779952253066,-0.005092200477469333,-0.01578487438769167,29.399600318170364,-4.108699681829634,0.1226173718699437,0.5596141010522843,0.0022141010522842564,0.0039721942093366635,0.9812216341495514,0.0031216341495514666,0.0031915286264711856,0.10560310743749142,0.0025031074374914225,0.02427844265268111,0.7582637973728683,-0.03663620262713174,-0.046089071112255305,83.762,10.656999999999996,0.14577662266602825,1.8013485120172845,0.20904851201728447,-0.13128713936901618
160,2026-07-26T22:30:34+00:00,2026-07-26T22:36:36+00:00,362.619,12bb83a927ca8d91ddab0a832253683165d24d85d4a6423ed99702af202a8662,"Natural high-quality faithful restoration of the input video, preserving the original scene and motion while improving clean credible detail, stable edges, realistic color, and perceptual quality without invented content.","low perceptual quality, dull texture, temporal flicker, unstable edges, warped geometry, ghosting, ringing, oversharpening, fake texture, color drift, noise amplification",0.650000,Low-CFG fidelity prompt with artifact-focused negative prompt.,,prompt_negative_cfg,0,0,completed,,c93ea8d423ff3b996b8dd6b8f2e34a9538719481e5b4c5fa592971a6aba126bc,results_test/UDM10,2.214793059297231,2,2,0.13840952350247093,0,0,26.523409523502472,0.13840952350247093,0.005245765529750651,0.7841908019514563,0.010290801951456263,0.01329732775740569,0.2509945541379913,0.0017945541379913166,-0.007201260585839954,0.12562695280198127,0.008926952801981275,-0.07649488262194752,0.3944434799494282,-0.012356520050571806,-0.03037492637800346,0.5569779859435174,-0.006722014056482539,-0.011924807621931061,4.929905403810367,0.37010540381036705,-0.08116702570515529,32.374163518394795,0.8514635183947945,-0.027011122727266208,3.091222010889361,0.20012201088936132,0.06922002382807974,65.3966388579338,-0.26956114206620896,-0.00410502118389992,0.31772749315827126,-0.004872506841728741,-0.01510386497746045,29.39176734185988,-4.11653265814012,0.12285113414109698,0.5600622355937958,0.0026622355937957476,0.004776167193749099,0.9813648879528045,0.0032648879528045516,0.0033379899323224124,0.10717547945678234,0.004075479456782341,0.03952938367393154,0.7539664807836093,-0.04093351921639077,-0.05149518079807619,83.70399999999998,10.598999999999975,0.14498324328021306,1.798286406531891,0.20598640653189104,-0.12936406866287198
161,2026-07-26T22:36:37+00:00,2026-07-26T22:42:49+00:00,371.801,e1b15da7716627f0a9cdd99264af7bc40d4ca83cf7535ef3552c29fdba928178,"Natural high-quality faithful restoration of the input video, preserving the original scene and motion while improving clean credible detail, stable edges, realistic color, and perceptual quality without invented content.","low perceptual quality, dull texture, temporal flicker, unstable edges, warped geometry, ghosting, ringing, oversharpening, fake texture, color drift, noise amplification",0.700000,Low-CFG fidelity prompt with artifact-focused negative prompt.,,prompt_negative_cfg,0,0,completed,,64863d225e52f83c694d61db8b2b3aca3795bdabfbf2f8beca97051c66f862da,results_test/UDM10,2.214901911782032,2,2,0.13742015100294935,0,0,26.52242015100295,0.13742015100294935,0.005208267993289723,0.7842002194413764,0.01030021944137638,0.013309496629249747,0.2510005745435914,0.001800574543591421,-0.007225419516819507,0.12562835927932495,0.008928359279324949,-0.07650693469858569,0.3945572004202874,-0.012242799579712582,-0.030095377531250203,0.5568580801448515,-0.006841919855148482,-0.012137519700458545,4.933627515483442,0.37382751548344206,-0.08198331406716129,32.356973472349424,0.8342734723494232,-0.02646579995842435,3.0905184261260494,0.19941842612604965,0.06897666152192926,65.40057161392704,-0.2656283860729616,-0.004045131073108564,0.31784525653046947,-0.004754743469530531,-0.014738820426319068,29.392831716229843,-4.115468283770156,0.12281936964185458,0.553743526339531,-0.0036564736604690617,-0.006559873807802407,0.981199985742569,0.003099985742568978,0.0031693955041089644,0.1035572998225689,0.00045729982256889623,0.004435497794072709,0.7528864677154034,-0.0420135322845967,-0.05285385870499018,83.75,10.644999999999996,0.14561247520689413,1.800058210743979,0.20775821074397904,-0.13047680132134587
162,2026-07-26T22:42:49+00:00,2026-07-26T22:49:10+00:00,380.17,2b9ca4069fd249b94cfb65d90e8df5e754d35b04a386e1d0a1d4936dde29e113,"Natural high-quality faithful restoration of the input video, preserving the original scene and motion while improving clean credible detail, stable edges, realistic color, and perceptual quality without invented content.","low perceptual quality, dull texture, temporal flicker, unstable edges, warped geometry, ghosting, ringing, oversharpening, fake texture, color drift, noise amplification",0.750000,Low-CFG fidelity prompt with artifact-focused negative prompt.,,prompt_negative_cfg,0,0,completed,,706e69ee8a8c74f2dbcf88d294fad906a80f2970cf92bcf725dceb98571f804b,results_test/UDM10,2.2147643346989585,2,2,0.13499616315288065,0,0,26.519996163152882,0.13499616315288065,0.005116398072877796,0.7841790726170734,0.010279072617073393,0.013282171620459223,0.2510151775373567,0.001815177537356688,-0.007284019010259583,0.12562567880076747,0.008925678800767473,-0.07648396573065529,0.3943758978959052,-0.01242410210409478,-0.030541057286368686,0.5569428790961543,-0.006757120903845726,-0.011987086932491975,4.929549308888665,0.36974930888866453,-0.08108893128836013,32.42733783562047,0.9046378356204698,-0.028697980681238276,3.0933252057721536,0.20222520577215386,0.06994749602993804,65.4122796827747,-0.25392031722530817,-0.0038668343413401133,0.3180314667522907,-0.004568533247709283,-0.014161603371696476,29.398258726058465,-4.110041273941533,0.12265740947590698,0.5563737750053406,-0.0010262249946594304,-0.0018410925630775571,0.9812817215919495,0.0031817215919495156,0.003252961447653119,0.1024931225925684,-0.0006068774074315941,-0.005886298811169682,0.7618646200224883,-0.033035379977511714,-0.041559164646511146,83.816,10.710999999999999,0.14651528623213184,1.799851269145923,0.20755126914592292,-0.13034683737105
163,2026-07-26T22:49:10+00:00,2026-07-26T22:55:23+00:00,372.63,ff02b9f8a75dd490fac2f3ef274b2617dcc938c8878a3c543b00c10b3df9f1df,"Natural high-quality faithful restoration of the input video, preserving the original scene and motion while improving clean credible detail, stable edges, realistic color, and perceptual quality without invented content.","low perceptual quality, dull texture, temporal flicker, unstable edges, warped geometry, ghosting, ringing, oversharpening, fake texture, color drift, noise amplification",0.800000,Low-CFG fidelity prompt with artifact-focused negative prompt.,,prompt_negative_cfg,0,0,completed,,0181ea47bbee687111b25a63f200d6237f3283e60f0fc7eb470d63e714941505,results_test/UDM10,2.215051994751411,2,2,0.13239781287408547,0,0,26.517397812874087,0.13239781287408547,0.005017919760245801,0.7841575319667692,0.010257531966769151,0.01325433772679823,0.25102809552223454,0.0018280955222345352,-0.00733585683079669,0.1256160568806433,0.008916056880643314,-0.07640151568674648,0.3942977211167736,-0.012502278883226414,-0.030733232259651952,0.5571430288014874,-0.006556971198512618,-0.011632022704475107,4.931774355472093,0.37197435547209334,-0.08157690150271796,32.401461846605464,0.8787618466054639,-0.02787711225895827,3.093953136474856,0.20285313647485603,0.07016469042055136,65.43296407884166,-0.23323592115833947,-0.003551841299760599,0.3181824102517097,-0.004417589748290318,-0.013693706597304149,29.397260899697578,-4.1110391003024205,0.12268718795947335,0.561550858616829,0.004150858616828956,0.007446822061049437,0.9813441157341003,0.003244115734100328,0.0033167526163994767,0.10728105939924718,0.004181059399247178,0.04055343743207738,0.7543162261170389,-0.040583773882961194,-0.051055194216833806,83.813,10.707999999999998,0.1464742493673483,1.7963374116273674,0.20403741162736733,-0.12814005628799052
164,2026-07-26T22:55:24+00:00,2026-07-26T23:01:34+00:00,370.011,e767a123e6e8093d86f5306804c3c0445af1d4dbd756ec2b278947fb5a0cd4ee,"Natural high-quality faithful restoration of the input video, preserving the original scene and motion while improving clean credible detail, stable edges, realistic color, and perceptual quality without invented content.","warped geometry, temporal misalignment, perceptual distortion, texture redraw, unstable edges, hallucinated detail, flicker, ghosting, ringing, oversharpening, noise amplification, color drift",0.350000,Low-CFG fidelity prompt with artifact-focused negative prompt.,,prompt_negative_cfg,0,0,completed,,3186d8901ba75b86353ffb19f2229e0c7ef482562dd10694dcb828a4c00adc9b,results_test/UDM10,2.2145239742721334,2,2,0.13656864904588062,0,0,26.521568649045882,0.13656864904588062,0.005175995794803131,0.7841362025067595,0.010236202506759495,0.013226776724072225,0.25060061235581677,0.0014006123558167605,-0.005620434814673999,0.12521374590935247,0.008513745909352471,-0.07295412090276325,0.3944129309346599,-0.012387069065340095,-0.030450022284513507,0.5568579625698827,-0.006842037430117243,-0.012137728277660534,4.933207937047947,0.37340793704794706,-0.08189129721653297,32.33043170749251,0.8077317074925077,-0.02562381101531619,3.096166593797745,0.20506659379774517,0.07093030119945529,65.46745929102744,-0.19874070897256502,-0.003026529766798825,0.3177859727894106,-0.004814027210589378,-0.014922588997487222,29.591240076864914,-3.917059923135085,0.11689819904725351,0.5536008477210999,-0.003799152278900153,-0.006815845494976952,0.9812313675880432,0.0031313675880432212,0.003201480000044189,0.10231022275984288,-0.0007897772401571218,-0.0076603030083134994,0.7534653690060283,-0.04143463099397171,-0.052125589374728526,83.811,10.706000000000003,0.14644689145749268,1.804246268705659,0.21194626870565902,-0.13310699535618856
165,2026-07-26T23:01:34+00:00,2026-07-26T23:07:46+00:00,371.322,0a7201d314ea77fb8996422a715072e58329b4ed313225824babaa13d8fecb5d,"Natural high-quality faithful restoration of the input video, preserving the original scene and motion while improving clean credible detail, stable edges, realistic color, and perceptual quality without invented content.","warped geometry, temporal misalignment, perceptual distortion, texture redraw, unstable edges, hallucinated detail, flicker, ghosting, ringing, oversharpening, noise amplification, color drift",0.400000,Low-CFG fidelity prompt with artifact-focused negative prompt.,,prompt_negative_cfg,0,0,completed,,5c1a0e6d2f968b982c9569d7f485896643646a1e4b2633b47175fe8ebf8cfd62,results_test/UDM10,2.2148042974444326,2,2,0.1360415993967301,0,0,26.52104159939673,0.1360415993967301,0.005156020443309839,0.7841397888790278,0.010239788879027767,0.013231410878702374,0.2506312550556275,0.001431255055627495,-0.005743399099628792,0.1252306217147458,0.008530621714745806,-0.07309872934657932,0.39467019078231624,-0.012129809217683751,-0.029817623445633608,0.5568111818644309,-0.006888818135569075,-0.01222071693377519,4.935080912863418,0.3752809128634178,-0.08230205554265928,32.32706604855896,0.8043660485589612,-0.025517041641704586,3.096617453713571,0.2055174537135711,0.07108624873355163,65.47151783358666,-0.1946821664133438,-0.002964724110932927,0.31790676494279213,-0.004693235057207867,-0.014548155787997109,29.567318627142136,-3.9409813728578627,0.1176120952975192,0.5599600970745087,0.0025600970745086604,0.004592926219068282,0.981119304895401,0.0030193048954010315,0.0030869081846447515,0.1057797372341156,0.0026797372341156034,0.025991631756698386,0.7546107322590997,-0.04028926774090036,-0.0506846996363069,83.868,10.762999999999991,0.1472265918883796,1.8045969311545682,0.21229693115456816,-0.1333272192140728
166,2026-07-26T23:07:46+00:00,2026-07-26T23:13:50+00:00,363.926,79d3f55bf0d6a2ae78508e64fe3af20991f2402a6ab254ff6cf28a853cf90f53,"Natural high-quality faithful restoration of the input video, preserving the original scene and motion while improving clean credible detail, stable edges, realistic color, and perceptual quality without invented content.","warped geometry, temporal misalignment, perceptual distortion, texture redraw, unstable edges, hallucinated detail, flicker, ghosting, ringing, oversharpening, noise amplification, color drift",0.450000,Low-CFG fidelity prompt with artifact-focused negative prompt.,,prompt_negative_cfg,0,0,completed,,41ea6ee9ab73876401a003e9a55b5f39541104e23750cbc85e6f7878d655e303,results_test/UDM10,2.214784665581418,2,2,0.1356381828554234,0,0,26.520638182855425,0.1356381828554234,0.005140730826432571,0.7841461365753538,0.010246136575353781,0.013239613096464377,0.2506509075722386,0.0014509075722386189,-0.005822261525837155,0.12526504397392274,0.008565043973922742,-0.07339369300705006,0.3943913457374419,-0.012408654262558105,-0.030503083241293277,0.5570613866852175,-0.006638613314782438,-0.011776855268374025,4.938262262138677,0.37846226213867684,-0.08299975045806325,32.341160527327546,0.8184605273275452,-0.025964163200726625,3.097020324583977,0.20592032458397735,0.07122559737953629,65.47165260314941,-0.19454739685059508,-0.002962671767981017,0.31795157929581974,-0.004648420704180256,-0.014409239628581079,29.558238564768146,-3.950061435231852,0.1178830747973443,0.5602939575910568,0.002893957591056817,0.00519188660038898,0.9815806746482849,0.0034806746482849427,0.0035586081671454277,0.106583396717906,0.0034833967179059983,0.033786583102870985,0.7530797529224855,-0.04182024707751453,-0.05261070207260602,83.86800000000001,10.763000000000005,0.1472265918883798,1.8051573128711123,0.2128573128711122,-0.13367915146085046
167,2026-07-26T23:13:51+00:00,2026-07-26T23:19:57+00:00,365.907,8674b464782813dbfcf61adb8d17141bfa7f97f4c415167c4918275235a9ca17,"Natural high-quality faithful restoration of the input video, preserving the original scene and motion while improving clean credible detail, stable edges, realistic color, and perceptual quality without invented content.","warped geometry, temporal misalignment, perceptual distortion, texture redraw, unstable edges, hallucinated detail, flicker, ghosting, ringing, oversharpening, noise amplification, color drift",0.500000,Low-CFG fidelity prompt with artifact-focused negative prompt.,,prompt_negative_cfg,0,0,completed,,50ff23dec081d901d21de8ad048ca97b5610bb8df099bb08f4d51e7f94dfb295,results_test/UDM10,2.215122540839399,2,2,0.13433930304742248,0,0,26.519339303047424,0.13433930304742248,0.005091502863271649,0.7841449619809252,0.010244961980925171,0.013238095336510106,0.2507088506894727,0.0015088506894726794,-0.006054778047643176,0.1253277740170879,0.008627774017087891,-0.07393122551060746,0.39461549236889815,-0.012184507631101849,-0.029952083655609266,0.5571110942671377,-0.006588905732862305,-0.011688674353135187,4.936661733166548,0.3768617331665478,-0.0826487418673073,32.32120523940115,0.7985052394011518,-0.02533111819105444,3.098033123631631,0.2069331236316314,0.07157591353866398,65.47597677169308,-0.19022322830691962,-0.0028968210176151445,0.3180568141562324,-0.0045431858437676165,-0.014083031133811583,29.546493038054432,-3.961806961945566,0.11823360068835381,0.5553680926561355,-0.002031907343864492,-0.00364533072096249,0.9813967704772949,0.0032967704772949302,0.003370586317651498,0.10264443755149841,-0.00045556244850158967,-0.004418646445214255,0.7575264461407444,-0.03737355385925567,-0.0470166736183868,83.684,10.578999999999994,0.14470966418165643,1.8065572555497056,0.21425725554970554,-0.1345583467623598
168,2026-07-26T23:19:57+00:00,2026-07-26T23:25:59+00:00,362.044,76d9c5dd85b57cc7ac1c8057909bf6da1b6dc74f50ae07ce25a7f3acf6295aad,"Natural high-quality faithful restoration of the input video, preserving the original scene and motion while improving clean credible detail, stable edges, realistic color, and perceptual quality without invented content.","warped geometry, temporal misalignment, perceptual distortion, texture redraw, unstable edges, hallucinated detail, flicker, ghosting, ringing, oversharpening, noise amplification, color drift",0.550000,Low-CFG fidelity prompt with artifact-focused negative prompt.,,prompt_negative_cfg,0,0,completed,,107abb2476c630b931e97aed6e8b11cee062ce61900d4240c5950ac5bcb97dc9,results_test/UDM10,2.215060494748057,2,2,0.1331741776004911,0,0,26.518174177600493,0.1331741776004911,0.005047344233484598,0.7841437547161635,0.010243754716163456,0.013236535361368982,0.25074619917619617,0.0015461991761961669,-0.006204651589872259,0.12534523817800708,0.00864523817800708,-0.07408087556132889,0.394880841576284,-0.011919158423715992,-0.0292997994683284,0.5571994560380136,-0.006500543961986405,-0.011531921167263447,4.93698870066876,0.37718870066875976,-0.08272044841193907,32.39497661584894,0.8722766158489392,-0.027671380175205144,3.097990987377782,0.20689098737778222,0.07156133906740764,65.47550157116305,-0.19069842883695287,-0.0029040576253377363,0.31818131203612976,-0.004418687963870238,-0.013697110861346057,29.521938397807464,-3.9863616021925345,0.11896639346647053,0.5573621362447738,-3.7863755226186235e-05,-6.792923434909622e-05,0.9814487576484681,0.0033487576484680925,0.0034237374997117807,0.10394995119422674,0.0008499511942267474,0.008243949507533922,0.7592966829093839,-0.03560331709061615,-0.04478968057694823,83.78699999999999,10.681999999999988,0.14611859653922424,1.8076100932618524,0.21531009326185235,-0.13521955238450817
169,2026-07-26T23:26:00+00:00,2026-07-26T23:32:08+00:00,367.757,301deaa1700f4e046507a9ce0718543d2875e686f529dda0e472cdb716426f2b,"Natural high-quality faithful restoration of the input video, preserving the original scene and motion while improving clean credible detail, stable edges, realistic color, and perceptual quality without invented content.","warped geometry, temporal misalignment, perceptual distortion, texture redraw, unstable edges, hallucinated detail, flicker, ghosting, ringing, oversharpening, noise amplification, color drift",0.600000,Low-CFG fidelity prompt with artifact-focused negative prompt.,,prompt_negative_cfg,0,0,completed,,815432a4cfe3978132754ba7dac8c946f1368ca4d7dac38f3f3d27b0fb548c2b,results_test/UDM10,2.2152719398354503,2,2,0.13279393842142895,0,0,26.51779393842143,0.13279393842142895,0.005032933046103048,0.7841498206480787,0.010249820648078667,0.013244373495385278,0.25077207958506,0.0015720795850599767,-0.006308505558025588,0.1253789436432623,0.008678943643262299,-0.07436969702881148,0.3947690557568304,-0.012030944243169583,-0.029574592534831818,0.5569467515714706,-0.006753248428529424,-0.011980217187385886,4.933376443042476,0.3735764430424755,-0.08192825190632824,32.33712666804116,0.8144266680411576,-0.025836196393112187,3.0981945349324134,0.2070945349324136,0.07163174394950489,65.47055164460214,-0.1956483553978643,-0.002979437753332221,0.318219897823949,-0.004380102176051004,-0.013577502095632374,29.513447816910286,-3.994852183089712,0.11921978086294178,0.5622039794921875,0.004803979492187471,0.008618549501592162,0.9815223515033722,0.003422351503372223,0.003498979146684616,0.1062859509140253,0.0031859509140253067,0.0309015607567925,0.75461366438714,-0.0402863356128601,-0.050681010960951185,83.777,10.671999999999997,0.14598180698994592,1.8020829969949166,0.20978299699491654,-0.13174841235628745
170,2026-07-26T23:32:08+00:00,2026-07-26T23:38:15+00:00,366.288,dd0518f70663c6618a044354621754fbbc3a1b6556bb0643b1141ef6469fa645,"Natural high-quality faithful restoration of the input video, preserving the original scene and motion while improving clean credible detail, stable edges, realistic color, and perceptual quality without invented content.","warped geometry, temporal misalignment, perceptual distortion, texture redraw, unstable edges, hallucinated detail, flicker, ghosting, ringing, oversharpening, noise amplification, color drift",0.650000,Low-CFG fidelity prompt with artifact-focused negative prompt.,,prompt_negative_cfg,0,0,completed,,9c6e56dd18a5647b52ab1658324bced7aaa74e0c8a3eb875a1513e38eb0452de,results_test/UDM10,2.2152524348840807,2,2,0.13187685443508812,0,0,26.51687685443509,0.13187685443508812,0.0049981752675796135,0.784145350762346,0.010245350762346006,0.013238597702992643,0.2508049785369827,0.0016049785369826874,-0.006440523824168087,0.1254393006524732,0.008739300652473192,-0.07488689505118416,0.39486866910611423,-0.011931330893885761,-0.029329721961371093,0.5570860233037702,-0.006613976696229762,-0.01173315007314132,4.9369135668186654,0.37711356681866537,-0.08270397096773222,32.38624898492607,0.8635489849260694,-0.02739451204770116,3.0984514278750264,0.20735142787502658,0.07172060042026447,65.4724889570667,-0.19371104293330177,-0.0029499353233977564,0.318313833638545,-0.004286166361455013,-0.013286318541398055,29.496013419858865,-4.012286580141133,0.11974008171531032,0.5571652829647065,-0.00023471703529354127,-0.00042109263597693087,0.9813420891761779,0.0032420891761779647,0.0033146806831387023,0.10442891083657742,0.001328910836577421,0.01288953284750166,0.7578851279314784,-0.03701487206852161,-0.04656544479622796,83.81300000000002,10.708000000000013,0.14647424936734849,1.8037687770508153,0.21146877705081524,-0.13280711992138117
171,2026-07-26T23:38:15+00:00,2026-07-26T23:44:23+00:00,367.345,45bf3f589ff49ad423e132dc2096c9a18fdf12ac7bf943c7bbc37eabd76a10ff,"Natural high-quality faithful restoration of the input video, preserving the original scene and motion while improving clean credible detail, stable edges, realistic color, and perceptual quality without invented content.","warped geometry, temporal misalignment, perceptual distortion, texture redraw, unstable edges, hallucinated detail, flicker, ghosting, ringing, oversharpening, noise amplification, color drift",0.700000,Low-CFG fidelity prompt with artifact-focused negative prompt.,,prompt_negative_cfg,0,0,completed,,06a76ba8270a658bfd2b2638f9e0ace7cc3920f9f178e7c8a633e76c126f222d,results_test/UDM10,2.2155436653283895,2,2,0.13138237737840086,0,0,26.516382377378402,0.13138237737840086,0.004979434427834029,0.7841474566372575,0.010247456637257457,0.013241318823178003,0.2508286997195213,0.0016286997195213149,-0.0065357131601978926,0.12544865742806463,0.008748657428064632,-0.07496707307681776,0.39533526310997624,-0.011464736890023752,-0.02818273571785583,0.5571574588937145,-0.006542541106285493,-0.011606423818139956,4.93437393561223,0.3745739356122302,-0.08214700987153607,32.38599624558633,0.8632962455863264,-0.027386494354427967,3.099177248631754,0.20807724863175414,0.071971653914342,65.46844355675482,-0.19775644324518282,-0.003011540842095063,0.3183331523931795,-0.004266847606820501,-0.013226433995103846,29.479006268901212,-4.029293731098786,0.12024763211200766,0.5642370104789733,0.006837010478973338,0.012265896087142694,0.981663030385971,0.0035630303859710555,0.003642807878510434,0.10609127506613732,0.0029912750661373194,0.029013337207927443,0.7539597858673923,-0.04094021413260773,-0.05150360313575007,83.80699999999999,10.701999999999984,0.14639217563778104,1.7993411191370494,0.20704111913704937,-0.13002645175974964
172,2026-07-26T23:44:23+00:00,2026-07-26T23:50:30+00:00,366.777,970634c2b1b1eef1bd66c40c459b6083ea70356114829a45f82d6ea0d39d6dc1,"Natural high-quality faithful restoration of the input video, preserving the original scene and motion while improving clean credible detail, stable edges, realistic color, and perceptual quality without invented content.","warped geometry, temporal misalignment, perceptual distortion, texture redraw, unstable edges, hallucinated detail, flicker, ghosting, ringing, oversharpening, noise amplification, color drift",0.750000,Low-CFG fidelity prompt with artifact-focused negative prompt.,,prompt_negative_cfg,0,0,completed,,a817a42655feeaaca31eaa0682a11db06e8409e8725313df828e7477e98782ea,results_test/UDM10,2.215663643940476,2,2,0.13019956281108236,0,0,26.515199562811084,0.13019956281108236,0.004934605374685706,0.7841423201832864,0.010242320183286413,0.013234681720230537,0.2508656891122941,0.0016656891122941164,-0.006684145715465956,0.12548429177653403,0.008784291776534031,-0.07527242310654697,0.3953980861652282,-0.011401913834771793,-0.02802830342864256,0.5574849198902807,-0.006215080109719273,-0.011025510217703163,4.933598594663754,0.37379859466375365,-0.0819769715039593,32.39800999273465,0.8753099927346497,-0.027767608508619177,3.0980994512957913,0.20699945129579156,0.07159885555525287,65.46488916950841,-0.20131083049159315,-0.003065668951326453,0.3184623213544969,-0.004137678645503073,-0.012826034239005187,29.461845151839718,-4.0464548481602804,0.12075977737337557,0.5650848776102066,0.007684877610206642,0.013787006835677506,0.9815156102180481,0.0034156102180481485,0.003492086921631887,0.10902798548340797,0.005927985483407977,0.057497434368651575,0.7601070164283555,-0.03479298357164451,-0.04377026490331426,83.76599999999999,10.660999999999987,0.1458313384857395,1.7995860887216018,0.2072860887216017,-0.1301802981357795
173,2026-07-26T23:50:31+00:00,2026-07-26T23:56:32+00:00,361.256,5b68ac5bb4444d2b4e7f26681fbd47f74faf564dab517d5e658712332bdf8408,"Natural high-quality faithful restoration of the input video, preserving the original scene and motion while improving clean credible detail, stable edges, realistic color, and perceptual quality without invented content.","warped geometry, temporal misalignment, perceptual distortion, texture redraw, unstable edges, hallucinated detail, flicker, ghosting, ringing, oversharpening, noise amplification, color drift",0.800000,Low-CFG fidelity prompt with artifact-focused negative prompt.,,prompt_negative_cfg,0,0,completed,,1615e16d0c6ebc23f0b1e52310ec609de7649724c6456b5ac42d02a1920926b8,results_test/UDM10,2.2157153258399704,2,2,0.1289964011407676,0,0,26.51399640114077,0.1289964011407676,0.00488900515977895,0.7841373298614129,0.010237329861412903,0.013228233442838742,0.25090222745653123,0.00170222745653123,-0.006830768284635754,0.1255104980161113,0.008810498016111307,-0.07549698385699492,0.39518838260442984,-0.01161161739557015,-0.028543798907497912,0.5572567235077581,-0.006443276492241856,-0.011430329061986618,4.933647471783962,0.3738474717839617,-0.08198769064080919,32.394018313350855,0.8713183133508551,-0.02764097978126414,3.0999067037336285,0.20880670373362875,0.07222396448882044,65.47001110199957,-0.19618889800042894,-0.002987669425068436,0.3184646216131025,-0.004135378386897481,-0.012818903865150283,29.44692658455141,-4.061373415448589,0.12120499743193744,0.5532271355390549,-0.004172864460945114,-0.007486301508692346,0.9815894365310669,0.003489436531066925,0.0035675662315375984,0.10178235210478306,-0.0013176478952169335,-0.012780289963306823,0.7486723007349334,-0.046227699265066646,-0.058155364530213416,83.824,10.718999999999994,0.1466247178715545,1.7977836728338539,0.20548367283385383,-0.1290483406605877
174,2026-07-26T23:56:32+00:00,2026-07-27T00:02:40+00:00,367.481,f5b0509f18e30991a49c1297d42460f48ffe39b47a89854e763336a2c4633f77,"Natural high-quality faithful restoration of the input video, preserving the original scene and motion while improving clean credible detail, stable edges, realistic color, and perceptual quality without invented content.","invented content, hallucinated texture, temporal flicker, motion-inconsistent detail, warped structure, ghosting, ringing, oversharpening, color drift, noise amplification, compression artifacts",0.350000,Low-CFG fidelity prompt with artifact-focused negative prompt.,,prompt_negative_cfg,0,0,completed,,b73666b5ef0da9dd03a4e933acb33664c4608ac51b8f4d4917cea6e035aa0d94,results_test/UDM10,2.214243551459015,2,2,0.138366011342697,0,0,26.5233660113427,0.138366011342697,0.0052441164048776575,0.7841874843873241,0.010287484387324075,0.013293040944985237,0.2508371624735094,0.001637162473509396,-0.0065696728471484585,0.12538288600983158,0.00868288600983158,-0.0744034790902449,0.39438195690031974,-0.012418043099680254,-0.03052616297856503,0.5568968023984663,-0.006803197601533695,-0.012068826683579377,4.937040741309806,0.377240741309806,-0.08273186133378789,32.35319786917687,0.8304978691768667,-0.02634602585365044,3.0946599595008353,0.2035599595008355,0.07040917280648733,65.4378966423773,-0.22830335762270693,-0.003476725585197665,0.31759357156772766,-0.005006428432272336,-0.015518997000224228,29.580040716355846,-3.9282592836441523,0.11723242550783396,0.5577686548233032,0.0003686548233031717,0.0006613828907484242,0.9808327972888946,0.0027327972888946395,0.002793985572942071,0.10608275011181831,0.002982750111818311,0.02893065093907188,0.7610666209856939,-0.033833379014306164,-0.04256306329639723,83.736,10.631,0.14542096983790437,1.8029139456242167,0.21061394562421665,-0.13227026667350164
175,2026-07-27T00:02:40+00:00,2026-07-27T00:08:48+00:00,368.063,157fe2b5540bf6b21a31fbd4bf261a74590869cb345e1447ed1936b601b15285,"Natural high-quality faithful restoration of the input video, preserving the original scene and motion while improving clean credible detail, stable edges, realistic color, and perceptual quality without invented content.","invented content, hallucinated texture, temporal flicker, motion-inconsistent detail, warped structure, ghosting, ringing, oversharpening, color drift, noise amplification, compression artifacts",0.400000,Low-CFG fidelity prompt with artifact-focused negative prompt.,,prompt_negative_cfg,0,0,completed,,32b5725a37098e862f166b304c983138390febfe935ef30a4273965d721eac92,results_test/UDM10,2.214367420567316,2,2,0.1377107632544714,0,0,26.522710763254473,0.1377107632544714,0.005219282291243942,0.7841928314304438,0.010292831430443794,0.013299950162093026,0.2508536914183247,0.0016536914183246931,-0.0066360008761023,0.12542654545076432,0.008726545450764317,-0.07477759597912868,0.3948574178641842,-0.011942582135815782,-0.029357379881553056,0.5571330482921292,-0.006566951707870805,-0.011649728060796177,4.93616829305596,0.3763682930559602,-0.08254052657045488,32.40707470520762,0.8843747052076196,-0.028055169931751393,3.0958002136599636,0.20470021365996383,0.07080357430042677,65.4464915737029,-0.2197084262971032,-0.0033458373759575424,0.31768538257287393,-0.004914617427126067,-0.015234399960093202,29.574060846144153,-3.934239153855845,0.11741088488093533,0.5567156255245209,-0.0006843744754790881,-0.0012277977672750056,0.9807193160057068,0.002619316005706862,0.00267796340426016,0.10467260703444481,0.0015726070344448118,0.015253220508679067,0.7510717437823549,-0.04382825621764519,-0.055136817483513886,83.58699999999999,10.481999999999985,0.14338280555365548,1.804919024167854,0.21261902416785405,-0.1335295008276418
176,2026-07-27T00:08:49+00:00,2026-07-27T00:14:54+00:00,365.733,dd14af668bce3fbf55ea4918ccd8cc1a76a72fd2868b8b8a8153aac3ffbbfb20,"Natural high-quality faithful restoration of the input video, preserving the original scene and motion while improving clean credible detail, stable edges, realistic color, and perceptual quality without invented content.","invented content, hallucinated texture, temporal flicker, motion-inconsistent detail, warped structure, ghosting, ringing, oversharpening, color drift, noise amplification, compression artifacts",0.450000,Low-CFG fidelity prompt with artifact-focused negative prompt.,,prompt_negative_cfg,0,0,completed,,0ab2d2f8b3302e1b85bc21eafbccf86a725ec9e6053b415c740d9338f2c52757,results_test/UDM10,2.214460953090819,2,2,0.137200282927477,0,0,26.52220028292748,0.137200282927477,0.005199934922398218,0.7841943646814853,0.010294364681485257,0.013301931362560094,0.2508502043543323,0.001650204354332302,-0.0066220078424249675,0.12545228177501308,0.008752281775013082,-0.07499813003438802,0.39488318663450983,-0.011916813365490164,-0.029294034821755566,0.5568581185994609,-0.006841881400539096,-0.012137451482240724,4.933221603597989,0.3734216035979889,-0.0818942943984361,32.40085400918206,0.8781540091820617,-0.027857829728483337,3.0960485069982466,0.20494850699824685,0.0708894562617159,65.44548736080046,-0.2207126391995473,-0.0033611300669072874,0.3178038230346095,-0.004796176965390475,-0.014867256557317033,29.559182050151207,-3.949117949848791,0.11785491803072048,0.5542204082012177,-0.003179591798782355,-0.005704326872591236,0.9810385465621948,0.0029385465621948326,0.0030043416442028757,0.10216416418552399,-0.0009358358144760104,-0.009076972012376434,0.7494881165772116,-0.04541188342278846,-0.05712905198488924,83.702,10.596999999999994,0.1449558853703576,1.8001281319690559,0.2078281319690558,-0.13052071341396457
177,2026-07-27T00:14:55+00:00,2026-07-27T00:21:06+00:00,371.128,696d091a6cb8576878742c95655c705963d2050145717c80817bdd6a3b6d5e63,"Natural high-quality faithful restoration of the input video, preserving the original scene and motion while improving clean credible detail, stable edges, realistic color, and perceptual quality without invented content.","invented content, hallucinated texture, temporal flicker, motion-inconsistent detail, warped structure, ghosting, ringing, oversharpening, color drift, noise amplification, compression artifacts",0.500000,Low-CFG fidelity prompt with artifact-focused negative prompt.,,prompt_negative_cfg,0,0,completed,,2070d810f1c4bb202b91e24d83cdf24cec466f4e36b5fff8d20b1a25383f33e2,results_test/UDM10,2.2147020546732152,2,2,0.13572618546024273,0,0,26.520726185460244,0.13572618546024273,0.005144066153505504,0.7841855112445193,0.010285511244519263,0.013290491335468746,0.25086161518289196,0.0016616151828919568,-0.00666779768415713,0.12544792698275659,0.008747926982756588,-0.07496081390536921,0.39484567392256953,-0.011954326077430466,-0.029386248961235168,0.5571423376760175,-0.006557662323982472,-0.011633248756399631,4.9343734243886335,0.3745734243886334,-0.08214689775618084,32.380755680183185,0.8580556801831847,-0.02722024700241999,3.0959645913493246,0.20486459134932478,0.07086043075276705,65.44728463695894,-0.21891536304106296,-0.003333760184707855,0.31792415644853345,-0.004675843551466552,-0.014494245354825021,29.550242565524194,-3.958057434475805,0.11812170221932491,0.557318925857544,-8.107414245606126e-05,-0.00014545056055985156,0.9808197319507599,0.0027197319507599182,0.0027806276973314776,0.10647487379610539,0.0033748737961053904,0.032733984443311256,0.7491022962366343,-0.04579770376336578,-0.057614421642176096,83.76,10.655000000000001,0.14574926475617264,1.8014543842339967,0.20915438423399668,-0.13135362948815968
178,2026-07-27T00:21:06+00:00,2026-07-27T00:27:10+00:00,363.865,c53fd19833d734b8426919cb99068a6e98b84cdf76292279a1af545464412322,"Natural high-quality faithful restoration of the input video, preserving the original scene and motion while improving clean credible detail, stable edges, realistic color, and perceptual quality without invented content.","invented content, hallucinated texture, temporal flicker, motion-inconsistent detail, warped structure, ghosting, ringing, oversharpening, color drift, noise amplification, compression artifacts",0.550000,Low-CFG fidelity prompt with artifact-focused negative prompt.,,prompt_negative_cfg,0,0,completed,,e10691f3e1fa20309f7ad856d1f79dec82033b7a6d3d3a2851227007b57dcab2,results_test/UDM10,2.214955500091756,2,2,0.1343564691851178,0,0,26.51935646918512,0.1343564691851178,0.0050921534654204195,0.7841739672461718,0.0102739672461718,0.013275574681705388,0.250901114700302,0.0017011147003020144,-0.006826302970714343,0.12547571793679269,0.008775717936792687,-0.07519895404278223,0.3950939882666834,-0.01170601173331659,-0.028775840052400664,0.5570647951095336,-0.0066352048904664285,-0.011770808746614207,4.93146607740889,0.37166607740889024,-0.08150929369904168,32.3966831752853,0.8739831752852965,-0.027725517651892014,3.098255402811112,0.20715540281111222,0.0716527974857709,65.45333201500677,-0.21286798499323822,-0.0032416674787522077,0.31803969048684644,-0.00456030951315356,-0.01413611132409659,29.531345687373992,-3.976954312626006,0.11868564841027465,0.5542551338672638,-0.003144866132736235,-0.005642027507599991,0.9810260355472564,0.002926035547256456,0.0029915505032782497,0.1017595287412405,-0.0013404712587594958,-0.013001661093690551,0.756151977404408,-0.03874802259559207,-0.04874578260862004,83.68299999999999,10.577999999999989,0.14469598522672852,1.802551432701875,0.21025143270187496,-0.13204260045335361
179,2026-07-27T00:27:11+00:00,2026-07-27T00:33:20+00:00,369.069,017549c8155f35883f68d694b12ea53c84a197083805aa96634fca97e5db17e1,"Natural high-quality faithful restoration of the input video, preserving the original scene and motion while improving clean credible detail, stable edges, realistic color, and perceptual quality without invented content.","invented content, hallucinated texture, temporal flicker, motion-inconsistent detail, warped structure, ghosting, ringing, oversharpening, color drift, noise amplification, compression artifacts",0.600000,Low-CFG fidelity prompt with artifact-focused negative prompt.,,prompt_negative_cfg,0,0,completed,,a1e9a9555ba3aaf6d2f2cfe2d0eac48cd953963cd36ef92c631c38efd69853a2,results_test/UDM10,2.215123868035675,2,2,0.13383327114966548,0,0,26.518833271149667,0.13383327114966548,0.005072324091327097,0.7841767387094035,0.010276738709403488,0.01327915584623787,0.2509068703939838,0.0017068703939837893,-0.006849399654830615,0.12547953071132784,0.008779530711327838,-0.07523162563262929,0.3951950599108973,-0.011604940089102678,-0.02852738468314326,0.5570556128217328,-0.006644387178267208,-0.011787098063273388,4.935437929540186,0.3756379295401855,-0.08238035210758926,32.383728884276934,0.8610288842769336,-0.027314566464069816,3.0977614775780706,0.20666147757807085,0.07148195412751923,65.44806357352965,-0.2181364264703518,-0.0033218981221747536,0.3180998241228442,-0.004500175877155788,-0.01394970823668874,29.51123637537802,-3.9970636246219797,0.11928577769155642,0.5628669798374176,0.005466979837417618,0.009808001143555109,0.981263381242752,0.0031633812427520613,0.003234210451643044,0.10758579298853874,0.004485792988538739,0.04350914634858137,0.7512264044610986,-0.04367359553890149,-0.054942251275508225,83.76500000000001,10.66000000000001,0.145817659530812,1.803348525063484,0.21104852506348393,-0.132543192277513
180,2026-07-27T00:33:20+00:00,2026-07-27T00:39:27+00:00,367.036,c75bcb1a7001bdee2abfee86787ed847ebb9b3dc6abaf3992d98763e4d66217d,"Natural high-quality faithful restoration of the input video, preserving the original scene and motion while improving clean credible detail, stable edges, realistic color, and perceptual quality without invented content.","invented content, hallucinated texture, temporal flicker, motion-inconsistent detail, warped structure, ghosting, ringing, oversharpening, color drift, noise amplification, compression artifacts",0.650000,Low-CFG fidelity prompt with artifact-focused negative prompt.,,prompt_negative_cfg,0,0,completed,,41fdfac583abefa42e694683b02acb3fed756daaa17d860bcc7e39603907af8a,results_test/UDM10,2.215247242494195,2,2,0.13282381611485405,0,0,26.517823816114856,0.13282381611485405,0.005034065420309041,0.7841732597197779,0.010273259719777883,0.013274660446799176,0.25093145663699795,0.0017314566369979467,-0.0069480603410832535,0.1255072457175101,0.008807245717510098,-0.0754691149743796,0.3951058882378763,-0.011694111762123705,-0.028746587419183147,0.5570966529269372,-0.00660334707306276,-0.011714293193299202,4.93232642952492,0.3725264295249202,-0.08169797568422303,32.404075056358224,0.8813750563582232,-0.027960011558598192,3.099175573548963,0.208075573548963,0.07197107452144963,65.454181708059,-0.21201829194100696,-0.0032287278986907566,0.3182546383911563,-0.00434536160884369,-0.013469812798647519,29.491356634324596,-4.016943365675402,0.11987905580633462,0.5531370162963867,-0.004262983703613332,-0.007647979374979068,0.9810855150222778,0.0029855150222778404,0.003052361744481996,0.1027124710381031,-0.00038752896189689356,-0.003758767816652702,0.7580582341072851,-0.03684176589271493,-0.0463476737862812,83.65599999999999,10.550999999999988,0.14432665344367673,1.8044320260620832,0.21213202606208315,-0.1332236551291108
181,2026-07-27T00:39:27+00:00,2026-07-27T00:45:36+00:00,368.313,26d5eae8a856b796ae7afd8a76496a8629aa820939324e2efcdffc1f5c380d1b,"Natural high-quality faithful restoration of the input video, preserving the original scene and motion while improving clean credible detail, stable edges, realistic color, and perceptual quality without invented content.","invented content, hallucinated texture, temporal flicker, motion-inconsistent detail, warped structure, ghosting, ringing, oversharpening, color drift, noise amplification, compression artifacts",0.700000,Low-CFG fidelity prompt with artifact-focused negative prompt.,,prompt_negative_cfg,0,0,completed,,9820ca8e1b3981f356e9b7bbd363245ca2c1bd568de560310a07cc98105dcf5b,results_test/UDM10,2.215391039300379,2,2,0.13236781827864874,0,0,26.51736781827865,0.13236781827864874,0.005016782955415908,0.7841712059059672,0.010271205905967196,0.013272006597709258,0.2509270990327481,0.0017270990327481195,-0.006930573967689083,0.1255273924719903,0.008827392471990297,-0.07564175211645499,0.39527443128247414,-0.011525568717525858,-0.028332273150260222,0.5570657533022665,-0.006634246697733492,-0.011769108919165322,4.932758434804087,0.37295843480408664,-0.08179271783939791,32.39271207030865,0.8700120703086469,-0.027599541609971447,3.0988565344964303,0.2077565344964305,0.0718607223881673,65.45917814931562,-0.2070218506843844,-0.0031526394200423412,0.31825437935129286,-0.004345620648707138,-0.013470615774045685,29.480577825730848,-4.027722174269151,0.12020073158796928,0.5644187897443771,0.007018789744377085,0.012592016046604027,0.9813130915164947,0.003213091516494737,0.0032850337557455652,0.10905017480254173,0.00595017480254173,0.05771265569875587,0.7600242623603132,-0.03487573763968688,-0.04387437116579051,83.78,10.674999999999997,0.14602284385472944,1.8058406903340558,0.21354069033405576,-0.1341083277862562
182,2026-07-27T00:45:36+00:00,2026-07-27T00:51:40+00:00,363.605,6aa6c7ac03ace4ba7867040d6ca8d341469622d1c673c7e418ff188313be5558,"Natural high-quality faithful restoration of the input video, preserving the original scene and motion while improving clean credible detail, stable edges, realistic color, and perceptual quality without invented content.","invented content, hallucinated texture, temporal flicker, motion-inconsistent detail, warped structure, ghosting, ringing, oversharpening, color drift, noise amplification, compression artifacts",0.750000,Low-CFG fidelity prompt with artifact-focused negative prompt.,,prompt_negative_cfg,0,0,completed,,0b0d11f6f565bc99cb0576f0dcdbd6084197b9f866512b652eb55f7ced501d50,results_test/UDM10,2.2155951436333745,2,2,0.1309373006513006,0,0,26.515937300651302,0.1309373006513006,0.004962565876494243,0.784162959818549,0.010262959818548967,0.01326135136135026,0.2509380593655571,0.0017380593655570709,-0.006974556041561279,0.12554434384069135,0.008844343840691354,-0.07578700806076567,0.39516898307108106,-0.011631016928918936,-0.02859148704257359,0.5569421130803324,-0.006757886919667611,-0.011988445839396152,4.933738639008604,0.37393863900860413,-0.08200768433014696,32.37218383631581,0.8494838363158124,-0.026948320934304878,3.1001276389245067,0.20902763892450693,0.07230038356490849,65.45938251864526,-0.2068174813547472,-0.0031495271746308936,0.3183752445443984,-0.004224755455601581,-0.013095956154995602,29.465880166330642,-4.042419833669356,0.12063935901461299,0.5626346319913864,0.005234631991386407,0.009391158936825272,0.9813917756080628,0.003291775608062819,0.0033654796115558934,0.1073247592896223,0.004224759289622307,0.04097729669856748,0.7463947710591986,-0.04850522894080145,-0.0610205421320939,83.79400000000001,10.689000000000007,0.1462143492237194,1.8024717579586043,0.2101717579586042,-0.13199256293324385
183,2026-07-27T00:51:41+00:00,2026-07-27T00:57:49+00:00,367.995,ef4c052f0333e4c81abb75d39b75938006573ddd93c89f4b8873d84f60828795,"Natural high-quality faithful restoration of the input video, preserving the original scene and motion while improving clean credible detail, stable edges, realistic color, and perceptual quality without invented content.","invented content, hallucinated texture, temporal flicker, motion-inconsistent detail, warped structure, ghosting, ringing, oversharpening, color drift, noise amplification, compression artifacts",0.800000,Low-CFG fidelity prompt with artifact-focused negative prompt.,,prompt_negative_cfg,0,0,completed,,7a6c10c291cd42822f14d758135142e312741fc9a51baa6ae8c19f491259fcc4,results_test/UDM10,2.2157192235199545,2,2,0.12963876539660646,0,0,26.514638765396608,0.12963876539660646,0.004913350972014646,0.7841545665858712,0.010254566585871205,0.013250505990271617,0.25096396880765115,0.001763968807651145,-0.007078526515454033,0.12558214106867388,0.008882141068673882,-0.07611089176241545,0.39540560654094137,-0.011394393459058627,-0.02800981676268099,0.5571187692303812,-0.006581230769618807,-0.011675059020079486,4.93388475769022,0.37408475769021976,-0.0820397293061581,32.40056550167243,0.8778655016724315,-0.027848677355443267,3.0997858878104916,0.2086858878104918,0.0721821755769402,65.45964199189216,-0.20655800810784797,-0.003145575777307777,0.31846522018313406,-0.004134779816865941,-0.012817048409379854,29.442115832913306,-4.066184167086693,0.12134856638763211,0.5613739043474197,0.003973904347419732,0.007129358355614877,0.9814472913742065,0.003347291374206529,0.003422238395058306,0.106052066385746,0.0029520663857460078,0.02863303962896225,0.7594430777532046,-0.03545692224679542,-0.044605512953573304,83.781,10.676000000000002,0.14603652280965737,1.8026541369181355,0.21035413691813543,-0.13210710099738454
184,2026-07-27T00:58:22+00:00,2026-07-27T01:04:35+00:00,372.26,c0b539a07a4b35556c383665178727ceddb437a94a756f75a0581492c10a7534,"A clear, natural, high-quality restored video with faithful scene structure, realistic fine details, stable edges, consistent textures across frames, natural colors, smooth motion, and strong temporal consistency.","blur, flickering, temporal inconsistency, unstable details, hallucinated textures, oversharpening, ringing artifacts, ghosting, warped structures, color shifts, noise, compression artifacts, excessive smoothing, low quality",0.900000,Low-CFG refinement with original text after low CFG led prior batches.,,coarse_cfg,0,0,completed,,cbe4ec5ec463f0255fa3675bfef6d475dbd7e4af0906c4d1a6b50e20c15b2e7d,results_test/UDM10,2.2167228216085517,2,2,0.13919103191744853,0,0,26.52419103191745,0.13919103191744853,0.005275384950443378,0.784073995934688,0.01017399593468793,0.013146396090823012,0.2504791386906178,0.0012791386906177704,-0.005132980299429255,0.12465591795982853,0.007955917959828529,-0.06817410419733101,0.39513509855155016,-0.011664901448449838,-0.028674782321656437,0.5574226998513745,-0.0062773001486254865,-0.011135888147286653,4.925412935333311,0.36561293533331085,-0.08018179203765755,32.24222727964843,0.7195272796484318,-0.022825686874805514,3.0985593515057714,0.20745935150577166,0.07175793002862982,65.61257227005498,-0.05362772994502052,-0.0008166717420076161,0.3183345707433839,-0.0042654292566161045,-0.013222037373267529,29.42106185420867,-4.0872381457913285,0.12197688769025372,0.5606579422950745,0.0032579422950744785,0.005844891092706276,0.9812847137451172,0.003184713745117196,0.0032560205961733933,0.10534689389169216,0.0022468938916921644,0.02179334521524893,0.7665774108038957,-0.02832258919610431,-0.035630380168705886,83.691,10.585999999999999,0.1448054168661514,1.8137188100323935,0.2214188100323935,-0.13905596309262921
185,2026-07-27T01:04:35+00:00,2026-07-27T01:10:46+00:00,370.852,f1503cbf455816286c8f5f928e3c4f02654d0f3b5dfe0eabca9e3c773925c565,"A clear, natural, high-quality restored video with faithful scene structure, realistic fine details, stable edges, consistent textures across frames, natural colors, smooth motion, and strong temporal consistency.","blur, flickering, temporal inconsistency, unstable details, hallucinated textures, oversharpening, ringing artifacts, ghosting, warped structures, color shifts, noise, compression artifacts, excessive smoothing, low quality",1.100000,Low-CFG refinement with original text after low CFG led prior batches.,,coarse_cfg,0,0,completed,,85e0a41312ac7c60bb2ea177d34b4626c583550267add541918a90ca016f85e8,results_test/UDM10,2.216203075028689,2,2,0.13800309827250246,0,0,26.523003098272504,0.13800309827250246,0.005230361882603845,0.7840621079158088,0.010162107915808738,0.013131034908655819,0.2504600146845464,0.0012600146845463678,-0.005056238702031974,0.12469622992700147,0.00799622992700147,-0.0685195366495413,0.3951091347682861,-0.01169086523171392,-0.02873860676429184,0.5574050470705955,-0.006294952929404518,-0.011167204061388183,4.927353951494242,0.36755395149424164,-0.08060747214663837,32.28751524407325,0.7648152440732474,-0.024262364710930455,3.0971331646365505,0.20603316463655075,0.07126462752466216,65.59971645724389,-0.06648354275611723,-0.0010124469324571427,0.3183450996154739,-0.0042549003845260835,-0.013189399828041177,29.469647807459676,-4.038652192540322,0.12052691997326997,0.5628909587860107,0.005490958786010691,0.0098510204270016,0.9809258818626404,0.0028258818626404336,0.002889154342746584,0.10945455357432365,0.006354553574323657,0.0616348552310733,0.7467957595040995,-0.04810424049590056,-0.06051609069807593,83.71599999999998,10.610999999999976,0.14514739073934718,1.8101818637417941,0.21788186374179408,-0.1368346817445168
186,2026-07-27T01:10:47+00:00,2026-07-27T01:16:58+00:00,371.668,db0555bbcece4f5b052fe433dcce53218bd646ab7f3692e0aa2a2987828ef90f,"A clear, natural, high-quality restored video with faithful scene structure, realistic fine details, stable edges, consistent textures across frames, natural colors, smooth motion, and strong temporal consistency.","blur, flickering, temporal inconsistency, unstable details, hallucinated textures, oversharpening, ringing artifacts, ghosting, warped structures, color shifts, noise, compression artifacts, excessive smoothing, low quality",1.750000,Low-CFG refinement with original text after low CFG led prior batches.,,coarse_cfg,0,0,completed,,a9a879815ab2d91ef77ae5f5842fe339aa982e8e9de1d011b389c932e60e0daa,results_test/UDM10,2.2151392059393706,2,2,0.12244116383214632,0,0,26.507441163832148,0.12244116383214632,0.004640559553994554,0.7837812573109308,0.009881257310930813,0.01276813194331414,0.2504227590897391,0.001222759089739095,-0.004906737920301344,0.1247017337429908,0.008001733742990805,-0.06856669874028111,0.3944034843675552,-0.012396515632444816,-0.030473243934230128,0.5569814078269466,-0.006718592173053373,-0.011918737223795233,4.931950366743892,0.3721503667438917,-0.08161550215884286,32.39809227042473,0.875392270424733,-0.027770218617844695,3.106048578985276,0.2149485789852763,0.07434837224076522,65.61716840190272,-0.04903159809728663,-0.0007466793890507846,0.31838227159553956,-0.004217728404460441,-0.013074173603411163,29.63443485383064,-3.873865146169358,0.11560912210316125,0.5624573171138764,0.005057317113876358,0.009073048284672333,0.9811416506767273,0.0030416506767273477,0.003109754295805488,0.10857069194316864,0.00547069194316864,0.053061997508910184,0.751722899770139,-0.0431771002298611,-0.05431765030804012,83.75000000000001,10.64500000000001,0.14561247520689433,1.8172868978096328,0.22498689780963277,-0.14129680199060024
187,2026-07-27T01:16:59+00:00,2026-07-27T01:23:16+00:00,376.872,6a4a300017b838ac7df767f166c393719e3384437cecdc62df6ec7ba09b8d179,"Natural high-quality faithful restoration of the input video, preserving the original scene and motion while improving clean credible detail, stable edges, realistic color, and perceptual quality without invented content.","low perceptual quality, dull texture, temporal flicker, unstable edges, warped geometry, ghosting, ringing, oversharpening, fake texture, color drift, noise amplification",0.900000,Low-CFG fidelity prompt with artifact-focused negative prompt.,,prompt_negative_cfg,0,0,completed,,173de2e1ea96e8ca3400e710e1322fab5823733be97097e6fe0e741b1d3d0a72,results_test/UDM10,2.215877456834208,2,2,0.12762783542755685,0,0,26.51262783542756,0.12762783542755685,0.00483713607836107,0.7841188226038887,0.010218822603888622,0.013204319167707226,0.2510251664586606,0.001825166458660571,-0.007324102964127491,0.1256200082840458,0.008920008284045794,-0.07643537518462548,0.39527509582619513,-0.011524904173804862,-0.028330639561958856,0.557303169081288,-0.006396830918712015,-0.01134793492764239,4.932885832454781,0.3730858324547812,-0.08182065714609878,32.417064906475716,0.8943649064757153,-0.028372090794117105,3.0988234281539917,0.20772342815399192,0.07184927126491368,65.45475953625095,-0.21144046374905656,-0.0032199284220657894,0.3185385893910162,-0.004061410608983795,-0.012589617510799117,29.381647712953633,-4.126652287046365,0.12315313779112536,0.5562316656112671,-0.0011683343887328723,-0.002096043036836872,0.981547337770462,0.0034473377704620223,0.003524524865005646,0.10267735719680786,-0.00042264280319213865,-0.004099348236587184,0.7449985497295323,-0.04990145027046777,-0.06277701631710626,83.791,10.685999999999993,0.14617331235893566,1.8026734305991945,0.21037343059919444,-0.13211921786044994
188,2026-07-27T01:23:17+00:00,2026-07-27T01:29:13+00:00,356.405,b430f0bcfd2cdd635369dd36088b2ff115c2ec42df9b32c6c2bfcb9937438a9a,"Natural high-quality faithful restoration of the input video, preserving the original scene and motion while improving clean credible detail, stable edges, realistic color, and perceptual quality without invented content.","low perceptual quality, dull texture, temporal flicker, unstable edges, warped geometry, ghosting, ringing, oversharpening, fake texture, color drift, noise amplification",1.000000,Low-CFG fidelity prompt with artifact-focused negative prompt.,,prompt_negative_cfg,0,0,completed,,01147d9f2e068e357c9c3873588d99fc9af67fbcdea505c1fe2d473d67df292b,results_test/UDM10,2.2161441733291167,2,2,0.1251620827951676,0,0,26.51016208279517,0.1251620827951676,0.004743683259244556,0.7841179134715006,0.010217913471500584,0.013203144426283219,0.25100975776872325,0.001809757768723247,-0.007262270339980927,0.12560562991326854,0.008905629913268542,-0.07631216720881356,0.3955449626330406,-0.011255037366959375,-0.027667250164600234,0.5573824329722312,-0.006317567027768756,-0.01120732131944076,4.935666599821418,0.3758665998214177,-0.08243050129861347,32.41234882398189,0.8896488239818865,-0.02822248170308655,3.0995171704599933,0.20841717045999353,0.07208922917228514,65.4701162522839,-0.19608374771610215,-0.002986068140323365,0.31875448440832477,-0.0038455155916752304,-0.011920383111206542,29.389342867943547,-4.118957132056451,0.12292348857018862,0.5620806097984314,0.004680609798431434,0.008397218870526434,0.9818487107753754,0.003748710775375419,0.003832645716568264,0.10549129284918309,0.002391292849183088,0.023193917062881556,0.7548691635098672,-0.04003083649013284,-0.05035958798607729,83.931,10.825999999999993,0.14808836604883377,1.8035299903082584,0.2112299903082584,-0.13265715650835797
189,2026-07-27T01:29:14+00:00,2026-07-27T01:35:32+00:00,377.873,b87af31af66545ba10063c7a6bcc55fee5bbac296130d9f4500a9707bb2e3d90,"Natural high-quality faithful restoration of the input video, preserving the original scene and motion while improving clean credible detail, stable edges, realistic color, and perceptual quality without invented content.","low perceptual quality, dull texture, temporal flicker, unstable edges, warped geometry, ghosting, ringing, oversharpening, fake texture, color drift, noise amplification",1.100000,Low-CFG fidelity prompt with artifact-focused negative prompt.,,prompt_negative_cfg,0,0,completed,,142a141f6e8f3c00c8eb8ea902fc10673644cf06b9943b3c03c13f6baa7a3e8f,results_test/UDM10,2.216124543717764,2,2,0.12258598696801215,0,0,26.507585986968014,0.12258598696801215,0.004646048397499039,0.784116334071588,0.010216334071587951,0.013201103594247256,0.2509801082313061,0.0017801082313061156,-0.007143291457889709,0.12561048499999505,0.008910484999995055,-0.07635377035128582,0.39532698662050314,-0.011473013379496855,-0.028203081070542906,0.557194001347788,-0.0065059986522120195,-0.011541597750952669,4.936118227181727,0.37631822718172714,-0.08252954673049852,32.411605681237006,0.8889056812370058,-0.028198906858771796,3.1010039552565543,0.20990395525655448,0.07260349183928418,65.47983066189673,-0.18636933810327605,-0.0028381319172310266,0.31886511956972463,-0.003734880430275367,-0.011577434687772371,29.399262065272183,-4.109037934727816,0.12262746647033171,0.5575997561216355,0.00019975612163547485,0.00035837122647196777,0.9814863204956055,0.0033863204956054993,0.0034621413920923215,0.1034279402345419,0.0003279402345418986,0.003180797619223071,0.7491212159135543,-0.045778784086445756,-0.0575906203125497,83.941,10.835999999999999,0.14822515559811228,1.8032194665041366,0.2109194665041365,-0.13246214061680367
190,2026-07-27T01:35:34+00:00,2026-07-27T01:41:48+00:00,374.012,3cdcec4d317cf633190daa9ff5e1cd963d58a146e9374430c7f26b781821ac84,"Natural high-quality faithful restoration of the input video, preserving the original scene and motion while improving clean credible detail, stable edges, realistic color, and perceptual quality without invented content.","low perceptual quality, dull texture, temporal flicker, unstable edges, warped geometry, ghosting, ringing, oversharpening, fake texture, color drift, noise amplification",1.250000,Low-CFG fidelity prompt with artifact-focused negative prompt.,,prompt_negative_cfg,0,0,completed,,d46701fa7b2b83834a069b8a6e32d7fd3845043419e9750320b3e3681d08f1ad,results_test/UDM10,2.216887611473879,2,2,0.11405759749873923,0,0,26.49905759749874,0.11405759749873923,0.004322819689169574,0.7840270390710357,0.010127039071035626,0.013085720469098883,0.25099606804790037,0.0017960680479003621,-0.0072073356657317905,0.1255725254935603,0.008872525493560296,-0.07602849608877717,0.39591380016457645,-0.010886199835423549,-0.026760569900254546,0.5573091017623101,-0.0063908982376899015,-0.011337410391502397,4.936819825847448,0.377019825847448,-0.08268341283552962,32.42397046856659,0.9012704685665867,-0.02859115712063328,3.1056786018033185,0.21457860180331867,0.0742204011633353,65.5226462333433,-0.1435537666567086,-0.0021861135052235183,0.3193935552912374,-0.003206444708762579,-0.009939382234229941,29.393229035408268,-4.11507096459173,0.1228075123056595,0.560496774315834,0.0030967743158339944,0.005555748682874048,0.9820270240306854,0.003927024030685455,0.004014951467830954,0.1037968136370182,0.0006968136370182065,0.0067586191757343025,0.7523824614862888,-0.042517538513711206,-0.05348790855920393,83.83700000000002,10.732000000000014,0.14680254428561676,1.807140988773123,0.21484098877312285,-0.13492494427753743
191,2026-07-27T01:41:48+00:00,2026-07-27T01:48:18+00:00,389.876,924647b6479674eb1931244214e93ca4614fd0a5c6f58007e2e42e71ab38a5c6,"Natural high-quality faithful restoration of the input video, preserving the original scene and motion while improving clean credible detail, stable edges, realistic color, and perceptual quality without invented content.","low perceptual quality, dull texture, temporal flicker, unstable edges, warped geometry, ghosting, ringing, oversharpening, fake texture, color drift, noise amplification",1.500000,Low-CFG fidelity prompt with artifact-focused negative prompt.,,prompt_negative_cfg,0,0,completed,,654c58470b3b9f559ced31f1fc0cadb76e83f0d8ce8ce217857fb595b6acc534,results_test/UDM10,2.2176915936680435,2,2,0.10106393260340596,0,0,26.486063932603408,0.10106393260340596,0.003830355603691717,0.7839033540604651,0.010003354060465042,0.012925900065208737,0.2510033397184265,0.0018033397184264721,-0.007236515724022761,0.1255470512374755,0.008847051237475506,-0.07581020769044992,0.39627409034198324,-0.010525909658016752,-0.025874900830916304,0.5579414583021595,-0.0057585416978405135,-0.010215614152635291,4.932934089689827,0.37313408968982653,-0.08183124033725746,32.45177132324331,0.9290713232433063,-0.029473088385300317,3.1126213881277267,0.22152138812772693,0.07662183533178615,65.57257588909519,-0.0936241109048126,-0.001425758014089632,0.3200039353582166,-0.0025960646417834132,-0.008047317550475552,29.411709299395163,-4.096590700604835,0.12225599927793519,0.5565178513526916,-0.0008821486473084006,-0.001582613289035523,0.9819736540317535,0.0038736540317535484,0.003960386496016306,0.10148736387491226,-0.0016126361250877325,-0.0156414755100653,0.7615767341110269,-0.033323265888973164,-0.04192133084535559,83.99100000000001,10.88600000000001,0.1489091033445046,1.8133432958954168,0.2210432958954167,-0.13882013181901445
192,2026-07-27T01:48:19+00:00,2026-07-27T01:54:32+00:00,372.467,dde09de48980120be010bf51cddc7891d67138559e1a9af5383f7e2db38a3e45,"Natural high-quality faithful restoration of the input video, preserving the original scene and motion while improving clean credible detail, stable edges, realistic color, and perceptual quality without invented content.","low perceptual quality, dull texture, temporal flicker, unstable edges, warped geometry, ghosting, ringing, oversharpening, fake texture, color drift, noise amplification",1.750000,Low-CFG fidelity prompt with artifact-focused negative prompt.,,prompt_negative_cfg,0,0,completed,,3f537610c5261117809facbed86194a0c2868bb51b321d4c3a23796005f9cd66,results_test/UDM10,2.218411324306823,2,2,0.08671380442957499,0,0,26.471713804429577,0.08671380442957499,0.003286481122970437,0.7837461986165901,0.009846198616590085,0.012722830619705498,0.25099184440989647,0.0017918444098964648,-0.0071903868775941605,0.12544341721842364,0.008743417218423644,-0.0749221698236816,0.3966142281409233,-0.010185771859076709,-0.02503877054836949,0.5579376270694117,-0.005762372930588233,-0.010222410733702739,4.933587394058714,0.37378739405871375,-0.08197451512318824,32.452978831644785,0.9302788316447845,-0.029511394380709283,3.118508505821228,0.22740850582122807,0.07865812521919964,65.62995507024951,-0.0362449297504952,-0.000551957167469645,0.32058275652027896,-0.0020172434797210426,-0.0062530796023590905,29.427030698714713,-4.081269301285285,0.12179875736116978,0.5605440139770508,0.0031440139770507747,0.005640498702997443,0.982059794664383,0.0039597946643830095,0.004048455847441989,0.10451032929122447,0.001410329291224477,0.013679236578316944,0.75940446874555,-0.03549553125445004,-0.04465408385262302,84.024,10.918999999999997,0.14936050885712326,1.8113382298421736,0.21903822984217358,-0.13756090550912112
193,2026-07-27T01:54:33+00:00,2026-07-27T02:00:52+00:00,378.904,95726bfbc88981359ecd59de56eedaf5fca975d5a482f3cd775ce57a84a756a0,"Natural high-quality faithful restoration of the input video, preserving the original scene and motion while improving clean credible detail, stable edges, realistic color, and perceptual quality without invented content.","low perceptual quality, dull texture, temporal flicker, unstable edges, warped geometry, ghosting, ringing, oversharpening, fake texture, color drift, noise amplification",2.000000,Low-CFG fidelity prompt with artifact-focused negative prompt.,,prompt_negative_cfg,0,0,completed,,1b7bf0d3cb92edfc98e7623fbde13c37f0818237d7c8d7e30bde940f8c3b2f9e,results_test/UDM10,3.2194045090580183,3,2,0.07204564740581176,0,1,26.457045647405813,0.07204564740581176,0.00273055324638286,0.7835827793449202,0.009682779344920123,0.012511667327716917,0.2509668529995026,0.001766852999502605,-0.00709010031903132,0.12533841190799588,0.008638411907995885,-0.07402238138813955,0.3972031338560965,-0.009596866143903482,-0.023591116381276995,0.5580058389133024,-0.0056941610866976244,-0.010101403382468732,4.934432488819339,0.37463248881933886,-0.08215985105033967,32.401876075349755,0.8791760753497542,-0.027890252908213894,3.1250301976357737,0.23393019763577394,0.08091390738327071,65.67839174578266,0.012191745782658359,0.00018566242271759838,0.3210885615839112,-0.0015114384160888061,-0.004685177979196547,29.453797568044354,-4.054502431955644,0.12099994425129428,0.5575345605611801,0.00013456056118010817,0.00024140753710101933,0.9822688162326813,0.004168816232681283,0.004262157481526718,0.10104197934269905,-0.0020580206573009435,-0.01996140307760372,0.7583729409921378,-0.03652705900786224,-0.04595176626979776,84.02000000000001,10.915000000000006,0.149305793037412,1.818975709344765,0.2266757093447649,-0.1423574133924291
194,2026-07-27T02:00:53+00:00,2026-07-27T02:07:07+00:00,374.28,29784599b3eb3d043b4c6edf7a9834775d857eae8bd11a7a60c3e3e55c84f5ad,"Natural high-quality faithful restoration of the input video, preserving the original scene and motion while improving clean credible detail, stable edges, realistic color, and perceptual quality without invented content.","warped geometry, temporal misalignment, perceptual distortion, texture redraw, unstable edges, hallucinated detail, flicker, ghosting, ringing, oversharpening, noise amplification, color drift",0.900000,Low-CFG fidelity prompt with artifact-focused negative prompt.,,prompt_negative_cfg,0,0,completed,,df1ab66f44ddea8945db990a5b54d3e945f51997021f5e0fcb080ca853591280,results_test/UDM10,2.2159561765800473,2,2,0.1267216048702089,0,0,26.51172160487021,0.1267216048702089,0.004802789648292927,0.7841257548026237,0.010225754802623666,0.013213276654120254,0.2509494456793031,0.0017494456793031021,-0.007020247509241983,0.12557247434892962,0.008872474348929626,-0.07602805783144496,0.39533286969507897,-0.011467130304921025,-0.02818861923530242,0.5573837843633467,-0.0063162156366532995,-0.011204923960711903,4.941424019906666,0.38162401990666606,-0.0836931488018479,32.41004641418095,0.8873464141809464,-0.028149441963440516,3.100345964970127,0.20924596497012704,0.07237590016607072,65.47414934712071,-0.19205065287928846,-0.0029246500159791256,0.3186682145682074,-0.003931785431792623,-0.012187803570342909,29.421199675529238,-4.087100324470761,0.12197277464003728,0.560753408074379,0.003353408074379005,0.006016160879761401,0.9815845966339112,0.0034845966339112078,0.0035626179673972067,0.10438650026917458,0.0012865002691745814,0.012478179138453747,0.7629252969932134,-0.03197470300678662,-0.04022481193456613,83.86600000000001,10.76100000000001,0.14719923397852416,1.799455034633866,0.20715503463386598,-0.1300979932386271
195,2026-07-27T02:07:07+00:00,2026-07-27T02:13:13+00:00,365.848,385e09e32f7afe681184f665b94be3d54e55630b8afcf2213833ae49ab93e814,"Natural high-quality faithful restoration of the input video, preserving the original scene and motion while improving clean credible detail, stable edges, realistic color, and perceptual quality without invented content.","warped geometry, temporal misalignment, perceptual distortion, texture redraw, unstable edges, hallucinated detail, flicker, ghosting, ringing, oversharpening, noise amplification, color drift",1.000000,Low-CFG fidelity prompt with artifact-focused negative prompt.,,prompt_negative_cfg,0,0,completed,,77cdf28f5c2f0f0d80609e80d71d13e26706c85ebb56b014e54e60ca46a491f4,results_test/UDM10,2.2161441733291167,2,2,0.1251620827951676,0,0,26.51016208279517,0.1251620827951676,0.004743683259244556,0.7841179134715006,0.010217913471500584,0.013203144426283219,0.25100975776872325,0.001809757768723247,-0.007262270339980927,0.12560562991326854,0.008905629913268542,-0.07631216720881356,0.3955449626330406,-0.011255037366959375,-0.027667250164600234,0.5573824329722312,-0.006317567027768756,-0.01120732131944076,4.935666599821418,0.3758665998214177,-0.08243050129861347,32.41234882398189,0.8896488239818865,-0.02822248170308655,3.0995171704599933,0.20841717045999353,0.07208922917228514,65.4701162522839,-0.19608374771610215,-0.002986068140323365,0.31875448440832477,-0.0038455155916752304,-0.011920383111206542,29.389342867943547,-4.118957132056451,0.12292348857018862,0.5589047044515609,0.0015047044515609231,0.0026995056540382546,0.9818487107753754,0.003748710775375419,0.003832645716568264,0.10439522583037615,0.0012952258303761538,0.012562811157867641,0.7503669131762797,-0.04453308682372037,-0.05602350839567287,83.931,10.825999999999993,0.14808836604883377,1.8035299903082584,0.2112299903082584,-0.13265715650835797
196,2026-07-27T02:13:14+00:00,2026-07-27T02:19:24+00:00,369.221,aac78f3f4afceec7a023a18c6335f6b5c941ea39afff20f83262b2d6f5bfb720,"Natural high-quality faithful restoration of the input video, preserving the original scene and motion while improving clean credible detail, stable edges, realistic color, and perceptual quality without invented content.","warped geometry, temporal misalignment, perceptual distortion, texture redraw, unstable edges, hallucinated detail, flicker, ghosting, ringing, oversharpening, noise amplification, color drift",1.100000,Low-CFG fidelity prompt with artifact-focused negative prompt.,,prompt_negative_cfg,0,0,completed,,b384833fc623bf76383b01ade148f7d03cd60a147466e57bda7c4606ef34f0b3,results_test/UDM10,2.2162000700539903,2,2,0.12360641848655973,0,0,26.50860641848656,0.12360641848655973,0.0046847230807868,0.7841115058455098,0.010211505845509783,0.013194864770008764,0.2510467557416808,0.0018467557416807778,-0.007410737326166845,0.125640227717738,0.008940227717738003,-0.07660863511343619,0.39577732023692896,-0.01102267976307103,-0.027096066280902237,0.5573209163642698,-0.006379083635730143,-0.011316451367270079,4.932871271177074,0.37307127117707406,-0.08181746374338218,32.44077423931975,0.9180742393197505,-0.029124226012357778,3.1003659409861415,0.2092659409861417,0.07238280965243046,65.46160801303003,-0.20459198696997305,-0.0031156361563479088,0.3187722248175452,-0.0038277751824548067,-0.011865391142141373,29.368837024319554,-4.139462975680445,0.1235354516845213,0.5634151607751846,0.006015160775184603,0.01079146174234769,0.981972622871399,0.0038726228713990007,0.003959332247621921,0.10643063224852085,0.0033306322485208567,0.032304871469649436,0.7524779813513085,-0.04242201864869155,-0.05336774267038816,83.93800000000002,10.833000000000013,0.14818411873332893,1.804256493342109,0.21195649334210898,-0.1331134166564774
197,2026-07-27T02:19:24+00:00,2026-07-27T02:25:41+00:00,377.112,bf8fe7c3d3490baa91cc406906ba296fcea039e35defbc36e486b4a2119f9ca8,"Natural high-quality faithful restoration of the input video, preserving the original scene and motion while improving clean credible detail, stable edges, realistic color, and perceptual quality without invented content.","warped geometry, temporal misalignment, perceptual distortion, texture redraw, unstable edges, hallucinated detail, flicker, ghosting, ringing, oversharpening, noise amplification, color drift",1.250000,Low-CFG fidelity prompt with artifact-focused negative prompt.,,prompt_negative_cfg,0,0,completed,,4abfab58dbd97c2ba2b157f12ae1efa60c4eb6fc4a5be78621402f5ba0ed5fe1,results_test/UDM10,2.2165409184303297,2,2,0.11900128518380981,0,0,26.50400128518381,0.11900128518380981,0.004510187045056274,0.7840671001482696,0.010167100148269603,0.013137485654825691,0.25113495645984524,0.001934956459845233,-0.007764672792316344,0.12572157479101612,0.009021574791016118,-0.07730569658111498,0.3957207592744981,-0.011079240725501871,-0.02723510502827402,0.5573457869791215,-0.006354213020878463,-0.01127233106418035,4.939130257531661,0.3793302575316613,-0.08319010867399036,32.41508463373901,0.8923846337390131,-0.028309270263619967,3.0994584495021456,0.20835844950214577,0.07206891823255708,65.46262264866982,-0.20357735133018195,-0.0031001847423816507,0.3189597063247235,-0.003640293675276518,-0.011284233339356844,29.322488895539315,-4.185811104460683,0.12491863521756351,0.5609237402677536,0.0035237402677535945,0.006321744290910647,0.9814862072467804,0.003386207246780404,0.0034620256075865493,0.10721374526619912,0.00411374526619912,0.039900536044608345,0.7567801231931452,-0.0381198768068548,-0.04795556272091433,83.884,10.778999999999996,0.14744545516722515,1.8062187967492112,0.2139187967492111,-0.1343457870685242
198,2026-07-27T02:25:42+00:00,2026-07-27T02:31:57+00:00,374.985,9c2830e461e22c265271bd675340e13bede365fd9a715f37a6c413892a017bd6,"Natural high-quality faithful restoration of the input video, preserving the original scene and motion while improving clean credible detail, stable edges, realistic color, and perceptual quality without invented content.","warped geometry, temporal misalignment, perceptual distortion, texture redraw, unstable edges, hallucinated detail, flicker, ghosting, ringing, oversharpening, noise amplification, color drift",1.500000,Low-CFG fidelity prompt with artifact-focused negative prompt.,,prompt_negative_cfg,0,0,completed,,76ab1fd6854f2a4243f3073844846328a86035135e7dfcac0cb1686807961b9a,results_test/UDM10,2.2169785145277707,2,2,0.11131656523673428,0,0,26.496316565236736,0.11131656523673428,0.0042189336834085375,0.7839907995984283,0.01009079959842829,0.013038893395048832,0.25127514646418636,0.002075146464186356,-0.008327233002352953,0.12582181019167746,0.00912181019167746,-0.07816461175387712,0.3958174174351077,-0.010982582564892318,-0.02699749893041376,0.5573342355028276,-0.00636576449717241,-0.011292823305255297,4.930504191918174,0.3707041919181737,-0.08129834464629451,32.43123124131525,0.9085312413152522,-0.028821491855559715,3.1009597816774916,0.20985978167749186,0.07258821267942717,65.46786929099791,-0.19833070900209293,-0.0030202860680546904,0.31917655679487417,-0.0034234432051258312,-0.010612037213657258,29.252560720136092,-4.255739279863906,0.12700552638790708,0.5603996396064759,0.002999639606475868,0.005381484762245906,0.9818328797817231,0.0037328797817230974,0.003816460261448827,0.1066222682595253,0.003522268259525299,0.034163610664648875,0.7606717128943696,-0.03422828710563042,-0.04305986552475835,83.84400000000001,10.739000000000004,0.14689829697011153,1.803857782894435,0.21155778289443505,-0.1328630175811311
199,2026-07-27T02:31:58+00:00,2026-07-27T02:38:08+00:00,370.37,710a0dc4340688421ef8b88c5b23ccbf20ce00c4c39d483f307b5ef2dfd18195,"Natural high-quality faithful restoration of the input video, preserving the original scene and motion while improving clean credible detail, stable edges, realistic color, and perceptual quality without invented content.","warped geometry, temporal misalignment, perceptual distortion, texture redraw, unstable edges, hallucinated detail, flicker, ghosting, ringing, oversharpening, noise amplification, color drift",1.750000,Low-CFG fidelity prompt with artifact-focused negative prompt.,,prompt_negative_cfg,0,0,completed,,dab81729b25d54d00b1f4271439b5f43c1b59579342f2e5cc86fa4539751e96c,results_test/UDM10,2.2171386963055615,2,2,0.1022659006426423,0,0,26.487265900642644,0.1022659006426423,0.0038759105795960693,0.7838855901168584,0.0099855901168584,0.012902946268068743,0.251369851563246,0.002169851563245978,-0.008707269515433299,0.1258946411071285,0.009194641107128504,-0.07878869843297776,0.3953049752020067,-0.011495024797993303,-0.02825718976891176,0.5574125689844931,-0.0062874310155068835,-0.011153860236840311,4.9267339121607225,0.36693391216072246,-0.08047149264457266,32.44303304345475,0.9203330434547468,-0.029195882442009942,3.1016263723373414,0.21052637233734162,0.07281877912813173,65.45342742550758,-0.21277257449241915,-0.0032402145166374654,0.3193566226430477,-0.003243377356952293,-0.010053866574557634,29.183949722782263,-4.324350277217736,0.1290531085497544,0.5558902055025101,-0.0015097944974898914,-0.0027086374192498946,0.9815981447696686,0.0034981447696685875,0.00357646945063755,0.10269983150064946,-0.00040016849935053944,-0.003881362748307851,0.7579216066298692,-0.03697839337013087,-0.04651955386857575,83.90600000000002,10.801000000000016,0.14774639217563798,1.8036932678660378,0.21139326786603774,-0.13275969846513705
200,2026-07-27T02:38:09+00:00,2026-07-27T02:45:01+00:00,412.214,f6b90db263687d32b93478d12552c13472fd1de9bc301b29dd461945794734a1,"Natural high-quality faithful restoration of the input video, preserving the original scene and motion while improving clean credible detail, stable edges, realistic color, and perceptual quality without invented content.","warped geometry, temporal misalignment, perceptual distortion, texture redraw, unstable edges, hallucinated detail, flicker, ghosting, ringing, oversharpening, noise amplification, color drift",2.000000,Low-CFG fidelity prompt with artifact-focused negative prompt.,,prompt_negative_cfg,0,0,completed,,d4c8f7329d996f24ae2f80ad29dae9f58da02ca978dcf316d52de3ed38ff5a2a,results_test/UDM10,2.2173332541903017,2,2,0.09284764689783742,0,0,26.47784764689784,0.09284764689783742,0.003518955728551731,0.7837617787850089,0.009861778785008823,0.01274296263730304,0.25148133387969385,0.002281333879693842,-0.009154630335850088,0.1259330561084132,0.009233056108413212,-0.07911787582187843,0.395099420557099,-0.011700579442900982,-0.028762486339481273,0.5569077726333372,-0.00679222736666274,-0.01204936556087057,4.924965828037829,0.3651658280378287,-0.08008373789153662,32.43126736584136,0.9085673658413569,-0.02882263784007578,3.1031009439499146,0.21200094394991487,0.07332881738781602,65.45753926307924,-0.2086607369207627,-0.0031775972558296763,0.3195162609700234,-0.0030837390299766065,-0.009559017451880368,29.13965316280242,-4.368646837197577,0.13037506639243343,0.5619760096073151,0.004576009607315079,0.008209561548825043,0.9817148089408875,0.003614808940887504,0.003695745773323284,0.10549196861684322,0.0023919686168432236,0.023200471550370742,0.7517623545538272,-0.04313764544617282,-0.05426801540592882,83.87800000000001,10.77300000000001,0.1473633814376583,1.8035349425190361,0.21123494251903607,-0.13266026660744587
201,2026-07-27T02:45:07+00:00,2026-07-27T02:52:38+00:00,450.951,349f9663787ad54dc61864c10177804395a673def5060828d8b359b060b81668,"Natural high-quality faithful restoration of the input video, preserving the original scene and motion while improving clean credible detail, stable edges, realistic color, and perceptual quality without invented content.","invented content, hallucinated texture, temporal flicker, motion-inconsistent detail, warped structure, ghosting, ringing, oversharpening, color drift, noise amplification, compression artifacts",0.900000,Low-CFG fidelity prompt with artifact-focused negative prompt.,,prompt_negative_cfg,0,0,completed,,7ce8a1a692356b033f701d151f8764e2fcc58a2153c68d7a9e30046dcaae8261,results_test/UDM10,2.215913373075308,2,2,0.12688403714087926,0,0,26.51188403714088,0.12688403714087926,0.004808945883679335,0.7841331681622264,0.010233168162226414,0.013222855875728664,0.25099287047501534,0.0017928704750153346,-0.007194504313865709,0.12559546116859682,0.008895461168596824,-0.07622503143613389,0.39554262401596196,-0.011257375984038032,-0.027672998977477953,0.5573527792769093,-0.006347220723090685,-0.01125992677504113,4.933699090789533,0.373899090789533,-0.08199901109468244,32.435470933743034,0.9127709337430332,-0.028955988343099835,3.1001449681097464,0.2090449681097466,0.07230637754133258,65.46448727269326,-0.2017127273067416,-0.0030717892508892184,0.318661296319577,-0.003938703680422984,-0.012209248854379986,29.411669528099804,-4.096630471900195,0.1222571861867118,0.568921223282814,0.01152122328281402,0.020669578907093682,0.9816139101982116,0.0035139101982116783,0.0035925878726221026,0.11135476119816304,0.008254761198163041,0.08006557903164928,0.7538639389898455,-0.041036061010154556,-0.05162418041282495,83.924,10.819000000000003,0.147992613364339,1.8059900470931705,0.2136900470931704,-0.13420212717023827
202,2026-07-27T02:52:39+00:00,2026-07-27T02:59:01+00:00,382.445,2269bc968e2a4bcb0ca86693dd4d78b3a206d86a6cb4a37ddb4485a170c0222e,"Natural high-quality faithful restoration of the input video, preserving the original scene and motion while improving clean credible detail, stable edges, realistic color, and perceptual quality without invented content.","invented content, hallucinated texture, temporal flicker, motion-inconsistent detail, warped structure, ghosting, ringing, oversharpening, color drift, noise amplification, compression artifacts",1.000000,Low-CFG fidelity prompt with artifact-focused negative prompt.,,prompt_negative_cfg,0,0,completed,,5301b66ae492137d8bfd12370d077c96f4537b7f735ca1d77c836fcf2bf0bcdb,results_test/UDM10,2.2161441733291167,2,2,0.1251620827951676,0,0,26.51016208279517,0.1251620827951676,0.004743683259244556,0.7841179134715006,0.010217913471500584,0.013203144426283219,0.25100975776872325,0.001809757768723247,-0.007262270339980927,0.12560562991326854,0.008905629913268542,-0.07631216720881356,0.3955449626330406,-0.011255037366959375,-0.027667250164600234,0.5573824329722312,-0.006317567027768756,-0.01120732131944076,4.935666599821418,0.3758665998214177,-0.08243050129861347,32.41234882398189,0.8896488239818865,-0.02822248170308655,3.0995171704599933,0.20841717045999353,0.07208922917228514,65.4701162522839,-0.19608374771610215,-0.002986068140323365,0.31875448440832477,-0.0038455155916752304,-0.011920383111206542,29.389342867943547,-4.118957132056451,0.12292348857018862,0.5579189598560333,0.0005189598560333408,0.0009310366990192695,0.9818487107753754,0.003748710775375419,0.003832645716568264,0.10277955047786236,-0.0003204495221376391,-0.0031081427947394677,0.7551361736618057,-0.03976382633819431,-0.05002368390765418,83.93199999999999,10.826999999999984,0.14810204500376148,1.8035299903082584,0.2112299903082584,-0.13265715650835797
203,2026-07-27T02:59:02+00:00,2026-07-27T03:05:22+00:00,380.183,849f514185ebf13bb846b408ee8fff25ea6ae5787dd16d740aa7c1aa1ddce5b6,"Natural high-quality faithful restoration of the input video, preserving the original scene and motion while improving clean credible detail, stable edges, realistic color, and perceptual quality without invented content.","invented content, hallucinated texture, temporal flicker, motion-inconsistent detail, warped structure, ghosting, ringing, oversharpening, color drift, noise amplification, compression artifacts",1.100000,Low-CFG fidelity prompt with artifact-focused negative prompt.,,prompt_negative_cfg,0,0,completed,,5f68882980ed181cce03492af719955665339502e8679daba2d1232055e99866,results_test/UDM10,2.2161991439844395,2,2,0.12342297461724527,0,0,26.508422974617247,0.12342297461724527,0.004677770499042838,0.7841054523114117,0.010205452311411678,0.013187042655913785,0.2510093435885445,0.001809343588544482,-0.007260608300740296,0.1256346062306435,0.008934606230643488,-0.07656046470131524,0.3954950908018697,-0.01130490919813032,-0.02778984561978938,0.5571889953267191,-0.006511004673280918,-0.011550478398582434,4.93342787042001,0.3736278704200098,-0.08193953033466594,32.42166855070573,0.8989685507057317,-0.028518132986886647,3.1000104173537224,0.20891041735372262,0.07225983790035717,65.47391944393034,-0.19228055606966166,-0.0029281511046727487,0.31883137596230354,-0.0037686240376964553,-0.01168203359484332,29.366579904863915,-4.141720095136083,0.12360281169549286,0.5605092793703079,0.003109279370307916,0.005578183298004872,0.9814785540103912,0.0033785540103912215,0.0034542010125664263,0.105613686516881,0.0025136865168809974,0.024381052540067873,0.760629010815712,-0.03427098918428806,-0.04311358558848667,83.90700000000001,10.802000000000007,0.14776007113056572,1.8044317346357275,0.21213173463572743,-0.13322347210684382
204,2026-07-27T03:05:23+00:00,2026-07-27T03:11:46+00:00,383.3,bf550ed07ef714ae5762ee1e2f99c7155b73d633885b3da4361364356d11e231,"Natural high-quality faithful restoration of the input video, preserving the original scene and motion while improving clean credible detail, stable edges, realistic color, and perceptual quality without invented content.","invented content, hallucinated texture, temporal flicker, motion-inconsistent detail, warped structure, ghosting, ringing, oversharpening, color drift, noise amplification, compression artifacts",1.250000,Low-CFG fidelity prompt with artifact-focused negative prompt.,,prompt_negative_cfg,0,0,completed,,33db7020ea1e5e719e2638cdc40dd2f3be7861e98c594a315831d5ad9fd6fd46,results_test/UDM10,2.216555891512383,2,2,0.1180905016006939,0,0,26.503090501600695,0.1180905016006939,0.004475668053844756,0.7840433992125849,0.010143399212584892,0.013106860334132176,0.2510278225666092,0.0018278225666092107,-0.007334761503247234,0.12564991135751047,0.00894991135751047,-0.07669161403179495,0.3952230509250395,-0.011576949074960485,-0.02845857688043384,0.5573822731933286,-0.00631772680667142,-0.011207604766136988,4.9339004705175125,0.3741004705175124,-0.08204317525275504,32.406515164062725,0.8838151640627245,-0.0280374195123744,3.1012114809405418,0.210111480940542,0.07267527271299574,65.49146652221681,-0.17473347778319237,-0.002660934815524461,0.3190318218883007,-0.003568178111699294,-0.011060688504957514,29.331785534274196,-4.176514465725802,0.12464119235311258,0.5594402134418488,0.0020402134418487927,0.003660232224343008,0.9815380990505218,0.0034380990505218367,0.0035150792869050574,0.10492740571498871,0.0018274057149887113,0.017724594713760537,0.7602391566769986,-0.034660843323001456,-0.043604029844007366,83.95700000000001,10.852000000000004,0.14844401887695785,1.802310269000979,0.21001026900097886,-0.13189114425735027
205,2026-07-27T03:11:47+00:00,2026-07-27T03:18:45+00:00,418.025,ec53813d9fe07c066b7d4b4d4ac673f39eddd0a7defa52fff764fd3641ea39d1,"Natural high-quality faithful restoration of the input video, preserving the original scene and motion while improving clean credible detail, stable edges, realistic color, and perceptual quality without invented content.","invented content, hallucinated texture, temporal flicker, motion-inconsistent detail, warped structure, ghosting, ringing, oversharpening, color drift, noise amplification, compression artifacts",1.500000,Low-CFG fidelity prompt with artifact-focused negative prompt.,,prompt_negative_cfg,0,0,completed,,91546b4e5e62c66da8a75f373d4caac642cb10c6edcc6ed868cfd904749a64cc,results_test/UDM10,2.216982555359601,2,2,0.10959984687066893,0,0,26.49459984687067,0.10959984687066893,0.004153869504289138,0.7839474063447189,0.010047406344718901,0.012982822515465694,0.2510773476333388,0.0018773476333387717,-0.0075334977260785385,0.12564054208417091,0.008940542084170916,-0.07661132891320407,0.3955291928302857,-0.011270807169714292,-0.027706015658098063,0.5572920761762127,-0.006407923823787298,-0.011367613666466735,4.930942052831375,0.3711420528313747,-0.0813943709880641,32.41451665522719,0.8918166552271884,-0.02829125218420974,3.1015221161227076,0.21042211612270778,0.07278271803905358,65.48934698412496,-0.17685301587503943,-0.002693212274732502,0.31926572616061855,-0.003334273839381452,-0.01033562876435664,29.269872259324597,-4.238427740675402,0.12648889202601749,0.5648213714361191,0.007421371436119095,0.013314265224469133,0.9819589912891388,0.0038589912891388023,0.003945395449482469,0.10690952725708484,0.0038095272570848465,0.03694982790576961,0.7514709578430067,-0.04342904215699339,-0.05463459826015019,83.965,10.86,0.14855345051638053,1.80400154919577,0.2117015491957699,-0.13295330603263825
206,2026-07-27T03:18:55+00:00,2026-07-27T03:25:24+00:00,388.923,116c8c3565180ce2692e834cb90320dfa7101dad280799a042c03c9b7dce8843,"Natural high-quality faithful restoration of the input video, preserving the original scene and motion while improving clean credible detail, stable edges, realistic color, and perceptual quality without invented content.","invented content, hallucinated texture, temporal flicker, motion-inconsistent detail, warped structure, ghosting, ringing, oversharpening, color drift, noise amplification, compression artifacts",1.750000,Low-CFG fidelity prompt with artifact-focused negative prompt.,,prompt_negative_cfg,0,0,completed,,b67348131e708a8af374bd6227f873b1e158477cae84a6ec88e6e87903e44f92,results_test/UDM10,2.2173814260747187,2,2,0.09962862814626305,0,0,26.484628628146265,0.09962862814626305,0.00377595710237874,0.7838200068150872,0.009920006815087201,0.012818202371220055,0.2511336330925265,0.0019336330925265044,-0.007759362329560611,0.12565315808019334,0.00895315808019334,-0.07671943513447593,0.3953800525876784,-0.011419947412321607,-0.028072633756936104,0.557054991972062,-0.006645008027937993,-0.011788199446404104,4.929644294849848,0.36984429484984815,-0.0811097624566534,32.40022503467556,0.877525034675557,-0.027837876662708365,3.1021930932998654,0.2110930932998656,0.07301480173631683,65.50151076163016,-0.16468923836984573,-0.0025079757678965085,0.31955119496391665,-0.0030488050360833463,-0.009450728568144285,29.208763073336694,-4.299536926663304,0.1283125949888029,0.5595603227615357,0.00216032276153566,0.0038757136016068536,0.9824028491973877,0.00430284919738777,0.004399191491041581,0.1025807112455368,-0.000519288754463193,-0.005036748345908759,0.7569398486500661,-0.03796015134993391,-0.047754624921290616,83.989,10.884,0.1488817454346488,1.8075419151379417,0.21524191513794166,-0.1351767349983933
207,2026-07-27T03:25:25+00:00,2026-07-27T03:31:45+00:00,380.181,412ac799131b2366df6b874626e22521fddfe44a459a5bf49cb38914db65db60,"Natural high-quality faithful restoration of the input video, preserving the original scene and motion while improving clean credible detail, stable edges, realistic color, and perceptual quality without invented content.","invented content, hallucinated texture, temporal flicker, motion-inconsistent detail, warped structure, ghosting, ringing, oversharpening, color drift, noise amplification, compression artifacts",2.000000,Low-CFG fidelity prompt with artifact-focused negative prompt.,,prompt_negative_cfg,0,0,completed,,2a600712cb52cc50f5c305783a7d1fb6dd5b03c38ea29e69f08c05655a918b59,results_test/UDM10,2.2178319445176684,2,2,0.08895952901532311,0,0,26.473959529015325,0.08895952901532311,0.003371594808236616,0.7836778436589305,0.009777843658930419,0.012634505309381597,0.2511716728489245,0.001971672848924494,-0.007912009827144838,0.12559625429491844,0.008896254294918443,-0.07623182771995238,0.39536848395101487,-0.011431516048985124,-0.02810107190016009,0.5569681732885299,-0.006731826711470101,-0.011942215205730179,4.927136009157993,0.36733600915799336,-0.08055967567831776,32.387673090747185,0.8649730907471849,-0.027439689200074387,3.104023470417146,0.2129234704171461,0.07364790924462873,65.50924473424111,-0.15695526575889573,-0.002390198698248044,0.3197952431055807,-0.0028047568944192802,-0.008694224719216615,29.160829211819554,-4.347470788180445,0.12974310210247744,0.5705748707056045,0.013174870705604524,0.02363629477144694,0.9825233519077301,0.004423351907730133,0.004522392299079985,0.10959789417684078,0.006497894176840782,0.0630251617540328,0.7556345973834326,-0.03926540261656741,-0.049396656958821755,83.99700000000001,10.89200000000001,0.14899117707407167,1.8064214758972714,0.21412147589727137,-0.13447307410492457
208,2026-07-27T03:31:46+00:00,2026-07-27T03:38:03+00:00,377.259,c586446173e16333209dfc91f63734a923f6ec2fbf27e8c5f706d5c232427d57,"Natural high-quality faithful restoration of the input video, preserving the original scene and motion while improving clean credible detail, stable edges, realistic color, and perceptual quality without invented content.","flickering, temporal inconsistency, unstable details, hallucinated textures, oversharpening, ringing artifacts, color shifts, ghosting, motion trails, warped structures, plastic texture, excessive smoothing, noise amplification",0.800000,Low-CFG fidelity prompt with artifact-focused negative prompt.,,prompt_negative_cfg,0,0,completed,,782f83f30834662767431475684b1cdcf8151541ef58c48778cde2644e602805,results_test/UDM10,2.2161931496641327,2,2,0.13051785007600003,0,0,26.515517850076,0.13051785007600003,0.0049466685645631996,0.7841092797072292,0.01020927970722918,0.013191988250716087,0.2509041935445801,0.001704193544580096,-0.006838657883547736,0.12538758458629734,0.008687584586297342,-0.0744437410993774,0.3955081395564541,-0.011291860443545909,-0.027757769035265265,0.5574918044190252,-0.00620819558097474,-0.011013297110120172,4.930926856574048,0.37112685657404754,-0.08139103832932311,32.36984444281342,0.8471444428134163,-0.026874107954376253,3.1001405973588265,0.20904059735882674,0.07230486574619582,65.49184957934963,-0.1743504206503701,-0.0026551014167162114,0.3185707759712973,-0.004029224028702705,-0.012489845098272489,29.42573911605343,-4.08256088394657,0.12183730251748284,0.5623034566640854,0.004903456664085426,0.008797015902557277,0.9816563904285431,0.0035563904285431658,0.0036360192501208115,0.10728721059858799,0.004187210598587995,0.040613099889311305,0.760768795456813,-0.03413120454318708,-0.0429377337315223,83.862,10.75699999999999,0.14714451815881252,1.8039061024804444,0.2116061024804443,-0.13289336336145469
209,2026-07-27T03:38:03+00:00,2026-07-27T03:44:17+00:00,373.917,6642e2a2280e357cdc1b22c7df92ea2c0fb734d615af484a8ecaca1b10e1a7b0,"Natural high-quality faithful restoration of the input video, preserving the original scene and motion while improving clean credible detail, stable edges, realistic color, and perceptual quality without invented content.","flickering, temporal inconsistency, unstable details, hallucinated textures, oversharpening, ringing artifacts, color shifts, ghosting, motion trails, warped structures, plastic texture, excessive smoothing, noise amplification",0.900000,Low-CFG fidelity prompt with artifact-focused negative prompt.,,prompt_negative_cfg,0,0,completed,,478a92b9a9a641e0747b3efc96267585ff7807fe9feca0764acadf981ccaf417,results_test/UDM10,2.216182891072141,2,2,0.12720979998188753,0,0,26.51220979998189,0.12720979998188753,0.004821292400298939,0.7841095244546138,0.010209524454613761,0.013192304502666702,0.25096911035718455,0.0017691103571845501,-0.007099158736695627,0.12553134214493536,0.008831342144935361,-0.0756755967860785,0.3953381540794526,-0.011461845920547387,-0.028175629106556997,0.5574362306825577,-0.006263769317442325,-0.011111884543981418,4.932722148946301,0.3729221489463006,-0.08178476006541967,32.392882721461895,0.8701827214618945,-0.02760495520567383,3.100681747544196,0.20958174754419634,0.07249204370108137,65.48289865063083,-0.18330134936917375,-0.0027914109445829624,0.3187490133268217,-0.0038509866731782916,-0.011937342446305926,29.40656856413811,-4.10173143586189,0.12240941605100497,0.561387014389038,0.003987014389038035,0.007152878344165833,0.9815561294555664,0.0034561294555663924,0.003533513399004593,0.1057033322751522,0.0026033322751522064,0.025250555530089296,0.7601427943271512,-0.0347572056728489,-0.04372525559548232,83.881,10.775999999999996,0.14740441830244164,1.803901812818367,0.21160181281836699,-0.13289066935776359
210,2026-07-27T03:44:18+00:00,2026-07-27T03:50:28+00:00,370.394,4baf93ad23295705a2d524f1c372c79d640dc583df6b6d5c4e9a555f6de542c1,"Natural high-quality faithful restoration of the input video, preserving the original scene and motion while improving clean credible detail, stable edges, realistic color, and perceptual quality without invented content.","flickering, temporal inconsistency, unstable details, hallucinated textures, oversharpening, ringing artifacts, color shifts, ghosting, motion trails, warped structures, plastic texture, excessive smoothing, noise amplification",1.000000,Low-CFG fidelity prompt with artifact-focused negative prompt.,,prompt_negative_cfg,0,0,completed,,17d81c2e0c9434157f30615d4dbcaefed7b965d0286fcf035cc43f9d54adc0af,results_test/UDM10,2.2161441733291167,2,2,0.1251620827951676,0,0,26.51016208279517,0.1251620827951676,0.004743683259244556,0.7841179134715006,0.010217913471500584,0.013203144426283219,0.25100975776872325,0.001809757768723247,-0.007262270339980927,0.12560562991326854,0.008905629913268542,-0.07631216720881356,0.3955449626330406,-0.011255037366959375,-0.027667250164600234,0.5573824329722312,-0.006317567027768756,-0.01120732131944076,4.935666599821418,0.3758665998214177,-0.08243050129861347,32.41234882398189,0.8896488239818865,-0.02822248170308655,3.0995171704599933,0.20841717045999353,0.07208922917228514,65.4701162522839,-0.19608374771610215,-0.002986068140323365,0.31875448440832477,-0.0038455155916752304,-0.011920383111206542,29.389342867943547,-4.118957132056451,0.12292348857018862,0.5498719990253449,-0.0075280009746551135,-0.01350556328427541,0.9818487107753754,0.003748710775375419,0.003832645716568264,0.09888749103993177,-0.004212508960068223,-0.040858476819284416,0.7596806775423238,-0.03521932245767623,-0.04430660769615829,83.93299999999999,10.827999999999989,0.14811572395868938,1.8035299903082584,0.2112299903082584,-0.13265715650835797
211,2026-07-27T03:50:28+00:00,2026-07-27T03:56:47+00:00,378.865,955b3e24dfaacc11760fb8bc2662a4f7e94e1ffed21d3a0f41eb29c8e7d1f948,"Natural high-quality faithful restoration of the input video, preserving the original scene and motion while improving clean credible detail, stable edges, realistic color, and perceptual quality without invented content.","flickering, temporal inconsistency, unstable details, hallucinated textures, oversharpening, ringing artifacts, color shifts, ghosting, motion trails, warped structures, plastic texture, excessive smoothing, noise amplification",1.100000,Low-CFG fidelity prompt with artifact-focused negative prompt.,,prompt_negative_cfg,0,0,completed,,6d2a905fc8b8d26c38800190923f9135a6d1a596dfba10050fbd44cc10ae2866,results_test/UDM10,2.216196772580032,2,2,0.12298048203990675,0,0,26.50798048203991,0.12298048203990675,0.004660999887811512,0.7841212043374453,0.010221204337445222,0.01320739674046417,0.2510477779853728,0.001847777985372806,-0.007414839427659735,0.12570935718474852,0.009009357184748518,-0.07720100415380049,0.39578559965856613,-0.011014400341433861,-0.02707571372033889,0.5574465172906076,-0.006253482709392411,-0.011093636170644688,4.932008647650575,0.3722086476505746,-0.08162828362002163,32.424548195206214,0.9018481952062132,-0.028609484441567922,3.099469627103498,0.20836962710349827,0.07207278444311795,65.45610653661912,-0.2100934633808862,-0.003199415580327264,0.31871699791762137,-0.003883002082378628,-0.012036584260318128,29.376074612525194,-4.132225387474804,0.12331945779030283,0.5628196418285369,0.005419641828536936,0.00972307468341754,0.9816229343414307,0.0035229343414306946,0.0036018140695539256,0.10590064786374569,0.0028006478637456894,0.02716438277153918,0.7453594917167883,-0.04954050828321177,-0.06232294412279754,83.93199999999999,10.826999999999984,0.14810204500376148,1.8023136920965044,0.21001369209650433,-0.13189329403787248
212,2026-07-27T03:56:47+00:00,2026-07-27T04:03:18+00:00,390.879,dfd736736e85bbafead0acac8427635277cdaba1167e5f8949795f1cf33ef415,"Natural high-quality faithful restoration of the input video, preserving the original scene and motion while improving clean credible detail, stable edges, realistic color, and perceptual quality without invented content.","flickering, temporal inconsistency, unstable details, hallucinated textures, oversharpening, ringing artifacts, color shifts, ghosting, motion trails, warped structures, plastic texture, excessive smoothing, noise amplification",1.250000,Low-CFG fidelity prompt with artifact-focused negative prompt.,,prompt_negative_cfg,0,0,completed,,2342011768df54dd66aa1332f95b426da90e9b50be1c7242ed7ef9c5d143132c,results_test/UDM10,2.215930202969634,2,2,0.11679615020751655,0,0,26.501796150207518,0.11679615020751655,0.004426611719064489,0.7840973761690907,0.010197376169090666,0.013176607015235386,0.2511148485204866,0.001914848520486595,-0.007683982826992757,0.12586021500249062,0.009160215002490618,-0.07849370182082792,0.39515180313779463,-0.011648196862205362,-0.0286337189336415,0.5570866221381772,-0.006613377861822811,-0.011732087744940237,4.936838462929953,0.3770384629299528,-0.08268750009429203,32.46002373251355,0.9373237325135477,-0.02973488097509248,3.101024331585054,0.20992433158505408,0.07261053978937225,65.44149302205732,-0.224706977942688,-0.003421957992737329,0.3187850393354893,-0.0038149606645107026,-0.011825668519871985,29.344920693674396,-4.163379306325602,0.1242491951643504,0.5568194389343262,-0.0005805610656738347,-0.0010415519656868221,0.9813705503940582,0.0032705503940582137,0.00334377915760987,0.10283018127083779,-0.00026981872916220784,-0.0026170584787799014,0.7604124958779706,-0.0344875041220295,-0.04338596568377091,84.036,10.930999999999997,0.1495246563162574,1.803031759894414,0.21073175989441406,-0.13234425666922944
213,2026-07-27T04:03:18+00:00,2026-07-27T04:09:31+00:00,372.404,2cd120f377fa850af24481c2c1b144eb81a59dc6b2652366e2209d8bd295770d,"Natural high-quality faithful restoration of the input video, preserving the original scene and motion while improving clean credible detail, stable edges, realistic color, and perceptual quality without invented content.","flickering, temporal inconsistency, unstable details, hallucinated textures, oversharpening, ringing artifacts, color shifts, ghosting, motion trails, warped structures, plastic texture, excessive smoothing, noise amplification",1.500000,Low-CFG fidelity prompt with artifact-focused negative prompt.,,prompt_negative_cfg,0,0,completed,,966415fd4cdfad19e161caca3027bbc5addcafcfa90a67e6d68b6e4f49bf3800,results_test/UDM10,2.2155982230890547,2,2,0.10678903641239046,0,0,26.491789036412392,0.10678903641239046,0.004047338882410098,0.7840474776143347,0.010147477614334655,0.013112130267908844,0.2512374545777997,0.002037454577799719,-0.00817598145184478,0.1261005163192749,0.00940051631927491,-0.08055283906833685,0.39501751579584615,-0.011782484204153842,-0.028963825477271,0.5567507541948749,-0.006949245805125126,-0.012327915212214168,4.936572315175953,0.3767723151759528,-0.08262913179875274,32.516690202825465,0.993990202825465,-0.03153252109830265,3.0986826216020895,0.20758262160208973,0.07180056781228243,65.41502200711159,-0.25117799288841525,-0.0038250727602391374,0.3188998566519829,-0.003700143348017104,-0.011469756193481414,29.30280446698589,-4.205495533014108,0.12550608455260662,0.5575312465429306,0.00013124654293061866,0.00023546204329138619,0.9817020356655121,0.0036020356655120933,0.0036826864998590054,0.10442951656877994,0.0013295165687799426,0.012895408038602741,0.756056170531458,-0.038843829468542035,-0.04886630955911691,83.84,10.735,0.14684358115040008,1.8056375262191673,0.21333752621916724,-0.13398073617984502
214,2026-07-27T04:10:06+00:00,2026-07-27T04:16:33+00:00,387.087,41ef4b15204a77f1ad3d98be4131696969880c2754052870edb715fa0ed361c6,"Natural high-quality faithful restoration of the input video, preserving the original scene and motion while improving clean credible detail, stable edges, realistic color, and perceptual quality without invented content.","flickering, temporal inconsistency, unstable details, hallucinated textures, oversharpening, ringing artifacts, color shifts, ghosting, motion trails, warped structures, plastic texture, excessive smoothing, noise amplification",0.450000,Low-CFG fidelity prompt with artifact-focused negative prompt.,,prompt_negative_cfg,0,0,completed,,88863642be901ee68e0fd2de0abe35a2691c997b97ccaad6c1da8a4709ffd06a,results_test/UDM10,2.215984154759794,2,2,0.13998007128315848,0,0,26.52498007128316,0.13998007128315848,0.005305289796594977,0.7840706153665062,0.010170615366506208,0.013142027867303537,0.2507085792720318,0.0015085792720317681,-0.006053688892583339,0.1249908902952748,0.0082908902952748,-0.07104447553791603,0.39507140425905096,-0.011728595740949033,-0.028831356295351603,0.5575455965534333,-0.006154403446566703,-0.010917870226302471,4.927995603336029,0.3681956033360292,-0.0807481914417363,32.27588920320066,0.7531892032006624,-0.02389354982919174,3.098768021598939,0.20766802159893905,0.07183010674101174,65.52900095293597,-0.13719904706402986,-0.002089340437912196,0.3182901475458376,-0.004309852454162377,-0.013359741023441963,29.515758096018146,-3.992541903981852,0.1191508343897438,0.5537229239940643,-0.0036770760059356977,-0.006596835317430387,0.9814147114753723,0.003314711475372323,0.0033889290209307052,0.1017938919365406,-0.0013061080634593908,-0.012668361430255973,0.7405373153699035,-0.054362684630096525,-0.06838933781619892,83.816,10.710999999999999,0.14651528623213184,1.8034002221005114,0.21110022210051138,-0.13257565917258768
215,2026-07-27T04:16:34+00:00,2026-07-27T04:22:56+00:00,382.567,5671d448f8156fc260e23c2bde02b8e0c0430b1643b4ef7d4a1f814759a69129,"Natural high-quality faithful restoration of the input video, preserving the original scene and motion while improving clean credible detail, stable edges, realistic color, and perceptual quality without invented content.","flickering, temporal inconsistency, unstable details, hallucinated textures, oversharpening, ringing artifacts, color shifts, ghosting, motion trails, warped structures, plastic texture, excessive smoothing, noise amplification",0.500000,Low-CFG fidelity prompt with artifact-focused negative prompt.,,prompt_negative_cfg,0,0,completed,,796f04d7eb2d4b89f41f51ab4f28859893f84a8d9c869d7b92be8964097b9fdf,results_test/UDM10,2.2160567899176185,2,2,0.13826107025146328,0,0,26.523261070251465,0.13826107025146328,0.00524013910371284,0.7840794056377774,0.010179405637777417,0.013153386274424882,0.2507463491972416,0.0015463491972415866,-0.006205253600487908,0.1250210812014918,0.008321081201491803,-0.07130318081826738,0.39490982976651967,-0.011890170233480324,-0.029228540396952614,0.5577192743939738,-0.005980725606026138,-0.01060976690797612,4.927763459508029,0.36796345950802856,-0.08069728047458848,32.2835287803906,0.7608287803905966,-0.024135901442154276,3.0996927499771116,0.20859274997711186,0.07214996021483583,65.52811540172948,-0.13808459827052388,-0.0021028260851172122,0.3183110896858477,-0.004288910314152294,-0.013294824284415047,29.50005630985383,-4.00824369014617,0.11961942832510661,0.5609388411045074,0.0035388411045074175,0.006348835853081122,0.981154841184616,0.003054841184616075,0.003123240143764518,0.10775467045605183,0.004654670456051835,0.04514714312368414,0.7514012959514793,-0.04349870404852074,-0.054722234304341096,83.844,10.73899999999999,0.14689829697011134,1.8042231529640655,0.2119231529640655,-0.1330924781536554
216,2026-07-27T04:22:56+00:00,2026-07-27T04:29:12+00:00,375.953,70c2886d27252fa93c2eebd41bbf5559ecb34844cc6ed8beb3bcea15a630fcd8,"Natural high-quality faithful restoration of the input video, preserving the original scene and motion while improving clean credible detail, stable edges, realistic color, and perceptual quality without invented content.","flickering, temporal inconsistency, unstable details, hallucinated textures, oversharpening, ringing artifacts, color shifts, ghosting, motion trails, warped structures, plastic texture, excessive smoothing, noise amplification",0.550000,Low-CFG fidelity prompt with artifact-focused negative prompt.,,prompt_negative_cfg,0,0,completed,,7e78fad54282da86cb31265932d4f12ca4261ae31547a70bbfd97f79a30e0d90,results_test/UDM10,2.2160279716801723,2,2,0.13643348570792568,0,0,26.521433485707927,0.13643348570792568,0.0051708730607514,0.7840862576274734,0.010186257627473383,0.013162240118197936,0.2507910264355521,0.0015910264355521175,-0.006384536258234821,0.1250989144848239,0.00839891448482391,-0.07197013268915091,0.3950575900654639,-0.011742409934536069,-0.02886531449001,0.5575987435156299,-0.006101256484370099,-0.010823587873638636,4.931255823155622,0.371455823155622,-0.0814631832877806,32.316988810803664,0.7942888108036641,-0.025197359705978997,3.099861805285177,0.20876180528517718,0.0722084346045371,65.52353724818076,-0.1426627518192447,-0.0021725446549251317,0.31841097639933713,-0.004189023600662867,-0.012985194050411862,29.48625291393649,-4.022047086063509,0.12003136793163213,0.5556271374225616,-0.001772862577438361,-0.0031805930703953374,0.9817758202552795,0.0036758202552795716,0.003758123152315276,0.1007445901632309,-0.002355409836769101,-0.02284587620532591,0.7522269275874349,-0.04267307241256513,-0.053683573295465,83.801,10.695999999999998,0.14631010190821417,1.8065744808457869,0.21427448084578682,-0.13456916463341506
217,2026-07-27T04:29:13+00:00,2026-07-27T04:35:31+00:00,378.203,cea75a77cd11c4a9efa0ab8f749e2103fc0760ee44a7e49bee02065b8bdfb9f3,"Natural high-quality faithful restoration of the input video, preserving the original scene and motion while improving clean credible detail, stable edges, realistic color, and perceptual quality without invented content.","flickering, temporal inconsistency, unstable details, hallucinated textures, oversharpening, ringing artifacts, color shifts, ghosting, motion trails, warped structures, plastic texture, excessive smoothing, noise amplification",0.600000,Low-CFG fidelity prompt with artifact-focused negative prompt.,,prompt_negative_cfg,0,0,completed,,0e2b5a1bb975a8944bd3aeeebf6435fdd9ca4cda9f1e4098eab2bbc6cf3565ca,results_test/UDM10,2.2159507358297135,2,2,0.13567933236398844,0,0,26.52067933236399,0.13567933236398844,0.005142290406063613,0.784090669830776,0.010190669830775989,0.013167941375857332,0.25081371511182476,0.0016137151118247595,-0.006475582310693256,0.12518224658504612,0.008482246585046122,-0.07268420381359145,0.39495602447179057,-0.011843975528209427,-0.02911498409097696,0.5573440737301304,-0.006355926269869583,-0.011275370356341286,4.9300341808652295,0.3702341808652294,-0.0811952675260383,32.32954636575287,0.8068463657528682,-0.025595725167985868,3.100984135366255,0.20988413536625528,0.07259663635510888,65.51107014071557,-0.15512985928442902,-0.0023624004325578304,0.3184214853230984,-0.004178514676901612,-0.012952618341294521,29.475253985005043,-4.033046014994955,0.12035961284204079,0.5602378159761429,0.0028378159761428545,0.005091166085652771,0.9815788209438324,0.0034788209438324502,0.0035567129576039775,0.10492570400238037,0.0018257040023803711,0.01770808925684162,0.758710584079586,-0.036189415920414025,-0.0455270045545528,83.784,10.679000000000002,0.1460775596744409,1.803939363599056,0.21163936359905589,-0.1329142520875814
218,2026-07-27T04:35:31+00:00,2026-07-27T04:41:55+00:00,383.775,453a29c86696c4dc4decef25f15366c77fa1abab98926b434d5346085c0591a1,"Natural high-quality faithful restoration of the input video, preserving the original scene and motion while improving clean credible detail, stable edges, realistic color, and perceptual quality without invented content.","flickering, temporal inconsistency, unstable details, hallucinated textures, oversharpening, ringing artifacts, color shifts, ghosting, motion trails, warped structures, plastic texture, excessive smoothing, noise amplification",0.650000,Low-CFG fidelity prompt with artifact-focused negative prompt.,,prompt_negative_cfg,0,0,completed,,a62284351d3d47c0f160748d8551cbe0bb1b10fec72724915452fe546884da3d,results_test/UDM10,2.2161323762253025,2,2,0.1345693846671807,0,0,26.519569384667182,0.1345693846671807,0.00510022303078191,0.7840986206760344,0.010198620676034387,0.013178215113108136,0.2508598123827288,0.0016598123827288036,-0.006660563333582679,0.12520772064885785,0.008507720648857853,-0.07290249056433465,0.39504194822042216,-0.011758051779577838,-0.028903765436523694,0.5574693028965303,-0.0062306971034696845,-0.011053214659339516,4.933003564610643,0.37320356461064286,-0.08184647673376964,32.321860610908445,0.7991606109084444,-0.025351908653397214,3.1004824776803295,0.2093824776803297,0.07242311842562682,65.50077950262255,-0.165420497377454,-0.002519111771009347,0.31854395969740806,-0.0040560403025919345,-0.01257297055980141,29.456996204007055,-4.051303795992943,0.12090448623155886,0.5544331401586533,-0.002966859841346703,-0.0053226764286808444,0.9816084444522858,0.0035084444522858194,0.0035869997467394125,0.10245890486985446,-0.0006410951301455414,-0.006218187489287502,0.7582059651524119,-0.03669403484758815,-0.04616182519510398,83.758,10.652999999999992,0.1457219068463168,1.8037482826912306,0.2114482826912305,-0.13279424900535736
219,2026-07-27T04:41:56+00:00,2026-07-27T04:48:18+00:00,382.066,07ce6facf73b24160828eb536696fff6d39c9b269d32ff19047033cb7612e044,"Natural high-quality faithful restoration of the input video, preserving the original scene and motion while improving clean credible detail, stable edges, realistic color, and perceptual quality without invented content.","flickering, temporal inconsistency, unstable details, hallucinated textures, oversharpening, ringing artifacts, color shifts, ghosting, motion trails, warped structures, plastic texture, excessive smoothing, noise amplification",0.700000,Low-CFG fidelity prompt with artifact-focused negative prompt.,,prompt_negative_cfg,0,0,completed,,f7c3f17796acb3a2e0d36b2eb3239c22d972ef6319316f656bb687f311605ecd,results_test/UDM10,2.2159436428022223,2,2,0.1338842281218504,0,0,26.518884228121852,0.1338842281218504,0.005074255376988835,0.7841084955412371,0.01020849554123704,0.013190974985446491,0.2508610681180031,0.0016610681180031228,-0.006665602399691504,0.12529329580645407,0.008593295806454071,-0.07363578240320541,0.39496089220047,-0.011839107799530013,-0.0291030181896018,0.5571559549339355,-0.00654404506606443,-0.011609091832649335,4.929428024366861,0.36962802436686104,-0.08106233263890106,32.33427918466726,0.8115791846672593,-0.025745865191346532,3.1002125563160066,0.20911255631600678,0.072329755565704,65.4949950679656,-0.17120493203439935,-0.002607200234434143,0.3185275149201193,-0.004072485079880672,-0.012623946310851434,29.454972987021165,-4.0533270129788335,0.12096486580873496,0.5612411558628082,0.0038411558628081988,0.006891201763200931,0.9815567433834076,0.0034567433834076233,0.003534141072904226,0.1063237328082323,0.0032237328082323075,0.03126801947848989,0.7443642234086303,-0.05053577659136976,-0.06357501143712387,83.852,10.747,0.14700772860953423,1.8019257831959596,0.2096257831959596,-0.1316496785756199
220,2026-07-27T04:48:18+00:00,2026-07-27T04:54:43+00:00,384.185,ffee4935c85a4eea5b511a5a275075897faba0a384bb6aef4a532c8f6c273f92,"Natural high-quality faithful restoration of the input video, preserving the original scene and motion while improving clean credible detail, stable edges, realistic color, and perceptual quality without invented content.","blur, flickering, temporal inconsistency, ghosting, warped structures, hallucinated textures, oversharpening, ringing artifacts, compression artifacts, color shifts, plastic texture, noise amplification",0.450000,Low-CFG fidelity prompt with artifact-focused negative prompt.,,prompt_negative_cfg,0,0,completed,,24b83688316e84447005f2f2840edea2bd5d035f74346a4b3f193a652d9feb5d,results_test/UDM10,2.2163115466903145,2,2,0.12920398835212765,0,0,26.51420398835213,0.12920398835212765,0.004896872781964284,0.7840915695717702,0.010191569571770143,0.013169103982129659,0.2505391496083429,0.0013391496083428878,-0.005373794576014799,0.12496992138124281,0.008269921381242815,-0.07086479332684503,0.39518462419509887,-0.011615375804901129,-0.028553037868488517,0.5575551713666609,-0.0061448286333390945,-0.01090088457218218,4.92861054291277,0.3688105429127697,-0.08088305252703401,32.29796871131927,0.7752687113192707,-0.024593981839095974,3.1085689317795535,0.21746893177955373,0.07522013482050215,65.56669734831779,-0.09950265168221506,-0.0015152795758276716,0.31877688186303266,-0.0038231181369673406,-0.01185095516728872,29.60877724924395,-3.8995227507560486,0.11637483103458095,0.5513734370470047,-0.006026562952995307,-0.010811917748466644,0.9814627707004547,0.0033627707004547647,0.0034380643088178764,0.10101843699812889,-0.002081563001871109,-0.020189747835801252,0.7453674654259871,-0.049532534574012965,-0.062312913038134306,83.736,10.631,0.14542096983790437,1.8170646200936365,0.2247646200936364,-0.14115720661535916
221,2026-07-27T04:54:43+00:00,2026-07-27T05:00:56+00:00,372.693,fe6ab6ab358945057fe08d31bbe6801857069a1952a3ef52e4d863465006cb7f,"Natural high-quality faithful restoration of the input video, preserving the original scene and motion while improving clean credible detail, stable edges, realistic color, and perceptual quality without invented content.","blur, flickering, temporal inconsistency, ghosting, warped structures, hallucinated textures, oversharpening, ringing artifacts, compression artifacts, color shifts, plastic texture, noise amplification",0.500000,Low-CFG fidelity prompt with artifact-focused negative prompt.,,prompt_negative_cfg,0,0,completed,,0bc24ca5ed34a56158c709fc6ad8c9dfeb2bf506d643e581a3511c3d5483355d,results_test/UDM10,2.2162431329147485,2,2,0.12925297644829925,0,0,26.5142529764483,0.12925297644829925,0.004898729446590837,0.7841024642148355,0.010202464214835505,0.013183181567173413,0.25059460867797173,0.001394608677971726,-0.005596343009517359,0.12505870980601158,0.008358709806011583,-0.0716256195887882,0.3953697527127881,-0.01143024728721187,-0.02809795301674501,0.5574885016487491,-0.006211498351250899,-0.011019156202325527,4.927135891054631,0.3673358910546307,-0.08055964977732152,32.309242997820235,0.7865429978202343,-0.02495163795678144,3.1057651696666597,0.21466516966665994,0.07425034404436372,65.55720261604554,-0.10899738395445979,-0.0016598704349339505,0.3187626397657779,-0.003837360234222098,-0.011895103019907309,29.585305490801414,-3.9229945091985847,0.11707530698956929,0.5589457094669342,0.0015457094669342197,0.002773070446598887,0.98138267993927,0.0032826799392700057,0.0033561802875677394,0.10533340536057949,0.0022334053605794907,0.021662515621527552,0.7483814092615628,-0.04651859073843723,-0.05852131178568024,83.79,10.685000000000002,0.14615963340400795,1.8110839625781714,0.21878396257817134,-0.13740121998252297
222,2026-07-27T05:00:56+00:00,2026-07-27T05:07:12+00:00,375.275,d03a5053eee0d6bb6dd146dccc9b06af5929f63c87296bb1ccd0d3362d0094fd,"Natural high-quality faithful restoration of the input video, preserving the original scene and motion while improving clean credible detail, stable edges, realistic color, and perceptual quality without invented content.","blur, flickering, temporal inconsistency, ghosting, warped structures, hallucinated textures, oversharpening, ringing artifacts, compression artifacts, color shifts, plastic texture, noise amplification",0.550000,Low-CFG fidelity prompt with artifact-focused negative prompt.,,prompt_negative_cfg,0,0,completed,,d4fe4b3cfadc7fdf894a36a827b8e3679dc477ee99115a5a658bd43ddf5b6cb9,results_test/UDM10,2.216387581948227,2,2,0.1292851121963956,0,0,26.514285112196397,0.1292851121963956,0.004899947401796308,0.7841175328238159,0.010217532823815878,0.01320265256986158,0.25063677595988393,0.0014367759598839236,-0.005765553611091186,0.1251319923708516,0.008431992370851599,-0.07225357644260154,0.3954604091182832,-0.011339590881716821,-0.027875100495862393,0.5576580701335784,-0.006041929866421603,-0.010718342853329082,4.929841011673184,0.3700410116731838,-0.08115290400306675,32.30974367740177,0.7870436774017691,-0.02496752110072326,3.1056926892649743,0.21459268926497455,0.07422527386288076,65.55379077542213,-0.11240922457787406,-0.0017118277679822199,0.31876202985163654,-0.0038379701483634565,-0.011896993640308298,29.565794323336696,-3.942505676663302,0.11765758563291191,0.5591447532176972,0.0017447532176971814,0.0031301636485417676,0.981588351726532,0.0034883517265320574,0.0035664571378509944,0.10296224243938923,-0.00013775756061076838,-0.0013361548070879572,0.7594426273518741,-0.035457372648125984,-0.04460607956739965,83.85499999999999,10.749999999999986,0.14704876547431756,1.808983101048701,0.21668310104870092,-0.13608183197180238
223,2026-07-27T05:07:12+00:00,2026-07-27T05:13:28+00:00,376.31,69498d4b028a74c07db55af24b3d7eded9ab93e92e9fb7853f6238622dab88fb,"Natural high-quality faithful restoration of the input video, preserving the original scene and motion while improving clean credible detail, stable edges, realistic color, and perceptual quality without invented content.","blur, flickering, temporal inconsistency, ghosting, warped structures, hallucinated textures, oversharpening, ringing artifacts, compression artifacts, color shifts, plastic texture, noise amplification",0.600000,Low-CFG fidelity prompt with artifact-focused negative prompt.,,prompt_negative_cfg,0,0,completed,,99b0ef2ddb74bf1afec7af0093840e97533ecf4752341c2fd3029a03083751fa,results_test/UDM10,2.216322824808963,2,2,0.12895434102704328,0,0,26.513954341027045,0.12895434102704328,0.004887411067919017,0.7841215868436208,0.010221586843620734,0.013207890998346987,0.2506726920604706,0.0014726920604705984,-0.005909679215371583,0.1251851370257716,0.00848513702577161,-0.07270897194320146,0.39528386410205596,-0.011516135897944035,-0.02830908529484768,0.5575473334520094,-0.006152666547990626,-0.010914788979937248,4.931080266464297,0.37128026646429735,-0.08142468232472858,32.31283269469814,0.7901326946981371,-0.02506551452439471,3.1059575588472432,0.21485755884724345,0.07431688936641537,65.53892668447187,-0.1272733155281287,-0.0019381860915985499,0.3187755398452282,-0.0038244601547717805,-0.011855115172882147,29.55346364667339,-3.954836353326609,0.11802557435998273,0.5615998327732086,0.004199832773208567,0.0075346838414219,0.9814824879169464,0.0033824879169463973,0.0034582230006608705,0.10490399226546288,0.0018039922654628782,0.01749750014997942,0.7514601162106705,-0.0434398837893295,-0.05464823724912505,83.906,10.801000000000002,0.1477463921756378,1.8072920574437983,0.21499205744379823,-0.13501981878025388
224,2026-07-27T05:13:29+00:00,2026-07-27T05:30:14+00:00,1004.447,9e52253995881297c37aa98420ce9be93441c317150f0a987524bb3f7862e3c7,"Natural high-quality faithful restoration of the input video, preserving the original scene and motion while improving clean credible detail, stable edges, realistic color, and perceptual quality without invented content.","blur, flickering, temporal inconsistency, ghosting, warped structures, hallucinated textures, oversharpening, ringing artifacts, compression artifacts, color shifts, plastic texture, noise amplification",0.650000,Low-CFG fidelity prompt with artifact-focused negative prompt.,,prompt_negative_cfg,0,0,completed,,5ae1c3b95b1d64c78bf083a39077245ab20ee62a6b2e6eec0b072a7d0497b497,results_test/UDM10,2.2162345545072073,2,2,0.12850395448746355,0,0,26.513503954487465,0.12850395448746355,0.004870341272975688,0.7841210665132178,0.010221066513217747,0.013207218649977705,0.2507325159445886,0.0015325159445886138,-0.006149742955813057,0.12526265267402897,0.008562652674028975,-0.07337320200538967,0.3952739920346967,-0.011526007965303287,-0.028333352913724894,0.5574970570302777,-0.006202942969722236,-0.011003979013166998,4.931062343086423,0.37126234308642303,-0.08142075158700447,32.340968164301124,0.8182681643011236,-0.025958060835560518,3.1054487939803836,0.21434879398038387,0.07414091314046,65.52759085624449,-0.13860914375551658,-0.0021108141441946783,0.3187814002796527,-0.0038185997203473154,-0.01183694891614171,29.529386261970767,-3.978913738029231,0.11874412423277908,0.562434870004654,0.0050348700046539685,0.00903277718811261,0.9814992785453797,0.0033992785453796914,0.0034753895771185888,0.1065293662250042,0.003429366225004199,0.03326252400586032,0.7571346743604164,-0.03776532563958368,-0.04750953030517509,83.8,10.694999999999993,0.14629642295328626,1.8100552320296022,0.21775523202960212,-0.13675515419807957
225,2026-07-27T05:30:14+00:00,2026-07-27T05:53:31+00:00,1397.35,bc1a257c4c9ee17621400bb98cbe3e57d8cd467a972d90d696816dde7a58c01b,"Natural high-quality faithful restoration of the input video, preserving the original scene and motion while improving clean credible detail, stable edges, realistic color, and perceptual quality without invented content.","blur, flickering, temporal inconsistency, ghosting, warped structures, hallucinated textures, oversharpening, ringing artifacts, compression artifacts, color shifts, plastic texture, noise amplification",0.700000,Low-CFG fidelity prompt with artifact-focused negative prompt.,,prompt_negative_cfg,0,0,completed,,29149f26af52dea8552186477f8ddd8883025b8318e90b382ef07c9430addf97,results_test/UDM10,2.216345754263122,2,2,0.12828407410652432,0,0,26.513284074106526,0.12828407410652432,0.004862007735703024,0.7841234942723636,0.010223494272363576,0.013210355695003975,0.2507543429491982,0.0015543429491981786,-0.006237331256814521,0.12528830593632115,0.00858830593632115,-0.07359302430438004,0.39539360913538163,-0.011406390864618365,-0.028039308910074646,0.5576585927317219,-0.006041407268278065,-0.01071741576774537,4.934840023832113,0.37504002383211255,-0.08224922668365116,32.326238452331445,0.8035384523314448,-0.025490787665125286,3.103841241328947,0.21274124132894734,0.07358487818786875,65.52030104360274,-0.1458989563972608,-0.002221827308375706,0.31876289945456293,-0.0038371005454370666,-0.011894298032972928,29.51414283014113,-3.9941571698588696,0.11919903933827947,0.5574760377407074,7.603774070741309e-05,0.00013641503535596178,0.9814038515090943,0.003303851509094291,0.003377825896221543,0.10451467465609313,0.001414674656093129,0.013721383667246644,0.7648905986040392,-0.030009401395960866,-0.03775242344440919,83.78599999999999,10.680999999999983,0.14610491758429633,1.810566139150372,0.21826613915037196,-0.137076015292578
226,2026-07-27T05:53:32+00:00,2026-07-27T06:04:36+00:00,663.954,fde059bc55dfdb1e812d6718033b8a599fe0cac77eb781154d82111cf4af390b,"Natural high-quality faithful restoration of the input video, preserving the original scene and motion while improving clean credible detail, stable edges, realistic color, and perceptual quality without invented content.","unstable edges, temporal jitter, motion trails, ghosting, hallucinated details, fake textures, oversharpening, ringing, color shifts, excessive smoothing, noise amplification, distorted structures",0.450000,Low-CFG fidelity prompt with artifact-focused negative prompt.,,prompt_negative_cfg,0,0,completed,,d123a2bf5a536dfdcdb98e7c75cdb60be67d9d9edde2470b5f737f3f7fb50cdb,results_test/UDM10,2.214529127053816,2,2,0.13749321476105436,0,0,26.522493214761056,0.13749321476105436,0.0052110371332595926,0.7841611982308593,0.010261198230859248,0.013259075114173985,0.2508898263496738,0.0016898263496737675,-0.006781004613458136,0.12545528161910274,0.008755281619102745,-0.07502383563926945,0.3947121239958271,-0.012087876004172882,-0.029714542783119177,0.5574124940941411,-0.0062875059058589144,-0.011153993091819966,4.936088729780044,0.37628872978004413,-0.08252307771833066,32.39433658059643,0.8716365805964301,-0.02765107622749416,3.0917734234563765,0.20067342345637673,0.06941075142899822,65.43978330550655,-0.2264166944934516,-0.003447994470419357,0.3176935298067908,-0.0049064701932092225,-0.015209145050245575,29.505067099294354,-4.003232900705644,0.11946988957081213,0.5555096000432969,-0.0018903999567031482,-0.0033914602739561323,0.9814419150352478,0.0033419150352478333,0.0034167416779959446,0.10270924717187882,-0.00039075282812117695,-0.003790037130176304,0.7548363968784425,-0.040063603121557545,-0.05040080905970253,83.82300000000001,10.718000000000004,0.1466110389166268,1.80446472959981,0.21216472959980992,-0.1332441936819757
227,2026-07-27T06:04:37+00:00,2026-07-27T06:22:29+00:00,1071.812,38f3d7af6176b7e2e5bf718eaf3bd23840b61715a04688559063ddba068272f1,"Natural high-quality faithful restoration of the input video, preserving the original scene and motion while improving clean credible detail, stable edges, realistic color, and perceptual quality without invented content.","unstable edges, temporal jitter, motion trails, ghosting, hallucinated details, fake textures, oversharpening, ringing, color shifts, excessive smoothing, noise amplification, distorted structures",0.500000,Low-CFG fidelity prompt with artifact-focused negative prompt.,,prompt_negative_cfg,0,0,completed,,0b433ac0242b87e43f66c2a868e026c0bfc32846a3aff855a063f104a3a2feb9,results_test/UDM10,2.2145227199156543,2,2,0.13578876495361314,0,0,26.520788764953615,0.13578876495361314,0.005146437936464398,0.7841505218811451,0.010250521881145058,0.013245279598326732,0.25091975831216384,0.0017197583121638382,-0.006901116822487312,0.12550593133895627,0.008805931338956269,-0.07545785209045645,0.3944072942579947,-0.012392705742005294,-0.030463878421841922,0.5570964002801526,-0.006603599719847364,-0.011714741386991953,4.9357793040596025,0.37597930405960245,-0.08245521822439635,32.39455542058887,0.8718554205888722,-0.02765801852597881,3.093061312936967,0.20196131293696729,0.06985621837258044,65.44905385663434,-0.2171461433656674,-0.0033068175616324286,0.3178456132931094,-0.004754386706890601,-0.014737714528489154,29.497892908896166,-4.010407091103833,0.11968399146193132,0.5628011077642441,0.005401107764244073,0.009689823760753629,0.9814295709133148,0.003329570913314872,0.00340412116686931,0.10633542053401471,0.00323542053401471,0.031381382483168865,0.7459254926581848,-0.0489745073418153,-0.06161090368828192,83.875,10.769999999999996,0.14732234457287458,1.8045302218524735,0.21223022185247342,-0.1332853242808977
228,2026-07-27T06:22:29+00:00,2026-07-27T06:29:25+00:00,415.95,3c99f9455753fe3069afc3e05bc7e06517a949e1339df4d4bbc9229be4e8a702,"Natural high-quality faithful restoration of the input video, preserving the original scene and motion while improving clean credible detail, stable edges, realistic color, and perceptual quality without invented content.","unstable edges, temporal jitter, motion trails, ghosting, hallucinated details, fake textures, oversharpening, ringing, color shifts, excessive smoothing, noise amplification, distorted structures",0.550000,Low-CFG fidelity prompt with artifact-focused negative prompt.,,prompt_negative_cfg,0,0,completed,,4635c82580d0a327b37b222befbefa363236e67f7d6ec02f4618062e05f300f1,results_test/UDM10,2.214785958697288,2,2,0.13409210451187548,0,0,26.519092104511877,0.13409210451187548,0.005082133959138733,0.7841420718027786,0.010242071802778585,0.013234360773715705,0.2509467351100137,0.0017467351100136919,-0.007009370425416099,0.12554355955892996,0.008843559558929959,-0.07578028756580941,0.3949304489358779,-0.011869551064122075,-0.029177854139926438,0.5570908436852117,-0.0066091563147883114,-0.011724598748959219,4.935357477210708,0.375557477210708,-0.08236270827902714,32.40240638463362,0.8797063846336215,-0.027907076000267157,3.0930266649492326,0.20192666494923284,0.06984423401101064,65.44955776583764,-0.2166422341623644,-0.003299143762885082,0.3179892111689814,-0.00461078883101862,-0.014292587820888467,29.485335811491932,-4.022964188508066,0.12005873734292895,0.5511186093091964,-0.006281390690803579,-0.011269089865094329,0.9811672687530517,0.003067268753051744,0.003135945969790148,0.10039500929415227,-0.002704990705847732,-0.02623657328659294,0.7717632957084184,-0.023136704291581656,-0.029106433880465032,83.873,10.768,0.14729498666301893,1.8026704403503875,0.21037044035038743,-0.13211733991734437
229,2026-07-27T06:29:26+00:00,2026-07-27T06:36:12+00:00,405.985,05252527e331a221732076a8d31149305ff82861e0ca858e63c3142f003318cd,"Natural high-quality faithful restoration of the input video, preserving the original scene and motion while improving clean credible detail, stable edges, realistic color, and perceptual quality without invented content.","unstable edges, temporal jitter, motion trails, ghosting, hallucinated details, fake textures, oversharpening, ringing, color shifts, excessive smoothing, noise amplification, distorted structures",0.600000,Low-CFG fidelity prompt with artifact-focused negative prompt.,,prompt_negative_cfg,0,0,completed,,2876112ad07d7093eb41f49d777adef2964146b2220bdf89b700bdda9ef59e80,results_test/UDM10,2.2149771959450857,2,2,0.1335804797757021,0,0,26.518580479775704,0.1335804797757021,0.005062743216816452,0.7841488340197242,0.010248834019724207,0.01324309861703606,0.2509513650450014,0.0017513650450013685,-0.007027949618785587,0.12551680976344695,0.008816809763446953,-0.07555106909551802,0.39496338545314724,-0.011836614546852753,-0.029096889249883857,0.5572847915272559,-0.006415208472744127,-0.011380536584609061,4.935485952036661,0.3756859520366609,-0.08239088381873347,32.41437192856047,0.89167192856047,-0.028286660995424564,3.095117504365983,0.2040175043659831,0.07056743259174124,65.4489410154281,-0.21725898457189885,-0.003308535967847977,0.31803823745539117,-0.004561762544608827,-0.014140615451360283,29.471013026083664,-4.037286973916334,0.12048617727298414,0.5572849571704864,-0.00011504282951357858,-0.00020639187210903944,0.9813585102558136,0.0032585102558135848,0.003331469436472329,0.10359776504337788,0.0004977650433778819,0.004827982961958117,0.7553908522334185,-0.03950914776658154,-0.049703293202392175,83.84,10.735,0.14684358115040008,1.8021453773447622,0.20984537734476216,-0.13178758861066517
230,2026-07-27T06:36:15+00:00,2026-07-27T06:42:50+00:00,395.669,0f77c554326253ef45519e1acee854ed1bdb2fec1e4baea4d57d8c50939387f6,"Natural high-quality faithful restoration of the input video, preserving the original scene and motion while improving clean credible detail, stable edges, realistic color, and perceptual quality without invented content.","unstable edges, temporal jitter, motion trails, ghosting, hallucinated details, fake textures, oversharpening, ringing, color shifts, excessive smoothing, noise amplification, distorted structures",0.650000,Low-CFG fidelity prompt with artifact-focused negative prompt.,,prompt_negative_cfg,0,0,completed,,2d20b6d8ce800fd1c56f6488157cab3f677e200c253b449b8b3efe580388418b,results_test/UDM10,2.2150420652040292,2,2,0.1328413637222745,0,0,26.517841363722276,0.1328413637222745,0.005034730480283286,0.7841522913652481,0.010252291365248078,0.013247566048905644,0.25096559231319737,0.0017655923131973672,-0.00708504138522218,0.12554846809756373,0.008848468097563733,-0.07582234873662154,0.39484365721864084,-0.011956342781359153,-0.029391206443852392,0.5570960125615521,-0.0066039874384479225,-0.011715429197175666,4.935381192822602,0.37558119282260183,-0.08236790929922405,32.39951049041504,0.8768104904150391,-0.027815209053001142,3.0952580824975042,0.20415808249750445,0.07061605703625072,65.45263822001795,-0.21356177998205794,-0.0032522329597579566,0.3181446332844996,-0.004455366715500397,-0.013810808169561059,29.465078440020157,-4.043221559979841,0.12066328521530013,0.5518920749425889,-0.005507925057411156,-0.009881458660586932,0.9814354538917541,0.0033354538917541587,0.0034101358672468654,0.10066679492592812,-0.0024332050740718814,-0.023600437187894098,0.7607988523657027,-0.03410114763429739,-0.04289992154270649,83.84,10.735,0.14684358115040008,1.8030060852955405,0.21070608529554047,-0.13232813244711453
231,2026-07-27T06:42:51+00:00,2026-07-27T06:49:04+00:00,372.771,357de724d09fae5bd4a3603ee537bea81bb5789788bc7bc5645a1a368de9ea93,"Natural high-quality faithful restoration of the input video, preserving the original scene and motion while improving clean credible detail, stable edges, realistic color, and perceptual quality without invented content.","unstable edges, temporal jitter, motion trails, ghosting, hallucinated details, fake textures, oversharpening, ringing, color shifts, excessive smoothing, noise amplification, distorted structures",0.700000,Low-CFG fidelity prompt with artifact-focused negative prompt.,,prompt_negative_cfg,0,0,completed,,35496eac631f3c9f20b1acc7a0cf83c12e19cb0f264f91aeb28e6d6bb36e6ee8,results_test/UDM10,2.215229866531175,2,2,0.1323571125153542,0,0,26.517357112515356,0.1323571125153542,0.005016377203538154,0.7841548081943529,0.010254808194352871,0.013250818186268085,0.25096252971599176,0.0017625297159917508,-0.007072751669308791,0.1255699549951861,0.008869954995186113,-0.07600646953886987,0.3949751312694242,-0.01182486873057581,-0.02906801556188744,0.5574187712323282,-0.006281228767671787,-0.011142857490991285,4.93404210082276,0.37424210082275966,-0.0820742358925303,32.412726918844946,0.8900269188449457,-0.028234476071051836,3.0966315696316378,0.205531569631638,0.07109113127585971,65.4584730579007,-0.2077269420992991,-0.003163376929063949,0.3181866292511263,-0.004413370748873713,-0.013680628483799482,29.460253118699598,-4.048046881300401,0.12080728897916042,0.5547139078378678,-0.0026860921621322253,-0.004818966921658101,0.9814769089221954,0.003376908922195443,0.0034525190902724087,0.10174568761140108,-0.0013543123885989133,-0.013135910655663564,0.7569289403457875,-0.03797105965421255,-0.04776834778489438,83.857,10.751999999999995,0.1470761233841734,1.798318923683837,0.206018923683837,-0.12938449016129938
232,2026-07-27T06:49:05+00:00,2026-07-27T06:55:28+00:00,383.588,fdfcb276212d94583601932d7f8cddfacf6687995cfd30fad3b9336377f999b8,"Natural high-quality faithful restoration of the input video, preserving the original scene and motion while improving clean credible detail, stable edges, realistic color, and perceptual quality without invented content.","flickering, unstable details, temporal inconsistency, warped structures, ghosting, motion trails, plastic texture, excessive smoothing, oversharpening, ringing artifacts, noise, color shifts",0.450000,Low-CFG fidelity prompt with artifact-focused negative prompt.,,prompt_negative_cfg,0,0,completed,,d6d7b9e91eee22ee42244ea9f82b71c3be73c8ac085237027d5a682be36f48ba,results_test/UDM10,2.2151121979847934,2,2,0.1414642469344578,0,0,26.52646424693446,0.1414642469344578,0.005361540531910472,0.7840837437203606,0.010183743720360572,0.013158991756506746,0.2508543670898484,0.0016543670898483687,-0.006638712238556856,0.12537158535372828,0.008671585353728278,-0.07430664399081643,0.39437501021931254,-0.012424989780687457,-0.030543239382220887,0.5569847078092637,-0.0067152921907362995,-0.0119128830774105,4.929342532835677,0.36954253283567695,-0.0810435836737745,32.26654666994687,0.7438466699468691,-0.02359717504994398,3.090990283412318,0.1998902834123184,0.0691398718177574,65.4254392070155,-0.2407607929845028,-0.003666434070869074,0.3176006849975356,-0.004999315002464422,-0.015496946690838257,29.42490510017641,-4.083394899823588,0.12186219234707785,0.5640233606100082,0.006623360610008233,0.011882598869767192,0.9813187003135682,0.00321870031356819,0.0032907681357409162,0.10813573300838471,0.00503573300838471,0.04884319115795063,0.754537211787689,-0.040362788212311096,-0.05077718985068699,83.825,10.719999999999999,0.14663839682648244,1.7984912175355319,0.20619121753553182,-0.12949269455224005
233,2026-07-27T06:55:29+00:00,2026-07-27T07:01:51+00:00,382.263,41c3e996f34e5b18c7acc318ee194a69112a8e3978419ff5129479f8c5025147,"Natural high-quality faithful restoration of the input video, preserving the original scene and motion while improving clean credible detail, stable edges, realistic color, and perceptual quality without invented content.","flickering, unstable details, temporal inconsistency, warped structures, ghosting, motion trails, plastic texture, excessive smoothing, oversharpening, ringing artifacts, noise, color shifts",0.500000,Low-CFG fidelity prompt with artifact-focused negative prompt.,,prompt_negative_cfg,0,0,completed,,ede73963a0704300cd7fbc680115d1dc1a273a8af5633d43337150f4e76fb3e7,results_test/UDM10,2.215104434782471,2,2,0.1393813668527919,0,0,26.524381366852793,0.1393813668527919,0.005282598705809812,0.7840839873559589,0.010183987355958823,0.013159306571855309,0.2508878341124904,0.0016878341124903773,-0.006773010082224628,0.125387526904383,0.008687526904383014,-0.07444324682419035,0.39445351871751966,-0.012346481282480337,-0.030350248973648814,0.5569107412330567,-0.006789258766943251,-0.012044099284980046,4.930396734408544,0.3705967344085437,-0.08127477836934595,32.3094386788893,0.7867386788893,-0.02495784558078147,3.0922675548061243,0.20116755480612447,0.06958166608077358,65.42471183038526,-0.2414881696147404,-0.0036775109510637193,0.3177335707170348,-0.004866429282965212,-0.01508502567565162,29.411437594506047,-4.096862405493951,0.1222641078626475,0.5595791548490524,0.0021791548490524004,0.003909499190980267,0.9813799858093262,0.0032799858093262024,0.003353425835115226,0.10621772594749927,0.0031177259474992752,0.03023982490299976,0.7482260192864618,-0.04667398071353823,-0.058716795462999405,83.726,10.620999999999995,0.14528418028862589,1.7983353743572181,0.20603537435721808,-0.1293948215519802
234,2026-07-27T07:01:52+00:00,2026-07-27T07:08:18+00:00,386.511,7478e9c556f245253705977db4a057e6ee01bcd5ee995ced0c6bb64c35dc5e51,"Natural high-quality faithful restoration of the input video, preserving the original scene and motion while improving clean credible detail, stable edges, realistic color, and perceptual quality without invented content.","flickering, unstable details, temporal inconsistency, warped structures, ghosting, motion trails, plastic texture, excessive smoothing, oversharpening, ringing artifacts, noise, color shifts",0.550000,Low-CFG fidelity prompt with artifact-focused negative prompt.,,prompt_negative_cfg,0,0,completed,,758143bcf681c9791c9753579481762ef5f84ec631db624818b04b40d78d0050,results_test/UDM10,2.215372460959146,2,2,0.1370790186235915,0,0,26.522079018623593,0.1370790186235915,0.005195338966215331,0.7840820845314196,0.010182084531419555,0.0131568478245504,0.2509154826162323,0.0017154826162323056,-0.006883959134158529,0.12541548148278267,0.008715481482782672,-0.0746827890555499,0.39453610984548454,-0.012263890154515455,-0.030147222602053724,0.556908528170278,-0.006791471829721951,-0.012048025243430818,4.930350009081583,0.3705500090815832,-0.08126453113767779,32.29255282289533,0.7698528228953307,-0.024422172684932787,3.0935121947719204,0.20241219477192063,0.0700121734882642,65.44182850007088,-0.22437149992911998,-0.003416849154193786,0.31786691445496773,-0.004733085545032267,-0.014671684888506719,29.410201140372987,-4.098098859627012,0.12230100779887407,0.5628901779651642,0.005490177965164156,0.00984961960022274,0.9813519060611725,0.003251906061172538,0.003324717371610815,0.10847005285322667,0.00537005285322667,0.052085866665632106,0.7438327224974614,-0.0510672775025387,-0.06424365014786601,83.807,10.701999999999998,0.14639217563778123,1.8049688798055281,0.21266887980552807,-0.1335608112827533
235,2026-07-27T07:08:19+00:00,2026-07-27T07:14:40+00:00,381.122,49126baa84490d125e539e577c897400ea4766403b4e78f643ac70abd022f646,"Natural high-quality faithful restoration of the input video, preserving the original scene and motion while improving clean credible detail, stable edges, realistic color, and perceptual quality without invented content.","flickering, unstable details, temporal inconsistency, warped structures, ghosting, motion trails, plastic texture, excessive smoothing, oversharpening, ringing artifacts, noise, color shifts",0.600000,Low-CFG fidelity prompt with artifact-focused negative prompt.,,prompt_negative_cfg,0,0,completed,,9da426cebb263bca2a577005d75d602b36853fda2c74f9be298c62537058a3b6,results_test/UDM10,2.2154361833507568,2,2,0.13635877916889783,0,0,26.5213587791689,0.13635877916889783,0.005168041658855328,0.7840949955747595,0.010194995574759447,0.013173530914536047,0.25092188857736125,0.001721888577361247,-0.0069096652382072505,0.1254259176792637,0.0087259176792637,-0.07477221661751243,0.3949509368308129,-0.011849063169187102,-0.029127490583055807,0.5572179333817574,-0.006482066618242577,-0.011499142484020893,4.928236248242052,0.3684362482420518,-0.08080096676215005,32.339358044122115,0.8166580441221143,-0.02590698271791802,3.0940683187976963,0.2029683187976965,0.0702045307314505,65.44268595787787,-0.2235140421221331,-0.0034037913282957306,0.3179749483543058,-0.0046250516456942115,-0.014336799893658436,29.416167228452615,-4.092132771547384,0.12212295973079458,0.5575001865625382,0.00010018656253818481,0.00017973907882702693,0.9815977513790131,0.003497751379013092,0.0035760672518281283,0.10285723432898522,-0.00024276567101477742,-0.0023546621824905665,0.7617125915378076,-0.03318740846219248,-0.04175041950206627,83.769,10.664000000000001,0.14587237535052322,1.7987163658593393,0.2064163658593392,-0.12963409273336632
236,2026-07-27T07:14:41+00:00,2026-07-27T07:21:30+00:00,409.655,d8a09f21f589d8c2e9110c0cddea1511894845378d4ffe771361c804b972475c,"Natural high-quality faithful restoration of the input video, preserving the original scene and motion while improving clean credible detail, stable edges, realistic color, and perceptual quality without invented content.","flickering, unstable details, temporal inconsistency, warped structures, ghosting, motion trails, plastic texture, excessive smoothing, oversharpening, ringing artifacts, noise, color shifts",0.650000,Low-CFG fidelity prompt with artifact-focused negative prompt.,,prompt_negative_cfg,0,0,completed,,0bbfc69784945a6e3028750127e8c5aa992260118d1376d2cb54a608b405b332,results_test/UDM10,2.2156116653635363,2,2,0.1352117427702879,0,0,26.52021174277029,0.1352117427702879,0.005124568609827095,0.7841070323416999,0.01020703234169984,0.013189084302493655,0.25091845035072297,0.001718450350722961,-0.006895868181071272,0.12545853968589535,0.00875853968589535,-0.07505175394940317,0.39489511198574495,-0.011904888014255044,-0.029264719799053696,0.5569634611568143,-0.006736538843185702,-0.011950574495628353,4.930342422083749,0.37054242208374877,-0.08126286724938567,32.32596462939847,0.8032646293984698,-0.02548210113342035,3.0958191575542573,0.2047191575542575,0.07081012678712516,65.45373992919922,-0.21246007080078755,-0.00323545554335088,0.31812677864105465,-0.004473221358945345,-0.013866154243475962,29.411222199470767,-4.097077800529231,0.12227053597255698,0.5550921052694321,-0.0023078947305679165,-0.004140464173964687,0.9814709544181823,0.003370954418182359,0.003446431262838523,0.10179386287927628,-0.0013061371207237216,-0.01266864326599148,0.7550242149882593,-0.039875785011740716,-0.050164530144346096,83.869,10.763999999999996,0.1472402708433075,1.7983190838519174,0.20601908385191736,-0.12938459075043482
237,2026-07-27T07:21:31+00:00,2026-07-27T07:27:41+00:00,370.337,3326c18bf12d481b5f2e6e6b248326065c2c06f5497b1ce390929775aa14474f,"Natural high-quality faithful restoration of the input video, preserving the original scene and motion while improving clean credible detail, stable edges, realistic color, and perceptual quality without invented content.","flickering, unstable details, temporal inconsistency, warped structures, ghosting, motion trails, plastic texture, excessive smoothing, oversharpening, ringing artifacts, noise, color shifts",0.700000,Low-CFG fidelity prompt with artifact-focused negative prompt.,,prompt_negative_cfg,0,0,completed,,cc076f6e6e9e3fc458182e39a5cb4314945c598b0ba6e0b02ad5080d05e3a64f,results_test/UDM10,2.215457855099032,2,2,0.13443925426851777,0,0,26.51943925426852,0.13443925426851777,0.0050952910467507205,0.7841154902417604,0.010215490241760383,0.01320001323395837,0.2509346729565051,0.0017346729565051178,-0.006960966920164999,0.12548620643154268,0.008786206431542681,-0.07528882974758082,0.39476622867007405,-0.012033771329925946,-0.029581542108962505,0.5570426099723385,-0.006657390027661525,-0.011810165030444431,4.930352896352212,0.370552896352212,-0.08126516433883328,32.344999450034436,0.8222994500344356,-0.026085946001910863,3.096035300147149,0.20493530014714922,0.0708848881557709,65.44216714674428,-0.22403285325572142,-0.003411692061604317,0.31816167406016777,-0.004438325939832233,-0.01375798493438386,29.421378843245968,-4.0869211567540304,0.12196742767475613,0.5575978755950928,0.00019787559509276686,0.0003549974795349244,0.9814765334129334,0.0033765334129334246,0.0034521351732270983,0.10494848303496837,0.0018484830349683734,0.017929030407064728,0.756738662763436,-0.03816133723656401,-0.04800772076558561,83.90900000000002,10.804000000000016,0.14778742904042153,1.800371293065837,0.20807129306583705,-0.13067342401924076
238,2026-07-27T07:27:41+00:00,2026-07-27T07:34:13+00:00,391.826,db907d473be9142d4875d73297586f9174861e424224822ea5a48745218c26ba,"Natural high-quality faithful restoration of the input video, preserving the original scene and motion while improving clean credible detail, stable edges, realistic color, and perceptual quality without invented content.","hallucinated textures, invented details, temporal flicker, ghosting, ringing artifacts, over-sharpened edges, color drift, motion-inconsistent texture, plastic surfaces, excessive denoising",0.450000,Low-CFG fidelity prompt with artifact-focused negative prompt.,,prompt_negative_cfg,0,0,completed,,c10026cb92b37689f24f5656ae1e2f385d251c441a5b3bf8b8cf3aa9ba28d67f,results_test/UDM10,2.2162745674029183,2,2,0.13735317230224453,0,0,26.522353172302246,0.13735317230224453,0.005205729478955638,0.7841833942536505,0.010283394253650435,0.013287755851725591,0.25053196933961686,0.0013319693396168508,-0.0053449812986229965,0.1250661177019919,0.008366117701991915,-0.071689097703444,0.39500654882961705,-0.01179345117038294,-0.028990784587961997,0.5574162767779443,-0.006283723222055726,-0.01114728263625284,4.93179168069495,0.3719916806949497,-0.08158070106034249,32.262198013875114,0.7394980138751137,-0.023459221890101852,3.1018590431059563,0.2107590431059565,0.07289925741273444,65.53431424786967,-0.13188575213033005,-0.002008426742073244,0.3184669783038478,-0.004133021696152206,-0.012811598562158109,29.506067682081653,-4.002232317918345,0.11944002882624143,0.5625802874565125,0.005180287456512445,0.009293662462347406,0.9815262138843537,0.0034262138843537127,0.003502928007722843,0.1068908404558897,0.0037908404558897046,0.03676857862162662,0.7542487747392066,-0.040651225260793455,-0.05114004939085854,83.724,10.619,0.14525682237877025,1.8125226855772785,0.22022268557727842,-0.13830477019234969
239,2026-07-27T07:34:14+00:00,2026-07-27T07:40:24+00:00,370.287,0483ab65f7186c56ea781d9f71c56347cf1466e8e58d6ddb05a699bce46424cd,"Natural high-quality faithful restoration of the input video, preserving the original scene and motion while improving clean credible detail, stable edges, realistic color, and perceptual quality without invented content.","hallucinated textures, invented details, temporal flicker, ghosting, ringing artifacts, over-sharpened edges, color drift, motion-inconsistent texture, plastic surfaces, excessive denoising",0.500000,Low-CFG fidelity prompt with artifact-focused negative prompt.,,prompt_negative_cfg,0,0,completed,,693c8393e5ca9f2cfda00403ec95cc0c1b48d22c246042a51dc2b79d629262d1,results_test/UDM10,2.2161054263766875,2,2,0.13602693127047516,0,0,26.521026931270477,0.13602693127047516,0.0051554645165994,0.784181352517967,0.010281352517966913,0.013285117609467519,0.2505930731373448,0.0013930731373447969,-0.005590181128991962,0.12513729833787487,0.008437298337874877,-0.07229904316945053,0.39499310005095695,-0.011806899949043048,-0.02902384451583837,0.5571813888126804,-0.006518611187319556,-0.011563972303210142,4.931206535309662,0.37140653530966183,-0.08145237407554319,32.305658924418296,0.7829589244182955,-0.024837939783657347,3.1014284853012333,0.2103284853012335,0.07275033215773702,65.52887313596662,-0.13732686403338334,-0.0020912869030548947,0.31851940039665466,-0.004080599603345336,-0.01264909982438108,29.48215056388609,-4.026149436113908,0.12015379580921468,0.5631577700376511,0.0057577700376511,0.010329691492018478,0.9816358506679534,0.0035358506679534774,0.0036150195971306385,0.10742794908583164,0.004327949085831645,0.0419781676608307,0.7505666670783923,-0.04433333292160779,-0.055772214016364056,83.74200000000002,10.637000000000015,0.14550304356747165,1.8099382558527093,0.21763825585270924,-0.13668169054368476
240,2026-07-27T07:40:25+00:00,2026-07-27T07:46:37+00:00,371.89,1d0cd1c207b9695839f8a47386efa57bb41c36b4e51ac40f84c98563a8b9c662,"Natural high-quality faithful restoration of the input video, preserving the original scene and motion while improving clean credible detail, stable edges, realistic color, and perceptual quality without invented content.","hallucinated textures, invented details, temporal flicker, ghosting, ringing artifacts, over-sharpened edges, color drift, motion-inconsistent texture, plastic surfaces, excessive denoising",0.550000,Low-CFG fidelity prompt with artifact-focused negative prompt.,,prompt_negative_cfg,0,0,completed,,9ac26a45f83e39ea874439d0a48715532aa39c775efd4e38876fbdc71e13f564,results_test/UDM10,2.2162117727682746,2,2,0.13483557670347324,0,0,26.519835576703475,0.13483557670347324,0.00511031179471189,0.7841773102179135,0.010277310217913449,0.013279894324736334,0.2506471058293696,0.0014471058293696049,-0.005807005735833085,0.12518750236880397,0.008487502368803967,-0.072729240521028,0.39508692785616845,-0.011713072143831549,-0.028793196027117867,0.557476544380188,-0.006223455619811968,-0.011040368316146831,4.933122364430945,0.3733223644309449,-0.08187253046864883,32.30649155439643,0.78379155439643,-0.024864353446767885,3.1014874527531284,0.21038745275312865,0.07277072835707124,65.52712753049789,-0.1390724695021106,-0.002117869916366572,0.3185433706689265,-0.00405662933107348,-0.012574796438541477,29.483877268145164,-4.024422731854834,0.1201022651657898,0.5596525967121124,0.00225259671211242,0.004041257108203122,0.9815817713737488,0.003481771373748832,0.0035597294486748106,0.10652381405234337,0.003423814052343377,0.033208671700711706,0.7624279027544408,-0.03247209724555922,-0.04085054377350512,83.80299999999998,10.697999999999979,0.14633745981806962,1.8081620639713947,0.21586206397139462,-0.1355662023308388
241,2026-07-27T07:46:37+00:00,2026-07-27T07:52:45+00:00,368.084,987f1dd404798a9aed30f5734650099cc570a1c14bd646e7549d39ffa1d5e889,"Natural high-quality faithful restoration of the input video, preserving the original scene and motion while improving clean credible detail, stable edges, realistic color, and perceptual quality without invented content.","hallucinated textures, invented details, temporal flicker, ghosting, ringing artifacts, over-sharpened edges, color drift, motion-inconsistent texture, plastic surfaces, excessive denoising",0.600000,Low-CFG fidelity prompt with artifact-focused negative prompt.,,prompt_negative_cfg,0,0,completed,,f6970b5eb3ace2e1d42eeb13c848d426725d2b5dd50381c5e2b667c97350299c,results_test/UDM10,2.2162636943862033,2,2,0.13414549181537794,0,0,26.51914549181538,0.13414549181537794,0.005084157355140342,0.7841791647447186,0.010279164744718572,0.013282290663804848,0.25066986826639026,0.0014698682663902563,-0.005898347778452072,0.12523837435630059,0.008538374356300588,-0.0731651615792681,0.3951022682170714,-0.0116977317829286,-0.028755486192056538,0.5576099577449984,-0.006090042255001538,-0.010803693906335884,4.930896060026037,0.3710960600260371,-0.08138428440414867,32.33330044468242,0.8106004446824215,-0.02571481645552004,3.103307142949873,0.21220714294987308,0.07340013937597216,65.52085742335166,-0.14534257664834627,-0.0022133544601080353,0.31856505111340555,-0.004034948886594447,-0.012507591092977208,29.472538117439512,-4.035761882560486,0.12044066343444718,0.5579162061214447,0.0005162061214446512,0.0009260963786233426,0.9815927743911743,0.003492774391174347,0.003570978827496521,0.10515613071620464,0.0020561307162046405,0.019943071932149763,0.7504879415470554,-0.0444120584529446,-0.05587125229959064,83.78099999999999,10.675999999999988,0.14603652280965718,1.8103817494799537,0.21808174947995362,-0.13696021445704554
242,2026-07-27T07:52:46+00:00,2026-07-27T07:59:06+00:00,379.696,f1f852730ac4dbdd6ec5a6d9022d9c524782fba3eb9ba064015694abc1cb8ba1,"Natural high-quality faithful restoration of the input video, preserving the original scene and motion while improving clean credible detail, stable edges, realistic color, and perceptual quality without invented content.","hallucinated textures, invented details, temporal flicker, ghosting, ringing artifacts, over-sharpened edges, color drift, motion-inconsistent texture, plastic surfaces, excessive denoising",0.650000,Low-CFG fidelity prompt with artifact-focused negative prompt.,,prompt_negative_cfg,0,0,completed,,650f87deeaacb98be649789086bb8419dad404e8657ee6ea792918ca5f32c2c4,results_test/UDM10,2.2161234552753575,2,2,0.13312517104609967,0,0,26.5181251710461,0.13312517104609967,0.005045486869285566,0.7841711567835776,0.010271156783577595,0.013271943123888868,0.25073156835090726,0.0015315683509072586,-0.006145940412950476,0.12528350353240966,0.008583503532409664,-0.07355187259991143,0.39489139332886664,-0.01190860667113336,-0.029273861040150836,0.5574796766042709,-0.006220323395729088,-0.01103481177173867,4.932043366203832,0.3722433662038318,-0.08163589767179083,32.33786925743067,0.8151692574306679,-0.02585975368323995,3.1018062176242953,0.21070621762429553,0.07288098565400558,65.50982554035802,-0.15637445964198093,-0.0023813538721896644,0.31864383792684925,-0.0039561620731507485,-0.012263366624769834,29.4606197234123,-4.047680276587698,0.1207963482655849,0.5573769241571427,-2.3075842857323003e-05,-4.139907222339972e-05,0.9817434668540954,0.003643466854095445,0.0037250453471991056,0.10201337933540344,-0.0010866206645965548,-0.010539482682798786,0.7498984939556587,-0.04500150604434139,-0.05661278908584902,83.75800000000001,10.653000000000006,0.145721906846317,1.8106000080782299,0.2183000080782298,-0.13709728573650054
243,2026-07-27T07:59:06+00:00,2026-07-27T08:05:35+00:00,388.639,e561068f99a1b3a59fe79ffc8e54e4872847752e34f4ba1884663996c6d860a7,"Natural high-quality faithful restoration of the input video, preserving the original scene and motion while improving clean credible detail, stable edges, realistic color, and perceptual quality without invented content.","hallucinated textures, invented details, temporal flicker, ghosting, ringing artifacts, over-sharpened edges, color drift, motion-inconsistent texture, plastic surfaces, excessive denoising",0.700000,Low-CFG fidelity prompt with artifact-focused negative prompt.,,prompt_negative_cfg,0,0,completed,,59c0cd237f38db3df87e739f2b34c1d703ca34d0c9f5c1e971e1f2fe118d51e9,results_test/UDM10,2.2161734384695593,2,2,0.1324529537077872,0,0,26.51745295370779,0.1324529537077872,0.005020009615606867,0.7841696663438811,0.010269666343881045,0.013270017242384087,0.2507543087726639,0.0015543087726639093,-0.00623719411181344,0.1253105963430097,0.008610596343009702,-0.07378403035998031,0.3953911528471978,-0.011408847152802215,-0.028045346983289615,0.5575076652150001,-0.00619233478499992,-0.01098516016498123,4.932140521812373,0.3723405218123732,-0.08165720466081258,32.356559623704214,0.833859623704214,-0.026452671367116837,3.101097150387303,0.20999715038730304,0.07263572701992427,65.5017838016633,-0.16441619833670984,-0.0025038177682995184,0.318647979320057,-0.003952020679942991,-0.012250529076078709,29.459965662802414,-4.048334337197584,0.1208158676267547,0.5628542631864548,0.005454263186454811,0.009785186915060659,0.9814859449863433,0.00338594498634337,0.003461757475046897,0.10772258192300796,0.004622581923007962,0.04483590613974745,0.7611592045487746,-0.033740795451225436,-0.04244659133378467,83.815,10.709999999999994,0.14650160727720393,1.8063705414291082,0.2140705414291082,-0.13444108612014583
244,2026-07-27T08:10:12+00:00,2026-07-27T08:18:36+00:00,503.51,aa365bdc0657c97ed149f3a5336ee6ddb81d86a1c2bf417b6969c91ae49df3f3,"忠实低失真视频恢复，保持输入视频的原始结构、运动轨迹、边缘和色彩，只恢复可信自然细节，避免重绘、幻觉纹理和时序漂移。 Faithful low-distortion video restoration preserving original structure, motion, edges, and colors with only credible natural details.","perceptual distortion, LPIPS artifacts, DISTS artifacts, temporal misalignment, warped edges, geometry drift, hallucinated texture, fake detail, flicker, ghosting, ringing, oversharpening, color drift",0.450000,Low-CFG fidelity prompt with artifact-focused negative prompt.,,prompt_negative_cfg,0,0,completed,,698d440c57162889a3ae3cafa492fc2e4ddb8a63edd1ab34c3b55356a217db28,results_test/UDM10,2.215135606688403,2,2,0.13474447311893556,0,0,26.519744473118937,0.13474447311893556,0.005106858939508643,0.7840283175825966,0.01012831758259658,0.01308737250626254,0.2507747190854242,0.0015747190854241977,-0.0063190974535481444,0.12518203835333547,0.00848203835333547,-0.07268241948016683,0.3944607334752237,-0.012339266524776293,-0.03033251358106267,0.5566526049567807,-0.007047395043219273,-0.012502031298952056,4.926029680786284,0.36622968078628393,-0.08031704916581515,32.24606933568214,0.7233693356821362,-0.022947569075051827,3.095279682836225,0.20417968283622523,0.07062352835814231,65.40710487365723,-0.2590951263427712,-0.00394563910113226,0.31717037568169254,-0.005429624318307458,-0.016830825537220886,29.424164409022183,-4.084135590977816,0.12188429705409752,0.5591751277446747,0.0017751277446746982,0.0031846568795742703,0.981309449672699,0.003209449672698983,0.0032813103697975493,0.10571390129625798,0.0026139012962579783,0.025353067858952263,0.758550042005776,-0.036349957994224025,-0.045728969674454674,83.8,10.694999999999993,0.14629642295328626,1.8024889773126538,0.21018897731265374,-0.13200337707257032
245,2026-07-27T08:18:36+00:00,2026-07-27T08:24:55+00:00,379.323,bf3c369470467c51f9e08d1e55a332b02e0e1ae1109afed77d964274bd4c6734,"忠实低失真视频恢复，保持输入视频的原始结构、运动轨迹、边缘和色彩，只恢复可信自然细节，避免重绘、幻觉纹理和时序漂移。 Faithful low-distortion video restoration preserving original structure, motion, edges, and colors with only credible natural details.","perceptual distortion, LPIPS artifacts, DISTS artifacts, temporal misalignment, warped edges, geometry drift, hallucinated texture, fake detail, flicker, ghosting, ringing, oversharpening, color drift",0.500000,Low-CFG fidelity prompt with artifact-focused negative prompt.,,prompt_negative_cfg,0,0,completed,,6f705488e0d1fe735d2b2aa9c6d80b9f51ceb6968995229e07de41e1b87b4f3f,results_test/UDM10,2.215761911389137,2,2,0.1322266191051824,0,0,26.517226619105184,0.1322266191051824,0.005011431461253834,0.7839990992215088,0.010099099221508756,0.013049617807867626,0.2507712919144861,0.0015712919144861004,-0.006305344761180178,0.12512777928383118,0.008427779283831177,-0.07221747458295781,0.39480472606035977,-0.011995273939640227,-0.02948690742291108,0.5569471575560109,-0.006752842443989104,-0.011979496973548172,4.925775613197294,0.36597561319729355,-0.08026133014546549,32.2308754670406,0.7081754670405971,-0.022465571383180918,3.0974489831155347,0.20634898311553496,0.07137386569663276,65.43688617829353,-0.2293138217064694,-0.003492113472478526,0.3173685591067037,-0.005231440893296302,-0.01621649377959176,29.400179167716733,-4.108120832283266,0.1226000970590351,0.5620589643716812,0.004658964371681229,0.008358386027415194,0.9813523113727569,0.003252311372756944,0.003325131758262902,0.10715029798448086,0.004050297984480866,0.03928514048963013,0.7564467124034175,-0.03845328759658251,-0.04837500012150271,83.904,10.798999999999992,0.14771903426578198,1.8064029413168707,0.2141029413168707,-0.13446143397404425
246,2026-07-27T08:24:56+00:00,2026-07-27T08:31:03+00:00,367.352,c34b29d0eda93486a8207b12f58fe30fca428892975369e55c284a98c573307c,"忠实低失真视频恢复，保持输入视频的原始结构、运动轨迹、边缘和色彩，只恢复可信自然细节，避免重绘、幻觉纹理和时序漂移。 Faithful low-distortion video restoration preserving original structure, motion, edges, and colors with only credible natural details.","perceptual distortion, LPIPS artifacts, DISTS artifacts, temporal misalignment, warped edges, geometry drift, hallucinated texture, fake detail, flicker, ghosting, ringing, oversharpening, color drift",0.550000,Low-CFG fidelity prompt with artifact-focused negative prompt.,,prompt_negative_cfg,0,0,completed,,76e157f202be63fb5f1b65ec7ba9d01a6f915984b515cd7fca239e642a1cd9fd,results_test/UDM10,2.2161852141398497,2,2,0.129633695540889,0,0,26.51463369554089,0.129633695540889,0.004913158822849687,0.7839687955189476,0.01006879551894757,0.013010460678314472,0.25080188339756376,0.001601883397563758,-0.006428103521523908,0.1251006153322035,0.008400615332203515,-0.07198470721682532,0.3949473193095577,-0.011852680690442319,-0.029136383211510124,0.5570549454419844,-0.006645054558015562,-0.011788281990448044,4.92437754089365,0.3645775408936496,-0.07995472189430448,32.23745496143647,0.7147549614364692,-0.022674293808476725,3.1020778117641328,0.210977811764133,0.07297492710875896,65.45020152676491,-0.21599847323508925,-0.003289340227317695,0.3175500531590754,-0.00504994684092458,-0.01565389597310781,29.39134403351814,-4.116955966481857,0.1228637670810473,0.5524248212575913,-0.004975178742408715,-0.00892568845067943,0.9814398229122162,0.0033398229122162393,0.0034146027116002857,0.1000828616321087,-0.0030171383678913033,-0.029264193674988392,0.7492949013876845,-0.04560509861231554,-0.05737212053379738,83.88000000000001,10.775000000000006,0.14739073934751393,1.8130622709334905,0.22076227093349043,-0.1386436418598822
247,2026-07-27T08:31:03+00:00,2026-07-27T08:37:09+00:00,366.01,227e187a11dd9479c5d4a046d917c43a145fdd9f6a088722d3cf95234b1921cd,"忠实低失真视频恢复，保持输入视频的原始结构、运动轨迹、边缘和色彩，只恢复可信自然细节，避免重绘、幻觉纹理和时序漂移。 Faithful low-distortion video restoration preserving original structure, motion, edges, and colors with only credible natural details.","perceptual distortion, LPIPS artifacts, DISTS artifacts, temporal misalignment, warped edges, geometry drift, hallucinated texture, fake detail, flicker, ghosting, ringing, oversharpening, color drift",0.600000,Low-CFG fidelity prompt with artifact-focused negative prompt.,,prompt_negative_cfg,0,0,completed,,293cc2b7b5fec0d2948a5622ffc500d6e4c3ea2ac5ac3898b9910572055ded34,results_test/UDM10,2.2163078615627163,2,2,0.12950315906155652,0,0,26.514503159061558,0.12950315906155652,0.004908211448230302,0.7839654938012223,0.010065493801222236,0.013006194341933371,0.2507902563819962,0.0015902563819961968,-0.006381446155682972,0.12508189908919795,0.008381899089197953,-0.07182432809938263,0.39509702704606514,-0.011702972953934854,-0.028768370093251852,0.557335281852753,-0.006364718147246928,-0.01129096708754112,4.923359606656882,0.3635596066568816,-0.07973148091075959,32.25090452991466,0.7282045299146631,-0.023100956768127828,3.1013867424380392,0.21028674243803946,0.07273589375602348,65.46630792925434,-0.19989207074566195,-0.003044063319419457,0.3176425673788594,-0.004957432621140623,-0.015367119098390027,29.387093623991934,-4.121206376008065,0.12299061354971946,0.5577066838741302,0.00030668387413024245,0.0005502042951744572,0.9815919280052186,0.003491928005218581,0.0035701134906641254,0.10279220603406429,-0.00030779396593570707,-0.0029853924921019116,0.7562657773601525,-0.038634222639847504,-0.048602620002324196,83.86999999999999,10.764999999999986,0.14725394979823522,1.8125534205076594,0.2202534205076594,-0.1383240724157881
248,2026-07-27T08:37:09+00:00,2026-07-27T08:43:13+00:00,364.108,a304790824e4c349152c717a8e457fad12e61d78ab6adafe8779a8462217e8f7,"忠实低失真视频恢复，保持输入视频的原始结构、运动轨迹、边缘和色彩，只恢复可信自然细节，避免重绘、幻觉纹理和时序漂移。 Faithful low-distortion video restoration preserving original structure, motion, edges, and colors with only credible natural details.","perceptual distortion, LPIPS artifacts, DISTS artifacts, temporal misalignment, warped edges, geometry drift, hallucinated texture, fake detail, flicker, ghosting, ringing, oversharpening, color drift",0.650000,Low-CFG fidelity prompt with artifact-focused negative prompt.,,prompt_negative_cfg,0,0,completed,,f6aa5be81b1085623a38deec4e4ed2af9730f9ec2a93f2e70c3d9fb004912f32,results_test/UDM10,2.2166437678042263,2,2,0.12824469658636062,0,0,26.513244696586362,0.12824469658636062,0.004860515315003245,0.7839494816109811,0.01004948161098107,0.01298550408448258,0.25080016067912503,0.0016001606791250234,-0.006421190526183881,0.12507935147131644,0.008379351471316437,-0.07180249761196604,0.3953655531810177,-0.011434446818982313,-0.028108276349514044,0.5573034277846737,-0.006396572215326302,-0.0113474759895801,4.922073380259132,0.3622733802591318,-0.07944940134635989,32.259244262002674,0.7365442620026741,-0.02336551951459342,3.103733005446772,0.21263300544677222,0.0735474405751348,65.4838760129867,-0.1823239870133051,-0.0027765271481112823,0.31775508950794895,-0.004844910492051047,-0.01501832142607268,29.36751000189012,-4.140789998109877,0.12357505448231863,0.5571185797452927,-0.000281420254707343,-0.0005048802560232203,0.9814619243144989,0.0033619243144988875,0.003437198971985367,0.10365888327360154,0.0005588832736015403,0.005420788298754029,0.7585419159566146,-0.036358084043385475,-0.04573919240581894,83.845,10.739999999999995,0.14691197592503924,1.808536829824637,0.21623682982463688,-0.13580156366553844
249,2026-07-27T08:43:14+00:00,2026-07-27T08:49:24+00:00,369.992,e2fe80f69e2899b5f6cb662ef430c8677da8fda64136d44bee2b49d4e3022d5a,"忠实低失真视频恢复，保持输入视频的原始结构、运动轨迹、边缘和色彩，只恢复可信自然细节，避免重绘、幻觉纹理和时序漂移。 Faithful low-distortion video restoration preserving original structure, motion, edges, and colors with only credible natural details.","perceptual distortion, LPIPS artifacts, DISTS artifacts, temporal misalignment, warped edges, geometry drift, hallucinated texture, fake detail, flicker, ghosting, ringing, oversharpening, color drift",0.700000,Low-CFG fidelity prompt with artifact-focused negative prompt.,,prompt_negative_cfg,0,0,completed,,7337d3d8059ad866636931f2d21a8c957d2eb6bb2281c29c78b96735a0c1d41b,results_test/UDM10,2.216710113679734,2,2,0.1278337798580047,0,0,26.512833779858006,0.1278337798580047,0.004844941438620606,0.7839443734592051,0.010044373459205058,0.012978903552403486,0.25077720793985553,0.0015772079398555239,-0.006329084830880914,0.12503393907700816,0.008333939077008162,-0.07141335970015564,0.39536593787131774,-0.011434062128682254,-0.028107330699808884,0.5572912033527129,-0.006408796647287107,-0.01136916204947154,4.921399671643135,0.3615996716431349,-0.07930165174857118,32.27331797654236,0.7506179765423582,-0.02381198236643302,3.104409150538906,0.21330915053890642,0.07378131179789922,65.48718027914722,-0.17901972085277862,-0.002726208016495223,0.31786048998755795,-0.00473951001244205,-0.014691599542597798,29.356763482862902,-4.151536517137096,0.12389576663504553,0.5615835517644883,0.004183551764488258,0.0075054749990819125,0.9814996242523193,0.003399624252319322,0.003475743024557123,0.10529695563018322,0.0021969556301832255,0.021308977984318387,0.7524027708565179,-0.042497229143482196,-0.05346235896777229,83.75399999999999,10.648999999999987,0.14566719102660539,1.807940711587435,0.21564071158743503,-0.135427188084805
250,2026-07-27T08:49:24+00:00,2026-07-27T08:55:37+00:00,372.325,10cf48392972500bdbb960e6067ccda4f15a09356a48fe42732923a019747c39,"忠实低失真视频恢复，保持输入视频的原始结构、运动轨迹、边缘和色彩，只恢复可信自然细节，避免重绘、幻觉纹理和时序漂移。 Faithful low-distortion video restoration preserving original structure, motion, edges, and colors with only credible natural details.","感知失真, 时序错位, 几何扭曲, 边缘漂移, 幻觉纹理, 虚假细节, 闪烁, 鬼影, 振铃, 过锐化, 颜色漂移, 噪声放大",0.450000,Low-CFG fidelity prompt with artifact-focused negative prompt.,,prompt_negative_cfg,0,0,completed,,85d1d3b1696d6e6ea0487fa49fb2668dce6e515dd7861c2a60b3095fb28cdde7,results_test/UDM10,2.216922673614791,2,2,0.13385112639396013,0,0,26.51885112639396,0.13385112639396013,0.00507300081083798,0.7840310902630461,0.010131090263046039,0.013090955243631009,0.25044160795307924,0.0012416079530792323,-0.004982375413640579,0.12473205039578099,0.00803205039578099,-0.06882648154053976,0.3952187215128252,-0.011581278487174773,-0.02846921948666365,0.5576151650759481,-0.006084834924051874,-0.010794456136334707,4.920205302341039,0.3604053023410385,-0.07903971716764738,32.18747695605223,0.6647769560522292,-0.021088833001368195,3.1029088797107818,0.211808879710782,0.07326238445947286,65.542729297761,-0.12347070223900403,-0.0018802778634823397,0.3181265734616787,-0.004473426538321279,-0.013866790261380282,29.443880339591736,-4.064419660408262,0.12129590759329069,0.5535885483026505,-0.0038114516973495327,-0.006837911190078099,0.9812159359455108,0.0031159359455108504,0.003185702837655506,0.10214246492832899,-0.0009575350716710118,-0.009287440074403606,0.7548106526807057,-0.040089347319294366,-0.05043319577216551,83.875,10.769999999999996,0.14732234457287458,1.8170501612864123,0.22475016128641223,-0.1411481261611582
251,2026-07-27T08:55:37+00:00,2026-07-27T09:01:53+00:00,375.992,dbe25e28f88ee4eb8128ee4e9076365861533daa578d691a4e5eade0fe07f774,"忠实低失真视频恢复，保持输入视频的原始结构、运动轨迹、边缘和色彩，只恢复可信自然细节，避免重绘、幻觉纹理和时序漂移。 Faithful low-distortion video restoration preserving original structure, motion, edges, and colors with only credible natural details.","感知失真, 时序错位, 几何扭曲, 边缘漂移, 幻觉纹理, 虚假细节, 闪烁, 鬼影, 振铃, 过锐化, 颜色漂移, 噪声放大",0.500000,Low-CFG fidelity prompt with artifact-focused negative prompt.,,prompt_negative_cfg,0,0,completed,,b3c5f0a6e6ab67fcec22304ada7a05958d8c4a4eeba0b81defe68bb3eb31df8a,results_test/UDM10,2.2172442110069284,2,2,0.13156251107492878,0,0,26.51656251107493,0.13156251107492878,0.0049862615529630006,0.7840055788607806,0.010105578860780562,0.013057990516579094,0.2504920077900733,0.0012920077900732962,-0.005184621950534897,0.12475203737135857,0.008052037371358567,-0.06899774954034762,0.39538495732891943,-0.011415042671080566,-0.028060576870896182,0.5575353782023154,-0.006164621797684622,-0.010935997512301973,4.919890822852241,0.36009082285224103,-0.07897074934256788,32.18109048822446,0.6583904882244624,-0.020886233990884743,3.105424883673268,0.2143248836732683,0.07413264282566093,65.54757660896549,-0.11862339103451802,-0.0018064604169956235,0.3182302296642335,-0.004369770335766521,-0.013545475312357473,29.42660108996976,-4.081698910030237,0.12181157832627251,0.5599169969558716,0.0025169969558715977,0.004515602719540003,0.9813914656639099,0.0032914656639099205,0.003365162727645354,0.10501982532441616,0.0019198253244161606,0.01862100217668439,0.7550928273482187,-0.03980717265178135,-0.05007821443172896,83.78099999999999,10.675999999999988,0.14603652280965718,1.8159664829484732,0.22366648294847313,-0.14046755193649008
252,2026-07-27T09:01:54+00:00,2026-07-27T09:08:10+00:00,376.104,1d3eb573747a9bf68cf60757828ac89f24314e7e224867bbcc334370be08ddf7,"忠实低失真视频恢复，保持输入视频的原始结构、运动轨迹、边缘和色彩，只恢复可信自然细节，避免重绘、幻觉纹理和时序漂移。 Faithful low-distortion video restoration preserving original structure, motion, edges, and colors with only credible natural details.","感知失真, 时序错位, 几何扭曲, 边缘漂移, 幻觉纹理, 虚假细节, 闪烁, 鬼影, 振铃, 过锐化, 颜色漂移, 噪声放大",0.550000,Low-CFG fidelity prompt with artifact-focused negative prompt.,,prompt_negative_cfg,0,0,completed,,84cb36d49681e2577a4ddff246e4abdeaceed122cc5991abe7e1e1350fbe38e0,results_test/UDM10,2.217418406328374,2,2,0.1291410519999836,0,0,26.514141051999985,0.1291410519999836,0.004894487473942907,0.7839733830786575,0.01007338307865746,0.013016388523914537,0.2505263112004726,0.0013263112004725797,-0.005322276085363482,0.12478483915328979,0.008084839153289794,-0.06927882736323732,0.3957226160072511,-0.01107738399274888,-0.02723054078846824,0.5578474291870671,-0.005852570812932889,-0.010382421168942503,4.922188859175315,0.36238885917531505,-0.07947472678084895,32.22137714124478,0.6986771412447794,-0.02216425437049426,3.1063845296059887,0.21528452960598887,0.0744645739012794,65.55514782321069,-0.11105217678931467,-0.0016911619187544684,0.3182881217570074,-0.004311878242992617,-0.01336602059204159,29.410279501638108,-4.09802049836189,0.12229866923603676,0.5561030715703964,-0.0012969284296036054,-0.002326746375320426,0.9814906001091004,0.0033906001091004168,0.0034665168276254133,0.10198642797768116,-0.0011135720223188345,-0.010800892554013914,0.7562540997796092,-0.03864590022039083,-0.04861731063075962,83.849,10.744,0.1469666917447507,1.816437797824619,0.22413779782461885,-0.14076354821617712
253,2026-07-27T09:08:11+00:00,2026-07-27T09:14:35+00:00,384.408,00a5e727f74d3a58fbcdd9bf1092144e9a13cb0c37f936ecef3c88030eb90ca4,"忠实低失真视频恢复，保持输入视频的原始结构、运动轨迹、边缘和色彩，只恢复可信自然细节，避免重绘、幻觉纹理和时序漂移。 Faithful low-distortion video restoration preserving original structure, motion, edges, and colors with only credible natural details.","感知失真, 时序错位, 几何扭曲, 边缘漂移, 幻觉纹理, 虚假细节, 闪烁, 鬼影, 振铃, 过锐化, 颜色漂移, 噪声放大",0.600000,Low-CFG fidelity prompt with artifact-focused negative prompt.,,prompt_negative_cfg,0,0,completed,,09876dd387fdccc3abf83cdb99dc6fa2bec984df3a16b1c65e27f348dc46487a,results_test/UDM10,2.217627396536598,2,2,0.12887865005000876,0,0,26.51387865005001,0.12887865005000876,0.004884542355505354,0.7839687578953989,0.01006875789539885,0.013010412062797325,0.25055213712396157,0.0013521371239615665,-0.005425911412365836,0.1248050405133155,0.008105040513315495,-0.06945193241915591,0.3958369270928444,-0.010963072907155591,-0.02694954008641984,0.5579197662491951,-0.005780233750804831,-0.010254095708364079,4.918781606597031,0.35898160659703127,-0.07872748949450223,32.19487782700067,0.6721778270006666,-0.021323612095431755,3.106308668659579,0.21520866865957933,0.07443833442619742,65.54891442329652,-0.11728557670348039,-0.0017860874651415854,0.31832868843790024,-0.0042713115620997555,-0.013240271426223669,29.403297079763103,-4.105002920236895,0.12250704811156925,0.5684420436620712,0.011042043662071177,0.019809909691552167,0.9816428065299988,0.003542806529998832,0.0036221312033522463,0.10906221941113473,0.005962219411134728,0.05782948022439116,0.7549118008850686,-0.039988199114931455,-0.050305949320583035,83.81199999999998,10.70699999999998,0.1464605704124202,1.8164391479755675,0.22413914797556744,-0.140764396141159
254,2026-07-27T09:14:36+00:00,2026-07-27T09:20:57+00:00,380.932,da8ae07afd62cdb70ee3f8d9f70d573c0c044b26789947dcd1d9f22912c485cc,"忠实低失真视频恢复，保持输入视频的原始结构、运动轨迹、边缘和色彩，只恢复可信自然细节，避免重绘、幻觉纹理和时序漂移。 Faithful low-distortion video restoration preserving original structure, motion, edges, and colors with only credible natural details.","感知失真, 时序错位, 几何扭曲, 边缘漂移, 幻觉纹理, 虚假细节, 闪烁, 鬼影, 振铃, 过锐化, 颜色漂移, 噪声放大",0.650000,Low-CFG fidelity prompt with artifact-focused negative prompt.,,prompt_negative_cfg,0,0,completed,,46e4667598626915a188de71cac3f6af551e9d6a3328037a13d4b04364ede5a9,results_test/UDM10,2.217706792240867,2,2,0.12768825531005845,0,0,26.51268825531006,0.12768825531005845,0.004839426011372312,0.7839510726167347,0.010051072616734658,0.012987559913082643,0.2505812743258092,0.001381274325809173,-0.005542834373231032,0.12481212962058283,0.00811212962058283,-0.06951267883961294,0.3960290235377127,-0.010770976462287307,-0.02647732660345946,0.5579099055259458,-0.005790094474054208,-0.010271588564935619,4.922116672736069,0.3623166727360685,-0.07945889572702058,32.21996870763179,0.6972687076317925,-0.02211957439025821,3.107029811797603,0.2159298117976034,0.07468776998291426,65.5626457952684,-0.10355420473160848,-0.0015769787917011867,0.31837422047411235,-0.004225779525887652,-0.013099130582416775,29.393334173387096,-4.114965826612902,0.12280437463592311,0.5536060839891433,-0.003793916010856657,-0.006806451400891025,0.9815125942230225,0.003412594223022536,0.0034890033974261693,0.10072462111711503,-0.002375378882884971,-0.023039562394616596,0.7570458109455541,-0.03785418905444593,-0.04762132224738449,83.86099999999999,10.755999999999986,0.14713083920388462,1.8148661777862192,0.22256617778621912,-0.13977653569441634
255,2026-07-27T09:20:57+00:00,2026-07-27T09:27:11+00:00,373.595,c771e66cc12bed4b62cb12203b541a84455e778d66e669f29ce7de6f774c7f3e,"忠实低失真视频恢复，保持输入视频的原始结构、运动轨迹、边缘和色彩，只恢复可信自然细节，避免重绘、幻觉纹理和时序漂移。 Faithful low-distortion video restoration preserving original structure, motion, edges, and colors with only credible natural details.","感知失真, 时序错位, 几何扭曲, 边缘漂移, 幻觉纹理, 虚假细节, 闪烁, 鬼影, 振铃, 过锐化, 颜色漂移, 噪声放大",0.700000,Low-CFG fidelity prompt with artifact-focused negative prompt.,,prompt_negative_cfg,0,0,completed,,16f394cc5c653e2ffda54a3786ad08ea84ee1345f85fec385a15fe58e63dc816,results_test/UDM10,2.217678537617852,2,2,0.12730252788912466,0,0,26.512302527889126,0.12730252788912466,0.004824806817855776,0.7839450541414165,0.010045054141416432,0.012979783100421801,0.2506003411066148,0.001400341106614772,-0.005619346334730224,0.12483185068253548,0.008131850682535482,-0.06968166823080962,0.39568252611544824,-0.011117473884551754,-0.02732909017834748,0.5579573777414136,-0.0057426222585863496,-0.010187373174714121,4.920505892620274,0.36070589262027397,-0.0791056389798399,32.23663673696602,0.7139367369660192,-0.02264833713374867,3.108908795541333,0.21780879554133303,0.07533768999388919,65.55951407647902,-0.10668592352098472,-0.0016246702797022626,0.31837637626355697,-0.004223623736443027,-0.01309244803609122,29.376927923387097,-4.131372076612902,0.12329399213367738,0.5601511716842651,0.0027511716842650857,0.004935722433198934,0.9814300954341888,0.003330095434188829,0.003404657431948501,0.10614295750856399,0.0030429575085639954,0.02951462180954409,0.7595099804699874,-0.03539001953001264,-0.044521348006054395,83.89899999999999,10.793999999999983,0.14765063949114263,1.8144777565369925,0.22217775653699245,-0.13953259846573662
256,2026-07-27T09:27:12+00:00,2026-07-27T09:33:44+00:00,392.141,93e9d61bf540753fae98ccf0267ad64fd15c4ba3525c5caf0b55f820fc2dbbda,"忠实低失真视频恢复，保持输入视频的原始结构、运动轨迹、边缘和色彩，只恢复可信自然细节，避免重绘、幻觉纹理和时序漂移。 Faithful low-distortion video restoration preserving original structure, motion, edges, and colors with only credible natural details.","low perceptual quality, dull texture, temporal flicker, unstable edges, warped geometry, ghosting, ringing, oversharpening, fake texture, color drift, noise amplification",0.450000,Low-CFG fidelity prompt with artifact-focused negative prompt.,,prompt_negative_cfg,0,0,completed,,73923138bf4d650bf426010caf62c4579f08b6862b0dfba28997b23616b79d56,results_test/UDM10,2.2146599160521285,2,2,0.14465900051977698,0,0,26.52965900051978,0.14465900051977698,0.005482622721992684,0.7841242812389735,0.010224281238973454,0.01321137257911029,0.25089234325193593,0.0016923432519359294,-0.00679110454227901,0.12526723915530788,0.008567239155307882,-0.07341250347307525,0.39418536866864845,-0.012614631331351545,-0.031009418218661614,0.556879962740406,-0.006820037259594014,-0.012098700123459313,4.923473041607077,0.36367304160707725,-0.07975635808743306,32.293767345506836,0.771067345506836,-0.024460701193325315,3.0891790732260676,0.19807907322606777,0.06851339394212161,65.38484549983855,-0.2813545001614557,-0.004284616745927976,0.316863211484686,-0.005736788515314006,-0.01778297741882829,29.36190146169355,-4.14639853830645,0.12374243212297997,0.5560518950223923,-0.0013481049776077336,-0.0024185593426762353,0.9811390340328217,0.003039034032821686,0.0031070790643305244,0.10520425383001566,0.0021042538300156677,0.02040983346280958,0.7583369969896949,-0.03656300301030513,-0.04599698453931957,83.84,10.735,0.14684358115040008,1.8005966389803991,0.20829663898039907,-0.1308149462917786
257,2026-07-27T12:43:22+00:00,2026-07-27T12:49:53+00:00,390.886,5e1c8032b682852f9d30f9a1d4e845b13a953ffa8b4dc38882d13a92130d70c6,"A clear, natural, high-quality restored video with faithful scene structure, realistic fine details, stable edges, consistent textures across frames, natural colors, smooth motion, and strong temporal consistency.","blur, flickering, temporal inconsistency, unstable details, hallucinated textures, oversharpening, ringing artifacts, ghosting, warped structures, color shifts, noise, compression artifacts, excessive smoothing, low quality",4.000000,Low-CFG refinement with original text after low CFG led prior batches.,,coarse_cfg,0,0,completed,,e8b4e04c284faae81260e2555d437688c65121650be1cd030391d71985ea2aad,results_test/UDM10,2.2075685283840816,2,2,0.017664676789308942,0,0,26.40266467678931,0.017664676789308942,0.0006694969410388076,0.7817826188809673,0.007882618880967307,0.010185578086273817,0.25057449569144563,0.0013744956914456263,-0.005515632790712786,0.1238614305373161,0.007161430537316105,-0.0613661571321003,0.38987826205069015,-0.016921737949309845,-0.04159719259909008,0.5519567570378703,-0.011743242962129696,-0.020832433851569448,4.934586564009348,0.37478656400934796,-0.08219364095121452,32.66943953454505,1.1467395345450484,-0.03637821425655316,3.1176772905934245,0.22657729059342469,0.07837061692553862,65.54784720636182,-0.11835279363818074,-0.0018023396151776825,0.3163565001901119,-0.006243499809888087,-0.019353688189361708,30.339321210307457,-3.1689787896925417,0.0945729502747839,0.5497760802507401,-0.007623919749259911,-0.013677645764728939,0.9788209915161132,0.0007209915161132674,0.0007371347675219992,0.1076665747910738,0.0045665747910738075,0.0442926749861669,0.7551184010463807,-0.039781598953619324,-0.050046042211120044,83.69,10.584999999999994,0.1447917379112235,1.8574181683167506,0.2651181683167505,-0.16650013710780034
258,2026-07-27T12:49:55+00:00,2026-07-27T12:57:03+00:00,428.075,1490e9a42b90f775ab1d592fe594dfda8e22e173d3e280bf404b492aa1d1b88e,"A clear, natural, high-quality restored video with faithful scene structure, realistic fine details, stable edges, consistent textures across frames, natural colors, smooth motion, and strong temporal consistency.","blur, flickering, temporal inconsistency, unstable details, hallucinated textures, oversharpening, ringing artifacts, ghosting, warped structures, color shifts, noise, compression artifacts, excessive smoothing, low quality",4.500000,Low-CFG refinement with original text after low CFG led prior batches.,,coarse_cfg,0,0,completed,,701c54fe12abd7030356dadea8a9bbfe1fc8a74ddd6c7951cedd2f419fac0e48,results_test/UDM10,2.2052037775922457,2,2,-0.01667757834157868,0,0,26.368322421658423,-0.01667757834157868,-0.0006320855918733628,0.7811023759664213,0.0072023759664212594,0.009306597708258507,0.2507542272248576,0.0015542272248575684,-0.006236866873425234,0.12355236161139702,0.006852361611397018,-0.05871775159723237,0.3877934365022567,-0.019006563497743267,-0.046722132491994264,0.5501334149029947,-0.013566585097005257,-0.024067030507371398,4.9236403082032005,0.36384030820320046,-0.07979304096741095,32.677200441923446,1.154500441923446,-0.03662441484782223,3.1188377641862437,0.22773776418624392,0.0787720121013607,65.52717554646154,-0.13902445353846815,-0.002117138703601977,0.315466181957914,-0.007133818042086015,-0.022113509119919453,30.516053821194554,-2.992246178805445,0.08929865671506597,0.5468569397926331,-0.01054306020736695,-0.018914711530977665,0.9778695583343506,-0.0002304416656493391,-0.000235601334883283,0.10829130560159683,0.005191305601596835,0.050352139685711304,0.7580893464845481,-0.036810653515451985,-0.046308533797272594,83.687,10.581999999999994,0.14475070104643994,1.8745789015035068,0.28227890150350676,-0.17727746122182172
259,2026-07-27T12:57:07+00:00,2026-07-27T13:04:03+00:00,415.521,0b582189cbb7e802e42dd365bfee53ef8c3316abd524d099fd326bfa64754860,"A clear, natural, high-quality restored video with faithful scene structure, realistic fine details, stable edges, consistent textures across frames, natural colors, smooth motion, and strong temporal consistency.","blur, flickering, temporal inconsistency, unstable details, hallucinated textures, oversharpening, ringing artifacts, ghosting, warped structures, color shifts, noise, compression artifacts, excessive smoothing, low quality",5.500000,Low-CFG refinement with original text after low CFG led prior batches.,,coarse_cfg,0,0,completed,,5927fb2c0f1cbe15c01094fd489c4ed9c2606679fb3e081ce684f9d9dd810dc5,results_test/UDM10,2.200386368029146,2,2,-0.0973539709275748,0,0,26.287646029072427,-0.0973539709275748,-0.0036897468610034034,0.7794836390447142,0.00558363904471415,0.00721493609602552,0.2513201995722709,0.0021201995722709144,-0.008508023965774134,0.1230179404058764,0.006317940405876396,-0.05413830681984915,0.38456725944434444,-0.02223274055565555,-0.05465275456159181,0.546469485375189,-0.017230514624810955,-0.03056681679051083,4.916184992379839,0.356384992379839,-0.078158031575911,32.66378635995121,1.1410863599512098,-0.03619887763266502,3.119150883151639,0.22805088315163902,0.07888031654098407,65.42570818008915,-0.24049181991085788,-0.003662338005105486,0.3132753711554312,-0.009324628844568805,-0.028904615141254822,30.901030509702622,-2.6072694902973765,0.07780966179416374,0.5332053691148758,-0.02419463088512419,-0.04340622691984964,0.9771899104118347,-0.0009100895881652971,-0.0009304668113335007,0.10092636160552501,-0.002173638394474986,-0.021082816629243318,0.7548200126384063,-0.040079987361593794,-0.05042142075933299,83.77700000000002,10.672000000000011,0.14598180698994612,1.9009592517735048,0.30865925177350473,-0.1938449109925923
260,2026-07-27T13:04:08+00:00,2026-07-27T13:10:26+00:00,377.603,49c103e7be96f6539dddfcc55a669cc3f32b37e65c3bb7e816a34d511b20208c,"A clear, natural, high-quality restored video with faithful scene structure, realistic fine details, stable edges, consistent textures across frames, natural colors, smooth motion, and strong temporal consistency.","blur, flickering, temporal inconsistency, unstable details, hallucinated textures, oversharpening, ringing artifacts, ghosting, warped structures, color shifts, noise, compression artifacts, excessive smoothing, low quality",6.000000,Low-CFG refinement with original text after low CFG led prior batches.,,coarse_cfg,0,0,completed,,c58f01c0cb9d957025d105dbbece457ea7efcb76d55201b843bda9cc5b61792a,results_test/UDM10,2.197794347345082,2,2,-0.14348494498960207,0,0,26.2415150550104,-0.14348494498960207,-0.005438125639173851,0.7785568030159922,0.004656803015992139,0.0060173187956998825,0.2517668996847445,0.0025668996847445225,-0.010300560532682674,0.12279406016872776,0.006094060168727766,-0.05221988148010082,0.3825932057634477,-0.02420679423655231,-0.059505393895163,0.5441482283415333,-0.019551771658466666,-0.03468471112021761,4.910833134065482,0.35103313406548153,-0.07698432695852483,32.629964622417305,1.1072646224173042,-0.035125944872022516,3.1181509164071852,0.22705091640718544,0.07853443893576337,65.38819175227995,-0.2780082477200523,-0.004233658224780059,0.3121009028486667,-0.010499097151333292,-0.032545248454225954,31.091649603074593,-2.416650396925405,0.07212094904621856,0.5411602348089218,-0.01623976519107817,-0.02913484964312553,0.9764505684375763,-0.0016494315624236977,-0.0016863629101561168,0.10860979184508324,0.0055097918450832395,0.05344124001050669,0.7476871806283933,-0.04721281937160671,-0.059394665205191474,83.872,10.766999999999996,0.14728130770809103,1.9143330900017947,0.3220330900017947,-0.20224398040682956
261,2026-07-27T13:10:29+00:00,2026-07-27T13:17:29+00:00,420.732,e1d73135be50a3237757414e4f676f49d5cff9c53ea1d0c3556e5cf2d002fd87,"A clear, natural, high-quality restored video with faithful scene structure, realistic fine details, stable edges, consistent textures across frames, natural colors, smooth motion, and strong temporal consistency.","blur, flickering, temporal inconsistency, unstable details, hallucinated textures, oversharpening, ringing artifacts, ghosting, warped structures, color shifts, noise, compression artifacts, excessive smoothing, low quality",6.500000,Low-CFG refinement with original text after low CFG led prior batches.,,coarse_cfg,0,0,completed,,5b22156b39412948f64314f347e793f4c7357c20db95548f136cd49f2f4aa655,results_test/UDM10,2.195149534426224,2,2,-0.19331661839639125,0,0,26.19168338160361,-0.19331661839639125,-0.007326762114701203,0.7775494100039205,0.0036494100039204946,0.004715609256907216,0.25228006676320114,0.0030800667632011336,-0.012359818471914662,0.12263943899062371,0.005939438990623713,-0.050894935652302596,0.3807752161256729,-0.026024783874327106,-0.06397439497130557,0.5417990870052769,-0.021900912994723076,-0.03885207201476508,4.907984866265517,0.3481848662655169,-0.07635967943013222,32.58950717790825,1.0668071779082524,-0.033842506444823964,3.1176917733684664,0.2265917733684666,0.07837562635967853,65.33206831409085,-0.3341316859091563,-0.005088335946181693,0.31074617812710426,-0.011853821872895742,-0.036744643127389155,31.290953014742946,-2.217346985257052,0.06617306712835483,0.5282196015119552,-0.029180398488044768,-0.052350912249811206,0.9756258845329284,-0.002474115467071547,-0.0025295117749427943,0.10347977820783853,0.00037977820783853533,0.0036835907646802653,0.7666533619936959,-0.028246638006304114,-0.03553483206227716,83.817,10.711999999999989,0.14652896518705955,1.9296270522560615,0.3373270522560614,-0.2118489306387373
262,2026-07-27T13:17:31+00:00,2026-07-27T13:25:18+00:00,466.793,b55336efe97781b3fc4c7434586aa40686b9f4ade7f8114138cd119e2e6041f8,"忠实低失真视频恢复，保持输入视频的原始结构、运动轨迹、边缘和色彩，只恢复可信自然细节，避免重绘、幻觉纹理和时序漂移。 Faithful low-distortion video restoration preserving original structure, motion, edges, and colors with only credible natural details.","perceptual distortion, LPIPS artifacts, DISTS artifacts, temporal misalignment, warped edges, geometry drift, hallucinated texture, fake detail, flicker, ghosting, ringing, oversharpening, color drift",2.000000,Low-CFG fidelity prompt with artifact-focused negative prompt.,,prompt_negative_cfg,0,0,completed,,5327b5c4fa03e9ea10fdf80159885521fe9fa9266e74c49f3fe1daa283b75301,results_test/UDM10,3.2228605264770858,3,2,0.07337926556987284,0,1,26.458379265569874,0.07337926556987284,0.0027810978044295184,0.7830420924676298,0.009142092467629759,0.011813015205620569,0.2507967702563732,0.0015967702563731978,-0.006407585298447824,0.12406627843456883,0.007366278434568829,-0.06312149472638243,0.39818199781640884,-0.008618002183591156,-0.021184862791522017,0.5592029813797244,-0.004497018620275628,-0.007977680717182238,4.893227689778503,0.3334276897785031,-0.07312331457048624,32.19482027946283,0.6721202794628311,-0.021321786505052905,3.1335247824268957,0.2424247824268959,0.08385209173909444,65.84287307493148,0.17667307493147177,0.0026904720378440015,0.32031134198750216,-0.002288658012497835,-0.007094414173892855,29.116706700478836,-4.391593299521162,0.13105986575031148,0.5590343624353409,0.0016343624353408748,0.0029321177526746944,0.9821450591087342,0.004045059108734206,0.004135629392428388,0.10131410285830497,-0.0017858971416950253,-0.017321989735160286,0.7617628469662538,-0.0331371530337462,-0.04168719717416807,84.074,10.968999999999994,0.1500444566035154,1.8408097719414702,0.24850977194147017,-0.15606969286030908
263,2026-07-27T13:25:28+00:00,2026-07-27T13:32:12+00:00,403.814,2996912e4e73d31cfb5e87bdf89d0b4094361fde1c3477c4459bdcda4c0286de,"忠实低失真视频恢复，保持输入视频的原始结构、运动轨迹、边缘和色彩，只恢复可信自然细节，避免重绘、幻觉纹理和时序漂移。 Faithful low-distortion video restoration preserving original structure, motion, edges, and colors with only credible natural details.","perceptual distortion, LPIPS artifacts, DISTS artifacts, temporal misalignment, warped edges, geometry drift, hallucinated texture, fake detail, flicker, ghosting, ringing, oversharpening, color drift",3.000000,Low-CFG fidelity prompt with artifact-focused negative prompt.,,prompt_negative_cfg,0,0,completed,,7b63e05a858b6394e5a399cbe86c227f033db8746f8540a9cddef46e4a5bfc6f,results_test/UDM10,3.226231258460427,3,2,0.004608709273792755,0,1,26.389608709273794,0.004608709273792755,0.00017467156618505798,0.7816924344708605,0.007792434470860421,0.010069045704691072,0.25094700080733146,0.0017470008073314502,-0.007010436626530699,0.1230612237607279,0.0063612237607278965,-0.05450920103451497,0.3984942231928149,-0.008305776807185083,-0.020417347116974148,0.5590431193190236,-0.004656880680976361,-0.00826127493520731,4.851253193394442,0.29145319339444153,-0.06391797741007095,32.000829477356625,0.4781294773566245,-0.015167783132682938,3.1550708493878763,0.2639708493878765,0.09130464162010188,66.06603947301065,0.39983947301064404,0.006088969256796404,0.32125035646942357,-0.0013496435305764276,-0.004183643926151357,29.009634891633066,-4.498665108366932,0.13425524745710563,0.567312428355217,0.009912428355216996,0.017783330382520623,0.9821598708629609,0.00405987086296089,0.004150772786996105,0.10520864240825176,0.0021086424082517596,0.020452399692063625,0.7630930189511778,-0.03180698104882229,-0.04001381437768561,84.14899999999999,11.043999999999983,0.1510703782231035,1.852859691643971,0.26055969164397097,-0.16363731184071528
264,2026-07-27T13:32:17+00:00,2026-07-27T13:38:55+00:00,398.23,7a85146b865c877e39f0fddeb1d4ad5da3ac9239ef49346cbe91c42d2da7d12d,"忠实低失真视频恢复，保持输入视频的原始结构、运动轨迹、边缘和色彩，只恢复可信自然细节，避免重绘、幻觉纹理和时序漂移。 Faithful low-distortion video restoration preserving original structure, motion, edges, and colors with only credible natural details.","perceptual distortion, LPIPS artifacts, DISTS artifacts, temporal misalignment, warped edges, geometry drift, hallucinated texture, fake detail, flicker, ghosting, ringing, oversharpening, color drift",4.000000,Low-CFG fidelity prompt with artifact-focused negative prompt.,,prompt_negative_cfg,0,0,completed,,e14687c2d8cb026b44f999d2ae5415e4d082601187196095106b35abdc911acb,results_test/UDM10,3.228152864007937,3,2,-0.08782860417520055,0,1,26.2971713958248,-0.08782860417520055,-0.003328732392465437,0.779782447306659,0.005882447306658989,0.007601043166635209,0.25140833436481413,0.0022083343648141296,-0.00886169488288174,0.12197698854630994,0.005276988546309938,-0.0452184108509849,0.397038142815713,-0.009761857184287015,-0.023996699076418423,0.5572445092662688,-0.006455490733731195,-0.011451997044050373,4.810548204198179,0.250748204198179,-0.05499105315982697,31.731625775671937,0.20892577567193626,-0.0066277880915002925,3.1762310954832262,0.28513109548322646,0.09862374026606706,66.29588331407118,0.6296833140711726,0.009589154147356975,0.32138545385772177,-0.0012145461422782278,-0.003764867149033564,28.994782084803425,-4.513517915196573,0.13469850500313574,0.5676771253347397,0.010277125334739678,0.01843761272827355,0.9816940248012542,0.0035940248012542586,0.0036744962695575696,0.10703664422035217,0.00393664422035217,0.03818277614308604,0.7664794428561563,-0.028420557143843728,-0.03575362579424295,84.091,10.98599999999999,0.15027699883728868,1.890805907654188,0.29850590765418805,-0.18746838388129627
265,2026-07-27T13:38:58+00:00,2026-07-27T13:45:11+00:00,373.496,c4826b92cba6b0113d403e3b41f7326cceba5c148ed7b470b523a083bd1fc5a0,"忠实低失真视频恢复，保持输入视频的原始结构、运动轨迹、边缘和色彩，只恢复可信自然细节，避免重绘、幻觉纹理和时序漂移。 Faithful low-distortion video restoration preserving original structure, motion, edges, and colors with only credible natural details.","perceptual distortion, LPIPS artifacts, DISTS artifacts, temporal misalignment, warped edges, geometry drift, hallucinated texture, fake detail, flicker, ghosting, ringing, oversharpening, color drift",4.500000,Low-CFG fidelity prompt with artifact-focused negative prompt.,,prompt_negative_cfg,0,0,completed,,609ff6d8f71fee06e2d9601de93bc167b422c5c0a85877e28afd27745ec64419,results_test/UDM10,3.2287445928408376,3,2,-0.14297149289039268,0,1,26.24202850710961,-0.14297149289039268,-0.005418665639203815,0.7786293391344896,0.004729339134489585,0.006111046820635205,0.25184232719963595,0.0026423271996359465,-0.010603239163868164,0.12143399600059754,0.00473399600059754,-0.040565518428427934,0.3958434444281363,-0.010956555571863702,-0.026933519104876357,0.5564574875177877,-0.007242512482212304,-0.012848168320405012,4.785480779129458,0.2256807791294575,-0.04949356970249956,31.564454257576937,0.04175425757693674,-0.0013245774498040059,3.1843094129716194,0.2932094129716196,0.10141794229588033,66.4029024185673,0.7367024185672904,0.011218898285073452,0.3211164732133189,-0.001483526786681122,-0.004598657119284321,29.008797725554434,-4.499502274445565,0.13428023129927705,0.5672689944505691,0.009868994450569102,0.01770540805627754,0.9813598752021789,0.0032598752021789634,0.0033328649444626965,0.10663900598883629,0.0035390059888362885,0.03432595527484276,0.7655226712080739,-0.029377328791926116,-0.036957263545007064,84.00399999999999,10.898999999999987,0.14908692975856624,1.9112555186196307,0.3189555186196307,-0.20031119677173312
266,2026-07-27T13:45:19+00:00,2026-07-27T13:53:10+00:00,471.031,69812928bc4262d30712e1d0f877ebb7f7ab174b4d0a0552e0a106da02afa706,"忠实低失真视频恢复，保持输入视频的原始结构、运动轨迹、边缘和色彩，只恢复可信自然细节，避免重绘、幻觉纹理和时序漂移。 Faithful low-distortion video restoration preserving original structure, motion, edges, and colors with only credible natural details.","perceptual distortion, LPIPS artifacts, DISTS artifacts, temporal misalignment, warped edges, geometry drift, hallucinated texture, fake detail, flicker, ghosting, ringing, oversharpening, color drift",5.000000,Low-CFG fidelity prompt with artifact-focused negative prompt.,,prompt_negative_cfg,0,0,completed,,12a497c0292bfc65b03e19f05ca50d07386945930885385aab5fe50f1108a87b,results_test/UDM10,4.229094237278392,4,2,-0.20394837656328946,0,1,26.181051623436712,-0.20394837656328946,-0.007729709174276652,0.7773620659850182,0.0034620659850181923,0.004473531444654596,0.25240969667511604,0.0032096966751160305,-0.012880002709133349,0.1210020697885944,0.004302069788594404,-0.036864351230457615,0.394821487511358,-0.011978512488642012,-0.029445704249365812,0.5556030182107803,-0.008096981789219693,-0.014363991110909514,4.755806790396756,0.19600679039675573,-0.04298583060589406,31.425785172749773,-0.09691482725022738,0.0030744456296645712,3.192710307721169,0.30161030772116915,0.10432372028680058,66.48310167866369,0.8169016786636831,0.01244021549387178,0.3207039654735596,-0.0018960345264403822,-0.005877354390701743,29.03466284967238,-4.473637150327619,0.13350832928938858,0.5527803361415863,-0.004619663858413725,-0.008287879186246367,0.980984902381897,0.002884902381896981,0.0029494963520059103,0.09875608570873737,-0.004343914291262629,-0.042133019313895535,0.7610350068285889,-0.03386499317141112,-0.042602834534420826,84.18199999999999,11.076999999999984,0.15152178373572237,1.9399084090643253,0.3476084090643252,-0.2183058525807481
267,2026-07-27T13:53:15+00:00,2026-07-27T14:01:40+00:00,504.552,a0a4137fbe5fd6b3f63e55911c4cbed81f47ece854eb99b4b796aa8aa9a112dd,"忠实低失真视频恢复，保持输入视频的原始结构、运动轨迹、边缘和色彩，只恢复可信自然细节，避免重绘、幻觉纹理和时序漂移。 Faithful low-distortion video restoration preserving original structure, motion, edges, and colors with only credible natural details.","perceptual distortion, LPIPS artifacts, DISTS artifacts, temporal misalignment, warped edges, geometry drift, hallucinated texture, fake detail, flicker, ghosting, ringing, oversharpening, color drift",5.500000,Low-CFG fidelity prompt with artifact-focused negative prompt.,,prompt_negative_cfg,0,0,completed,,bc857627ef3bbbc62ac5436d6f31d35ac958567d99d461cafe17d6a4fd5e405b,results_test/UDM10,4.229530141276057,4,2,-0.2705612601003331,0,1,26.11443873989967,-0.2705612601003331,-0.010254358919853443,0.7759785643931105,0.0020785643931104936,0.0026858307185818496,0.25307904919309,0.003879049193089984,-0.015566007997953386,0.12061736987483118,0.003917369874831184,-0.033567865251338334,0.3945547135606889,-0.01224528643931111,-0.030101490755435372,0.5542158460424792,-0.00948415395752078,-0.016824825186306156,4.7312351051924395,0.17143510519243943,-0.037597066799517395,31.26668275928794,-0.2560172407120618,0.008121678685901327,3.201749559756248,0.3106495597562482,0.10745029910976729,66.56501043996504,0.8988104399650325,0.013687565900951059,0.320095814644329,-0.0025041853556709848,-0.00776250885204893,29.080504189768146,-4.427795810231853,0.13214027002957038,0.5646704822778702,0.007270482277870194,0.013043563469447782,0.9805816352367401,0.002481635236740165,0.0025371999148759484,0.1047306265681982,0.0016306265681982068,0.015815970593581054,0.7692409139351112,-0.02565908606488887,-0.03227964028794675,84.265,11.159999999999997,0.15265713699473354,1.958143086230848,0.36584308623084794,-0.22975763752486839
268,2026-07-27T14:01:51+00:00,2026-07-27T14:10:14+00:00,502.855,5fbd89d6159eacecb8710ccf4e1aca14df8290ce2fc10c2fa84ccee9839a09f9,"忠实低失真视频恢复，保持输入视频的原始结构、运动轨迹、边缘和色彩，只恢复可信自然细节，避免重绘、幻觉纹理和时序漂移。 Faithful low-distortion video restoration preserving original structure, motion, edges, and colors with only credible natural details.","perceptual distortion, LPIPS artifacts, DISTS artifacts, temporal misalignment, warped edges, geometry drift, hallucinated texture, fake detail, flicker, ghosting, ringing, oversharpening, color drift",6.000000,Low-CFG fidelity prompt with artifact-focused negative prompt.,,prompt_negative_cfg,0,0,completed,,2d933daa068e710564c124c9e0cc7bc282c3428a541bbc69e0d2ddd68bc8d6c2,results_test/UDM10,4.22951710206537,4,2,-0.3427667359382873,0,0,26.042233264061714,-0.3427667359382873,-0.012990969715303669,0.7744948479704714,0.0005948479704713794,0.0007686367366215006,0.25394346613076424,0.0047434661307642345,-0.01903477580563497,0.12038114570802258,0.003681145708022582,-0.03154366502161596,0.39328899575817966,-0.013511004241820335,-0.03321289144990249,0.5530380044252642,-0.010661995574735794,-0.018914308275209853,4.7035269141867735,0.1437269141867734,-0.031520442604231196,31.111146092530646,-0.4115539074693544,0.01305579494996794,3.209406490479746,0.31830649047974635,0.11009874804736826,66.63808976450272,0.9718897645027198,0.014800456924608395,0.31938305936994094,-0.003216940630059062,-0.009971917638124805,29.126626291582664,-4.381673708417335,0.1307638318988828,0.5574894487857819,8.944878578187598e-05,0.00016047503728359522,0.9802873611450196,0.002187361145019606,0.0022363369236474864,0.10176279842853546,-0.0013372015714645386,-0.012969947346891742,0.7629459525102351,-0.031954047489764936,-0.04019882688358905,84.083,10.977999999999994,0.150167567197866,1.9965993296985591,0.4042993296985591,-0.25390901821174344
269,2026-07-27T14:10:15+00:00,2026-07-27T14:16:38+00:00,383.431,8aac896899c8f96f5e2c51b7b3ca6d04def2a2cd237ae5b55fddfe50c0cbee41,"忠实低失真视频恢复，保持输入视频的原始结构、运动轨迹、边缘和色彩，只恢复可信自然细节，避免重绘、幻觉纹理和时序漂移。 Faithful low-distortion video restoration preserving original structure, motion, edges, and colors with only credible natural details.","perceptual distortion, LPIPS artifacts, DISTS artifacts, temporal misalignment, warped edges, geometry drift, hallucinated texture, fake detail, flicker, ghosting, ringing, oversharpening, color drift",6.500000,Low-CFG fidelity prompt with artifact-focused negative prompt.,,prompt_negative_cfg,0,0,completed,,2540c540ac0a0c9db042fd5e1aeac0b206d758334bba12b431eb00c0681a3db1,results_test/UDM10,4.229472685587602,4,2,-0.4206314812937144,0,0,25.964368518706287,-0.4206314812937144,-0.01594206864861529,0.7729010775667459,-0.000998922433254168,-0.0012907642243883807,0.2549170652464513,0.005717065246451297,-0.022941674343705046,0.12020881541313663,0.0035088154131366345,-0.030066970121136544,0.3926901568328181,-0.01410984316718189,-0.034684963537811926,0.551208006085888,-0.012491993914111932,-0.022160712992925196,4.6768213859856305,0.11702138598563039,-0.025663710247298212,30.97219969607385,-0.5505003039261496,0.01746361523366176,3.2176633954048155,0.3265633954048157,0.1129547215263449,66.70711847120715,1.0409184712071493,0.015851662974363512,0.31847721864619566,-0.004122781353804339,-0.012779855405469123,29.16346868699597,-4.344831313004029,0.12966433131504818,0.5626000016927719,0.005200001692771905,0.009329030665181029,0.9798372209072113,0.0017372209072112899,0.0017761178889799509,0.10526521019637584,0.002165210196375847,0.021001068830027614,0.7710931316396241,-0.023806868360375932,-0.029949513599667795,84.114,11.009,0.15059161480062924,2.032690290822454,0.44039029082245373,-0.2765749487046748
270,2026-07-27T14:16:39+00:00,2026-07-27T14:23:08+00:00,389.508,59bcbe555c3e1a5099cc533222ff8a116accd4dbbc8320606b6ad838680e5ad5,"忠实低失真视频恢复，保持输入视频的原始结构、运动轨迹、边缘和色彩，只恢复可信自然细节，避免重绘、幻觉纹理和时序漂移。 Faithful low-distortion video restoration preserving original structure, motion, edges, and colors with only credible natural details.","perceptual distortion, LPIPS artifacts, DISTS artifacts, temporal misalignment, warped edges, geometry drift, hallucinated texture, fake detail, flicker, ghosting, ringing, oversharpening, color drift",7.000000,Low-CFG fidelity prompt with artifact-focused negative prompt.,,prompt_negative_cfg,0,0,completed,,08f23136827dd2ff32f580a572d9bff6f68c1f68f129de32d8b1f93ffa1035da,results_test/UDM10,4.329454739634094,4,3,-0.5038100814819337,0,1,25.881189918518068,-0.5038100814819337,-0.01909456439196262,0.7712113944250716,-0.0026886055749284488,-0.0034740994636625515,0.256023247155451,0.00682324715545099,-0.027380606562804936,0.12024660725747385,0.003546607257473855,-0.030390807690435777,0.39224105587890074,-0.01455894412109926,-0.0357889481836265,0.5493666993994867,-0.014333300600513299,-0.025427178642031752,4.650791853125669,0.0909918531256686,-0.019955228984970524,30.775063714563778,-0.7476362854362222,0.02371739366983863,3.2232309952858955,0.33213099528589574,0.11488049368264527,66.7651178790677,1.0989178790676988,0.016734908964851,0.31759323141267226,-0.005006768587327737,-0.015520051417630926,29.233091292842744,-4.275208707157255,0.1275865593646128,0.5717380166053772,0.014338016605377146,0.02572302943196474,0.9791551172733307,0.0010551172733307412,0.001078741716931542,0.11093910187482833,0.007839101874828336,0.07603396580822828,0.7664652052656595,-0.02843479473434052,-0.035771536966084434,84.146,11.040999999999997,0.15102934135832016,2.0779808048246196,0.4856808048246195,-0.3050184040850465
271,2026-07-27T14:23:13+00:00,2026-07-27T14:29:28+00:00,375.3,0f0f9d2920be7820055f65549b4279b2bc413ee3050299510e06852e8afd7103,"忠实低失真视频恢复，保持输入视频的原始结构、运动轨迹、边缘和色彩，只恢复可信自然细节，避免重绘、幻觉纹理和时序漂移。 Faithful low-distortion video restoration preserving original structure, motion, edges, and colors with only credible natural details.","感知失真, 时序错位, 几何扭曲, 边缘漂移, 幻觉纹理, 虚假细节, 闪烁, 鬼影, 振铃, 过锐化, 颜色漂移, 噪声放大",2.000000,Low-CFG fidelity prompt with artifact-focused negative prompt.,,prompt_negative_cfg,0,0,completed,,cd39befeba042e77099d71c95220e179f7ce36267799b01f274ad17beec9c320,results_test/UDM10,2.219463643127579,2,2,0.07788671185893392,0,0,26.462886711858935,0.07788671185893392,0.002951931470871098,0.7831428412944567,0.009242841294456627,0.011943198468092294,0.2513609566034809,0.002160956603480896,-0.008671575455380802,0.124829210389045,0.008129210389045002,-0.06965904360792632,0.3963067465732174,-0.01049325342678259,-0.025794624942926718,0.557588917016983,-0.006111082983016991,-0.010841020015996081,4.891459305420875,0.3316593054208745,-0.07273549397361168,32.301684356818576,0.7789843568185759,-0.024711853896353293,3.1201151536357017,0.2290151536357019,0.07921384719854101,65.60182552952921,-0.06437447047079559,-0.0009803288521460902,0.31856382789631044,-0.0040361721036895615,-0.012511382838467333,29.089531486265123,-4.418768513734875,0.1318708652403994,0.562664920091629,0.005264920091629044,0.009445497114512098,0.9822018384933472,0.004101838493347221,0.004193680087258175,0.10404305346310139,0.0009430534631013898,0.00914697830360223,0.7591672029976158,-0.0357327970023843,-0.04495256887958774,84.07,10.96499999999999,0.14998974078380395,1.8240871009766124,0.23178710097661237,-0.14556748161565808
272,2026-07-27T14:29:29+00:00,2026-07-27T14:36:14+00:00,404.34,26100666eef5d00878f7a8726d9fd8b9c9fc3c267900d15263c1047c965e2c27,"忠实低失真视频恢复，保持输入视频的原始结构、运动轨迹、边缘和色彩，只恢复可信自然细节，避免重绘、幻觉纹理和时序漂移。 Faithful low-distortion video restoration preserving original structure, motion, edges, and colors with only credible natural details.","感知失真, 时序错位, 几何扭曲, 边缘漂移, 幻觉纹理, 虚假细节, 闪烁, 鬼影, 振铃, 过锐化, 颜色漂移, 噪声放大",3.000000,Low-CFG fidelity prompt with artifact-focused negative prompt.,,prompt_negative_cfg,0,0,completed,,38e603562c0c32bacb04a20b44179fba73b5c19cd5659ace1c5225ba4a4ad2a2,results_test/UDM10,2.219390135034965,2,2,0.018567689464937587,0,0,26.40356768946494,0.018567689464937587,0.0007037214123531395,0.7820544384507782,0.008154438450778123,0.010536811539963978,0.25191266058433437,0.0027126605843343643,-0.010885475860089745,0.12455947399139404,0.007859473991394042,-0.06734767773259676,0.3946827933672936,-0.012117206632706379,-0.029786643639887853,0.5560447189115709,-0.007655281088429056,-0.013580417045288373,4.8657618086133905,0.3059618086133904,-0.06709983082885003,32.24730169853752,0.7246016985375192,-0.022986663532550168,3.129402304080225,0.238302304080225,0.08242617138121304,65.59363863545079,-0.07256136454921602,-0.0011050032520416291,0.31766885403663886,-0.004931145963361139,-0.015285635348298632,28.949524713331652,-4.558775286668347,0.13604913668160865,0.5681789875030517,0.010778987503051729,0.019337975427075223,0.9824541807174683,0.004354180717468292,0.004451672341752676,0.10528762377798558,0.0021876237779855784,0.02121846535388534,0.756835919651153,-0.03806408034884701,-0.04788536966769028,84.037,10.932000000000002,0.1495383352711853,1.8225537818701318,0.2302537818701318,-0.14460452293545925
273,2026-07-27T14:36:17+00:00,2026-07-27T14:42:49+00:00,391.7,8f32c81a946048547b850a014eb6461b3ca1cad4eca081fe29f345d558dbc082,"忠实低失真视频恢复，保持输入视频的原始结构、运动轨迹、边缘和色彩，只恢复可信自然细节，避免重绘、幻觉纹理和时序漂移。 Faithful low-distortion video restoration preserving original structure, motion, edges, and colors with only credible natural details.","感知失真, 时序错位, 几何扭曲, 边缘漂移, 幻觉纹理, 虚假细节, 闪烁, 鬼影, 振铃, 过锐化, 颜色漂移, 噪声放大",4.000000,Low-CFG fidelity prompt with artifact-focused negative prompt.,,prompt_negative_cfg,0,0,completed,,5806072fbaf9b6c1fb822610db67cfdbba6efc4a66f7b6db1da7dcd1f7f69562,results_test/UDM10,2.2171083322170713,2,2,-0.059335042891962786,0,0,26.32566495710804,-0.059335042891962786,-0.002248817240551934,0.7805672338803165,0.0066672338803164255,0.00861511032474018,0.2526224683609701,0.0034224683609700712,-0.013733821673234635,0.12405661229164369,0.007356612291643694,-0.06303866573816362,0.3907244247294241,-0.016075575270575904,-0.03951714668283162,0.5530637554584013,-0.010636244541598727,-0.0188686261160169,4.828369938837683,0.26856993883768254,-0.058899499723163856,32.14812404686416,0.6254240468641612,-0.019840433936945793,3.129699634736584,0.2385996347365844,0.08252901481670798,65.53426594888012,-0.13193405111988454,-0.0020091622649077386,0.3160508224320027,-0.0065491775679972775,-0.02030123238684835,28.891998487903226,-4.616301512096772,0.13776591209034098,0.5686743587255478,0.011274358725547828,0.020226693084944077,0.9820699214935302,0.00396992149353026,0.004058809419824414,0.1072701059281826,0.0041701059281826075,0.04044719619963732,0.7573717885649476,-0.03752821143505247,-0.047211235922823586,84.12899999999999,11.023999999999987,0.1507967991245467,1.842668282527787,0.25036828252778687,-0.1572368790603447
274,2026-07-27T14:42:51+00:00,2026-07-27T14:49:03+00:00,372.181,6da74064001305ad6fcb6d9056aa9280b7be6894582ebf2af9df867d3f7e5a83,"忠实低失真视频恢复，保持输入视频的原始结构、运动轨迹、边缘和色彩，只恢复可信自然细节，避免重绘、幻觉纹理和时序漂移。 Faithful low-distortion video restoration preserving original structure, motion, edges, and colors with only credible natural details.","感知失真, 时序错位, 几何扭曲, 边缘漂移, 幻觉纹理, 虚假细节, 闪烁, 鬼影, 振铃, 过锐化, 颜色漂移, 噪声放大",4.500000,Low-CFG fidelity prompt with artifact-focused negative prompt.,,prompt_negative_cfg,0,0,completed,,8d56d56d05d3ac44884e5269def227162cc399d897387a1f879cdc5123329d78,results_test/UDM10,2.2157614804752774,2,2,-0.10474511300363787,0,0,26.280254886996364,-0.10474511300363787,-0.003969873526762853,0.7796708037856666,0.005770803785666523,0.007456782253090222,0.2530997397197831,0.0038997397197831074,-0.01564903579367218,0.12379828499209497,0.007098284992094972,-0.06082506419961416,0.3888906233733701,-0.01790937662662989,-0.044025016289650665,0.5509792330764955,-0.012720766923504434,-0.022566554769388743,4.804548150781587,0.24474815078158674,-0.053675194258868096,32.07922531564208,0.5565253156420766,-0.017654747710128784,3.1310051075873835,0.2399051075873837,0.08298056365652648,65.50631574815318,-0.15988425184681887,-0.0024348028642866325,0.31493151029271466,-0.007668489707285342,-0.023770891839074215,28.8907955046623,-4.617504495337698,0.13780181314294365,0.5660358667373657,0.008635866737365716,0.015493122959034294,0.9817653059959411,0.0036653059959411705,0.003747373475044648,0.1054478794336319,0.0023478794336319053,0.022772836407680946,0.7520930219313272,-0.04280697806867284,-0.05385202927245294,84.06699999999998,10.961999999999975,0.14994870391902024,1.8506535809137854,0.25835358091378535,-0.16225182497882645
275,2026-07-27T14:49:06+00:00,2026-07-27T14:55:11+00:00,365.122,befd50640ee39c8cfb002dd221d043a3cbce1d799528d2a40f661d2f8610f981,"忠实低失真视频恢复，保持输入视频的原始结构、运动轨迹、边缘和色彩，只恢复可信自然细节，避免重绘、幻觉纹理和时序漂移。 Faithful low-distortion video restoration preserving original structure, motion, edges, and colors with only credible natural details.","感知失真, 时序错位, 几何扭曲, 边缘漂移, 幻觉纹理, 虚假细节, 闪烁, 鬼影, 振铃, 过锐化, 颜色漂移, 噪声放大",5.000000,Low-CFG fidelity prompt with artifact-focused negative prompt.,,prompt_negative_cfg,0,0,completed,,7eff2b61dfd055cf6439d2752462027e741b5e0141ae7a9fc8ce9eefdbc5fab7,results_test/UDM10,2.2143412002187977,2,2,-0.1543905430455368,0,0,26.230609456954465,-0.1543905430455368,-0.005851451318762054,0.7786836606293145,0.004783660629314457,0.006181238699204622,0.2536209854387468,0.004420985438746777,-0.01774071203349429,0.1235567327468626,0.006856732746862604,-0.05875520777088778,0.38694465045006043,-0.01985534954993956,-0.04880862721224081,0.5490116303005527,-0.014688369699447312,-0.02605706882995798,4.781170008714543,0.22137000871454315,-0.04854818384897214,31.98235413550869,0.45965413550868917,-0.014581686705411946,3.129775766787991,0.23867576678799107,0.08255534806405558,65.46671787385017,-0.19948212614983163,-0.0030378204639499714,0.3137888584165804,-0.008811141583419613,-0.027312900134592723,28.89651390814013,-4.611786091859869,0.13763115681368107,0.5629788130521775,0.005578813052177445,0.010008634826296098,0.9814429879188538,0.0033429879188537903,0.003417838583839884,0.10589001420885324,0.0027900142088532476,0.027061243538828786,0.7552934096227519,-0.03960659037724812,-0.049825877943449635,84.035,10.929999999999993,0.14951097736132948,1.859248619027009,0.26694861902700895,-0.16764970107832
276,2026-07-27T14:55:13+00:00,2026-07-27T15:01:20+00:00,367.26,09791025be629779469ec1c8cb1655644042d9124a40d8d9a6fd3735c4015a1b,"忠实低失真视频恢复，保持输入视频的原始结构、运动轨迹、边缘和色彩，只恢复可信自然细节，避免重绘、幻觉纹理和时序漂移。 Faithful low-distortion video restoration preserving original structure, motion, edges, and colors with only credible natural details.","感知失真, 时序错位, 几何扭曲, 边缘漂移, 幻觉纹理, 虚假细节, 闪烁, 鬼影, 振铃, 过锐化, 颜色漂移, 噪声放大",5.500000,Low-CFG fidelity prompt with artifact-focused negative prompt.,,prompt_negative_cfg,0,0,completed,,4c2b1def2105e094ddd9fa17d84d1332bb057c17d8b2a6f0f2bfd75d99f3ff45,results_test/UDM10,2.2128146970689837,2,2,-0.20845996364470665,0,0,26.176540036355295,-0.20845996364470665,-0.007900699778082495,0.7776111914015057,0.0037111914015056646,0.004795440498133692,0.254254289139663,0.005054289139663021,-0.020282059147925444,0.12334006005717861,0.006640060057178612,-0.056898543763312874,0.38533131427341893,-0.02146868572658106,-0.05277454701716092,0.5470029767482512,-0.01669702325174882,-0.029620406691056984,4.760016810454216,0.2002168104542159,-0.04390912111369268,31.872900680815093,0.35020068081509237,-0.011109476054243207,3.1287075592625526,0.23760755926255284,0.08218586671597415,65.41819037160566,-0.24800962839434249,-0.003776823211855452,0.31236509423582787,-0.01023490576417213,-0.03172630429067617,28.93359375,-4.574706249999998,0.1365245700319025,0.5637292593717576,0.006329259371757545,0.011354968374161365,0.981226670742035,0.003126670742034987,0.003196677990016345,0.10771084167063236,0.00461084167063236,0.044722033662777494,0.7503598080138454,-0.044540191986154665,-0.0560324468312425,84.15,11.045000000000002,0.1510840571780316,1.8810473893730282,0.28874738937302813,-0.18133981622371922
277,2026-07-27T15:01:22+00:00,2026-07-27T15:07:33+00:00,371.055,1c72549de8791ac07956fd8df007df6826299eb9b736ebf928bb396e859c394b,"忠实低失真视频恢复，保持输入视频的原始结构、运动轨迹、边缘和色彩，只恢复可信自然细节，避免重绘、幻觉纹理和时序漂移。 Faithful low-distortion video restoration preserving original structure, motion, edges, and colors with only credible natural details.","感知失真, 时序错位, 几何扭曲, 边缘漂移, 幻觉纹理, 虚假细节, 闪烁, 鬼影, 振铃, 过锐化, 颜色漂移, 噪声放大",6.000000,Low-CFG fidelity prompt with artifact-focused negative prompt.,,prompt_negative_cfg,0,0,completed,,ee027f1dedb773d016345caa6c9141f51b4348d797d72a23ee3624997c618793,results_test/UDM10,2.2109441639043,2,2,-0.2662298620900785,0,0,26.118770137909923,-0.2662298620900785,-0.010090197539893063,0.7764509656239327,0.002550965623932644,0.0032962470912684377,0.254994045438305,0.005794045438305001,-0.023250583620806585,0.12318707012361096,0.006487070123610966,-0.05558757603779749,0.38331984887200016,-0.023480151127999838,-0.05771915223205466,0.5448507851169955,-0.018849214883004506,-0.033438380136605474,4.739765578476044,0.1799655784760441,-0.03946786667749553,31.77979547741207,0.2570954774120686,-0.008155883773029234,3.1259659644096134,0.2348659644096136,0.08123757891792523,65.37179612190492,-0.29440387809508195,-0.004483339649546981,0.31086768404610693,-0.011732315953893069,-0.03636799737722588,28.966708275579634,-4.541591724420364,0.13553632158063417,0.5646385073661804,0.007238507366180369,0.012986199078185089,0.9807941854000092,0.002694185400009208,0.0027545091504030347,0.10760587602853774,0.0045058760285377475,0.04370393820114207,0.7492297140078054,-0.04567028599219469,-0.05745412755339626,84.172,11.066999999999993,0.15138499418644405,1.9014046939021985,0.3091046939021984,-0.19412465860842706
278,2026-07-27T15:07:41+00:00,2026-07-27T15:13:58+00:00,377.374,bd274152589a15d27d8bd0a3af057dcdaa196a2b04973d3ac1483cd9fdbfdfbc,"忠实低失真视频恢复，保持输入视频的原始结构、运动轨迹、边缘和色彩，只恢复可信自然细节，避免重绘、幻觉纹理和时序漂移。 Faithful low-distortion video restoration preserving original structure, motion, edges, and colors with only credible natural details.","感知失真, 时序错位, 几何扭曲, 边缘漂移, 幻觉纹理, 虚假细节, 闪烁, 鬼影, 振铃, 过锐化, 颜色漂移, 噪声放大",6.500000,Low-CFG fidelity prompt with artifact-focused negative prompt.,,prompt_negative_cfg,0,0,completed,,108a9dd85c0a4a613d21cdf6867a12cbfd256a74987f58ca909e54d71c819069,results_test/UDM10,2.209557720274728,2,2,-0.328432395688953,0,0,26.05656760431105,-0.328432395688953,-0.012447693602006935,0.7752117672623223,0.0013117672623222942,0.001695008737979447,0.25580694598536335,0.006606945985363349,-0.026512624339339284,0.12313447383142287,0.006434473831422871,-0.05513687944663986,0.3820219289391271,-0.024778071060872875,-0.06090971253901887,0.5428798582284682,-0.020820141771531797,-0.03693479115049104,4.716887445870725,0.15708744587072498,-0.03445051227482016,31.62265444820963,0.09995444820962973,-0.0031708720448955746,3.125211046972583,0.23411104697258311,0.08097646119905334,65.29759463648642,-0.36860536351358064,-0.00561331953902587,0.3093917071098281,-0.013208292890171891,-0.040943251364451,29.03495778729839,-4.47334221270161,0.13349952736192555,0.5570503920316696,-0.0003496079683303899,-0.0006272119991574988,0.9800656616687775,0.0019656616687775408,0.0020096735188401397,0.10399894826114178,0.0008989482611417854,0.008719187789930024,0.7690168653974098,-0.025883134602590285,-0.03256149780172384,83.897,10.792000000000002,0.1476232815812872,1.9183474430610659,0.3260474430610658,-0.20476508387933542
279,2026-07-27T15:14:01+00:00,2026-07-27T15:20:17+00:00,376.437,8138047a5c5e3a1e2594d27b1f92ec0b63550b3784336ebf06750669a66a9955,"忠实低失真视频恢复，保持输入视频的原始结构、运动轨迹、边缘和色彩，只恢复可信自然细节，避免重绘、幻觉纹理和时序漂移。 Faithful low-distortion video restoration preserving original structure, motion, edges, and colors with only credible natural details.","感知失真, 时序错位, 几何扭曲, 边缘漂移, 幻觉纹理, 虚假细节, 闪烁, 鬼影, 振铃, 过锐化, 颜色漂移, 噪声放大",7.000000,Low-CFG fidelity prompt with artifact-focused negative prompt.,,prompt_negative_cfg,0,0,completed,,552b5b4dbeeb7032c898dae0a52966dda33709fa0f16548f0c4dbeeb87df838c,results_test/UDM10,3.2074129748359845,3,2,-0.3942953035908374,0,0,25.990704696409164,-0.3942953035908374,-0.014943919029404487,0.7738906466009656,-9.353399034406351e-06,-1.2086056382486563e-05,0.2567282764181014,0.007528276418101415,-0.030209776958673416,0.12321705010629472,0.0065170501062947195,-0.05584447391854944,0.379825267820589,-0.026974732179410987,-0.06630956779599555,0.5401081805267641,-0.023591819473235853,-0.04185172870895131,4.692429328317553,0.13262932831755325,-0.029086654747478673,31.492237998643198,-0.03046200135680266,0.0009663512756458888,3.122328842070795,0.23122884207079508,0.07997953791663903,65.23011461688625,-0.436085383113749,-0.006640941353599705,0.3077693255437958,-0.014830674456204174,-0.045972332474284484,29.094603310861896,-4.413696689138103,0.13171950499243779,0.5572674006223679,-0.00013259937763210328,-0.00023788908796573964,0.9800367772579193,0.0019367772579192977,0.001980142375952661,0.10381661094725132,0.0007166109472513255,0.006950639643562808,0.7550444847547069,-0.03985551524529318,-0.05013903037525875,83.70000000000002,10.595000000000013,0.1449285274605022,1.9468233104271353,0.35452331042713525,-0.22264856523716337
280,2026-07-27T15:20:20+00:00,2026-07-27T15:26:52+00:00,392.533,6fb57710c988e89ff9ed64cbfc3b76b5c7bfd0eb86f8499f9b4d9562057f2db0,"忠实低失真视频恢复，保持输入视频的原始结构、运动轨迹、边缘和色彩，只恢复可信自然细节，避免重绘、幻觉纹理和时序漂移。 Faithful low-distortion video restoration preserving original structure, motion, edges, and colors with only credible natural details.","low perceptual quality, dull texture, temporal flicker, unstable edges, warped geometry, ghosting, ringing, oversharpening, fake texture, color drift, noise amplification",2.000000,Low-CFG fidelity prompt with artifact-focused negative prompt.,,prompt_negative_cfg,0,0,completed,,49581aec7291d6c1c14554445228342f221d2cdcfe90cca9c2b49443650be20f,results_test/UDM10,3.2236647648648185,3,2,0.055285024335308464,0,0,26.44028502433531,0.055285024335308464,0.0020953202325301673,0.7829210474214611,0.009021047421461037,0.01165660604918082,0.2506737135110363,0.0014737135110362842,-0.005913778134174495,0.12398660240634796,0.007286602406347958,-0.06243875241086511,0.39840794787291556,-0.008392052127084437,-0.020629430007582196,0.5593794024759722,-0.004320597524027803,-0.0076647108817239715,4.895189303475752,0.33538930347575224,-0.07355351188116853,32.141296744046066,0.6185967440460658,-0.019623850242716068,3.1476958590169106,0.25659585901691084,0.08875371277953403,65.89257362119614,0.22637362119613158,0.0034473385272199633,0.3208134525725918,-0.0017865474274081916,-0.0055379647470805695,29.25581999747984,-4.252480002520159,0.1269082586260765,0.5674536973237991,0.010053697323799127,0.01803677309615918,0.9822803795337677,0.0041803795337677085,0.004273979688955842,0.10615044683218003,0.0030504468321800315,0.029587263163724845,0.7584958285046863,-0.03640417149531372,-0.04579717133641177,84.265,11.159999999999997,0.15265713699473354,1.8423532159310223,0.25005321593102225,-0.15703901019344485
281,2026-07-27T15:26:54+00:00,2026-07-27T15:33:31+00:00,397.017,2ee4389fb05ca35de3bea3823623f03b5192a21657d3a7991fbf7a7eda187bc7,"忠实低失真视频恢复，保持输入视频的原始结构、运动轨迹、边缘和色彩，只恢复可信自然细节，避免重绘、幻觉纹理和时序漂移。 Faithful low-distortion video restoration preserving original structure, motion, edges, and colors with only credible natural details.","low perceptual quality, dull texture, temporal flicker, unstable edges, warped geometry, ghosting, ringing, oversharpening, fake texture, color drift, noise amplification",3.000000,Low-CFG fidelity prompt with artifact-focused negative prompt.,,prompt_negative_cfg,0,0,completed,,99423e1cbdd6f65c31a502aa2616a8e1bfadf3dec034444add73eb1a9fc6419f,results_test/UDM10,3.2275993458564347,3,2,-0.032210508777250624,0,0,26.35278949122275,-0.032210508777250624,-0.0012207886593614031,0.7815273822260523,0.007627382226052304,0.009855772355669083,0.25072631232680814,0.001526312326808138,-0.006124848823467649,0.12292279620324412,0.006222796203244119,-0.053323018022657404,0.3994732800029939,-0.00732671999700607,-0.01801061946166684,0.5593139534996402,-0.004386046500359786,-0.007780816924533947,4.866265062676087,0.30646506267608675,-0.06721019840258054,31.953933164494277,0.4312331644942766,-0.013680083384173203,3.17988626726212,0.2887862672621204,0.09988802437207998,66.18648769009498,0.5202876900949747,0.007923219100465303,0.3222304147578055,-0.0003695852421944923,-0.0011456455120722017,29.286209204889115,-4.2220907951108835,0.12600134280494335,0.5667850792407989,0.0093850792407989,0.016837242986722102,0.9825992584228516,0.004499258422851593,0.0045999983875386905,0.1035844374448061,0.00048443744480609896,0.004698714304617837,0.7625564744408542,-0.03234352555914588,-0.04068879803641449,84.333,11.227999999999994,0.1535873059298269,1.8744504070249,0.2821504070248999,-0.17719676381642901
282,2026-07-27T15:33:34+00:00,2026-07-27T15:40:33+00:00,419.064,2bca25c964eb04a1da5003a73e4edb60b8bf0a67f4c5807762a8fa106d0a6654,"忠实低失真视频恢复，保持输入视频的原始结构、运动轨迹、边缘和色彩，只恢复可信自然细节，避免重绘、幻觉纹理和时序漂移。 Faithful low-distortion video restoration preserving original structure, motion, edges, and colors with only credible natural details.","low perceptual quality, dull texture, temporal flicker, unstable edges, warped geometry, ghosting, ringing, oversharpening, fake texture, color drift, noise amplification",4.000000,Low-CFG fidelity prompt with artifact-focused negative prompt.,,prompt_negative_cfg,0,0,completed,,a70a5580ef063456e39c785953d34d1ea884fcfb8d4b3526e87a204a50a92e3a,results_test/UDM10,4.229892944620507,4,2,-0.1437532535676027,0,0,26.2412467464324,-0.1437532535676027,-0.005448294620716419,0.7796330247872877,0.005733024787287655,0.007407965870639172,0.25110798591086947,0.0019079859108694641,-0.0076564442651262605,0.12179920481097314,0.005099204810973146,-0.043694985526762174,0.39819915501340747,-0.008600844986592526,-0.021142686791033743,0.5581073211085413,-0.005592678891458647,-0.00992137465222396,4.8213713691680615,0.26157136916806145,-0.05736465835520449,31.657585033578954,0.13488503357895354,-0.004278980974946738,3.2082239677829127,0.31712396778291296,0.10968972632662757,66.42822415751796,0.7620241575179563,0.01160451126329765,0.32272765112500035,0.0001276511250003498,0.00039569474581633543,29.390005197832664,-4.118294802167334,0.12290372242600592,0.5803563982248306,0.022956398224830643,0.04118478332405928,0.9823011040687561,0.0042011040687561785,0.004295168253508004,0.11043181493878365,0.007331814938783654,0.07111362695231478,0.7604400453920579,-0.034459954607942156,-0.043351307847455216,84.30499999999999,11.199999999999989,0.15320429519184717,1.9152531390136573,0.3229531390136573,-0.2028217917563633
283,2026-07-27T15:40:36+00:00,2026-07-27T15:48:13+00:00,456.884,acddfa8b65560847a10ac6d576fb26177e9e09c1c15df2fba07dbbaa11f1e9b3,"忠实低失真视频恢复，保持输入视频的原始结构、运动轨迹、边缘和色彩，只恢复可信自然细节，避免重绘、幻觉纹理和时序漂移。 Faithful low-distortion video restoration preserving original structure, motion, edges, and colors with only credible natural details.","low perceptual quality, dull texture, temporal flicker, unstable edges, warped geometry, ghosting, ringing, oversharpening, fake texture, color drift, noise amplification",4.500000,Low-CFG fidelity prompt with artifact-focused negative prompt.,,prompt_negative_cfg,0,0,completed,,d76892895e461aff7814b3b9bc52ce348f80bfc068a5add629fa4633a06b6679,results_test/UDM10,5.230672452944143,5,2,-0.20800319671630874,0,1,26.176996803283693,-0.20800319671630874,-0.007883388164347497,0.7785116782961632,0.0046116782961631575,0.005959010590726396,0.25149916667611366,0.0022991666761136564,-0.009226190514099744,0.12131402300250146,0.004614023002501466,-0.039537472172249066,0.3975877280196836,-0.009212271980316378,-0.02264570299979444,0.5570440852834333,-0.00665591471656668,-0.011807547838507505,4.798022059900619,0.23822205990061907,-0.05224397120501317,31.507590875244812,-0.015109124755188219,0.000479309347079667,3.220468209635827,0.329368209635827,0.11392487621868046,66.53465365748252,0.8684536574825188,0.013225276587993804,0.3227422583728067,0.00014225837280668063,0.0004409744972308761,29.450780462449597,-4.057519537550402,0.12108998479631619,0.5751577079296112,0.017757707929611177,0.03185810536349332,0.9821062028408051,0.0040062028408051065,0.004095903119113697,0.10704451203346252,0.003944512033462522,0.038259088588385275,0.7675742014844151,-0.02732579851558492,-0.03437639767968917,84.328,11.222999999999999,0.15351891115518773,1.9377094505277157,0.34540945052771566,-0.21692485745633086
284,2026-07-27T15:48:18+00:00,2026-07-27T15:54:31+00:00,373.112,f5f8e5d27b9d7e7c990b70069128e1efe9a908081a4638c8f9656060af3053c5,"忠实低失真视频恢复，保持输入视频的原始结构、运动轨迹、边缘和色彩，只恢复可信自然细节，避免重绘、幻觉纹理和时序漂移。 Faithful low-distortion video restoration preserving original structure, motion, edges, and colors with only credible natural details.","low perceptual quality, dull texture, temporal flicker, unstable edges, warped geometry, ghosting, ringing, oversharpening, fake texture, color drift, noise amplification",5.000000,Low-CFG fidelity prompt with artifact-focused negative prompt.,,prompt_negative_cfg,0,0,completed,,d0400e6619d566ab588d81c3cdc344d9b61604400fc22a950f04dc09243d293c,results_test/UDM10,4.2312838819871645,4,2,-0.27787935687650034,0,0,26.1071206431235,-0.27787935687650034,-0.010531717145215096,0.7772796293506368,0.003379629350636737,0.004367010402683469,0.25205218630932996,0.002852186309329957,-0.01144537042267238,0.12091101754096248,0.004211017540962481,-0.03608412631501697,0.3969171052978885,-0.009882894702111511,-0.024294234764285917,0.5555444813543751,-0.008155518645624915,-0.014467835099565222,4.774805511339588,0.21500551133958812,-0.047152399521818524,31.33131098350621,-0.19138901649379036,0.0060714664826867736,3.232785475254059,0.34168547525405923,0.11818528423577851,66.63509170778336,0.9688917077833565,0.014754800914067763,0.322543765965008,-5.623403499199764e-05,-0.00017431504957221835,29.523760789440523,-3.9845392105594755,0.1189120071910385,0.5728517681360245,0.015451768136024446,0.0277211484320496,0.9817459583282471,0.003645958328247101,0.003727592606325632,0.10586050562560559,0.0027605056256055915,0.026775030316252103,0.7575813991302719,-0.03731860086972816,-0.04694754166527633,84.36099999999999,11.255999999999986,0.1539703166678064,1.9632594261929626,0.3709594261929625,-0.23297081341013787
285,2026-07-27T15:54:33+00:00,2026-07-27T16:02:10+00:00,457.182,802a47b83206f7c6894ad45604a7cff1b4ec268702dc11ea60453b0b163bdc7b,"忠实低失真视频恢复，保持输入视频的原始结构、运动轨迹、边缘和色彩，只恢复可信自然细节，避免重绘、幻觉纹理和时序漂移。 Faithful low-distortion video restoration preserving original structure, motion, edges, and colors with only credible natural details.","low perceptual quality, dull texture, temporal flicker, unstable edges, warped geometry, ghosting, ringing, oversharpening, fake texture, color drift, noise amplification",5.500000,Low-CFG fidelity prompt with artifact-focused negative prompt.,,prompt_negative_cfg,0,0,completed,,47e50587e5766f0c5aecb2ffc71cc7d073c8f6a4ff878e6907c58968e211da30,results_test/UDM10,4.231688005374519,4,2,-0.35311448989375904,0,0,26.031885510106243,-0.35311448989375904,-0.013383152923773319,0.7759385587210478,0.002038558721047745,0.0026341371250132384,0.2527087189257145,0.003508718925714499,-0.014079931483605534,0.12056597009781869,0.003865970097818694,-0.03312742157513877,0.3961550537136293,-0.010644946286370693,-0.026167517911432382,0.5546037223069898,-0.009096277693010135,-0.01613673530780581,4.7533344386044085,0.19353443860440844,-0.042443624414318266,31.19512026223441,-0.32757973776558913,0.010391868011483443,3.2449706358294335,0.3538706358294337,0.12239999855744654,66.73077767895114,1.0645776789511388,0.016211958038551626,0.32221683955961655,-0.00038316044038344543,-0.0011877261016225835,29.611144231980848,-3.89715576801915,0.11630419233500805,0.5741410970687866,0.01674109706878657,0.030034260977370955,0.9812162041664123,0.0031162041664123397,0.0031859770641164908,0.10833105705678463,0.00523105705678463,0.05073770181168409,0.7680559941997244,-0.026844005800275683,-0.03377029286737411,84.254,11.149000000000001,0.15250666849052733,1.9901308703265386,0.3978308703265385,-0.24984668110691358
286,2026-07-27T16:02:13+00:00,2026-07-27T16:08:20+00:00,367.516,6a613211452f46bf290c225bf059cf24a3639b2f787b3d4c5ce1d32c7b5821cc,"忠实低失真视频恢复，保持输入视频的原始结构、运动轨迹、边缘和色彩，只恢复可信自然细节，避免重绘、幻觉纹理和时序漂移。 Faithful low-distortion video restoration preserving original structure, motion, edges, and colors with only credible natural details.","low perceptual quality, dull texture, temporal flicker, unstable edges, warped geometry, ghosting, ringing, oversharpening, fake texture, color drift, noise amplification",6.000000,Low-CFG fidelity prompt with artifact-focused negative prompt.,,prompt_negative_cfg,0,0,completed,,ae20be96da2d96eb66a729a96076642dd8b9bcc82ddd00b5d42c2db97fbce5c2,results_test/UDM10,4.231877161935008,4,2,-0.4338418825211079,0,0,25.951158117478894,-0.4338418825211079,-0.016442747110900432,0.7744885584970432,0.0005885584970432012,0.0007605097519617536,0.2535205983827191,0.004320598382719115,-0.0173378747300125,0.12039409414414437,0.003694094144144372,-0.03165461991554732,0.3954374598399285,-0.011362540160071488,-0.027931514651109855,0.553236132187228,-0.010463867812771976,-0.018562830961099834,4.729659584156467,0.16985958415646696,-0.03725154264583248,31.04442320766618,-0.47827679233381915,0.015172456430883748,3.2553621934306234,0.3642621934306236,0.12599432514635386,66.8065622022075,1.1403622022074984,0.01736604527454761,0.3217091844687539,-0.0008908155312460919,-0.002761362465114978,29.692943942162298,-3.8153560578377004,0.11386301477060014,0.5692942351102829,0.01189423511028287,0.021338778454041744,0.9807892084121704,0.002689208412170463,0.002749420726071427,0.10404963083565236,0.0009496308356523597,0.009210774351623275,0.7730122858689179,-0.021887714131082148,-0.027535179432736378,84.204,11.09899999999999,0.151822720744135,2.0223565607254086,0.43005656072540854,-0.2700851351663685
287,2026-07-27T16:09:20+00:00,2026-07-27T16:15:36+00:00,375.828,a2ea35d6aebc6de9c8198343fce8c38260357818e2ac301f39ae08d484bf059d,"A clear, natural, high-quality restored video with faithful scene structure, realistic fine details, stable edges, consistent textures across frames, natural colors, smooth motion, and strong temporal consistency.","blur, flickering, temporal inconsistency, unstable details, hallucinated textures, oversharpening, ringing artifacts, ghosting, warped structures, color shifts, noise, compression artifacts, excessive smoothing, low quality",4.250000,Low-CFG refinement with original text after low CFG led prior batches.,,coarse_cfg,0,0,completed,,c687c85dbefb9bbce498d66b1fbb2e657d30e54fd2fffd38598a4c17fd01710a,results_test/UDM10,2.2062741855264076,2,2,0.0012766758088105234,0,0,26.386276675808812,0.0012766758088105234,4.838642443852656e-05,0.7814595798111598,0.007559579811159733,0.009768161017133651,0.25063374963018203,0.0014337496301820296,-0.005753409430907021,0.12370927660695967,0.007009276606959672,-0.0600623531016253,0.38869460551969465,-0.018105394480305348,-0.04450686942061295,0.5509275083580325,-0.012772491641967476,-0.022658314071256833,4.93348137284594,0.3736813728459403,-0.08195126383743591,32.66410382879293,1.1414038287929316,-0.03620894875099314,3.11758210274481,0.2264821027448103,0.07833769248549352,65.54146064019973,-0.12473935980027306,-0.0018995976590738166,0.3159435620471355,-0.0066564379528645246,-0.020633719630702183,30.442657273815524,-3.0656427261844748,0.09148905573199699,0.541943621635437,-0.01545637836456304,-0.027729419383859057,0.9784094393253326,0.00030943932533267215,0.0003163677797082836,0.10332340374588966,0.0002234037458896665,0.0021668646546039428,0.7494372589731568,-0.04546274102684322,-0.05719303186167218,83.608,10.503,0.1436700636071404,1.8657293802971253,0.27342938029712527,-0.17171976405019485
288,2026-07-27T16:15:36+00:00,2026-07-27T16:21:54+00:00,377.94,9821f73a4a3121a70155cdc995e83dcb28639b8ab3c4a6d7f1fb44a8c761ed15,"A clear, natural, high-quality restored video with faithful scene structure, realistic fine details, stable edges, consistent textures across frames, natural colors, smooth motion, and strong temporal consistency.","blur, flickering, temporal inconsistency, unstable details, hallucinated textures, oversharpening, ringing artifacts, ghosting, warped structures, color shifts, noise, compression artifacts, excessive smoothing, low quality",4.750000,Low-CFG refinement with original text after low CFG led prior batches.,,coarse_cfg,0,0,completed,,e1cde0413be93e291a4c40a3428abdef4f7852949b728162b133849413896116,results_test/UDM10,2.203969656916676,2,2,-0.03580271690123027,0,0,26.34919728309877,-0.03580271690123027,-0.0013569345044999153,0.780715501844996,0.006815501844996019,0.008806695755260394,0.25084610660710643,0.001646106607106429,-0.006605564233974434,0.12338590968039728,0.006685909680397284,-0.05729142828103928,0.38677736962995224,-0.020022630370047756,-0.04921983866776734,0.5491347740734777,-0.014565225926522318,-0.025838612606922686,4.924922161881762,0.3651221618817617,-0.08007416156010388,32.679348231894735,1.156648231894735,-0.03669254955618444,3.1209694235555583,0.2298694235555585,0.07950932985907043,65.50344232128512,-0.16275767871488256,-0.0024785609448221848,0.3149627587487621,-0.007637241251237881,-0.0236740274371912,30.62049245526714,-2.8878075447328584,0.08618185777054815,0.5419677048921585,-0.015432295107841498,-0.027686212967064045,0.9775116503238678,-0.0005883496761321938,-0.0006015230305001471,0.10619715116918087,0.00309715116918087,0.030040263522607857,0.7582725672440493,-0.036627432755950706,-0.046078038439993335,83.777,10.671999999999997,0.14598180698994592,1.877117162293871,0.2848171622938709,-0.17887154574757952
289,2026-07-27T16:21:55+00:00,2026-07-27T16:28:11+00:00,375.8,4ed105b742ba7b8dc6d355545e92a3510be7e200a0ecfc84ce3ecd05d3f3b0e9,"高观感且忠实的视频修复，保持原始内容和运动不变，呈现自然清晰、真实色彩、干净边缘、舒适对比度和高审美质量。 High perceptual quality faithful video restoration with natural clarity, realistic color, clean edges, pleasant contrast, and no invented content.","low aesthetic quality, dull colors, flat contrast, muddy texture, unnatural color, visual artifacts, temporal flicker, ghosting, warped edges, fake details, oversharpening, ringing, noise amplification",2.500000,Low-CFG fidelity prompt with artifact-focused negative prompt.,,prompt_negative_cfg,0,0,completed,,ab8e537521a26591f5cd291bfd07861349c4a675740d7fd635d9f78b875eea7a,results_test/UDM10,2.21705579771369,2,2,0.05153196519421144,0,0,26.436531965194213,0.05153196519421144,0.0019530780820243105,0.7830856854978365,0.009185685497836493,0.01186934422772515,0.2505486559242972,0.0013486559242971985,-0.00541194191130497,0.1242029453477552,0.007502945347755197,-0.06429259081195542,0.3944357691272613,-0.01236423087273869,-0.030393881201422543,0.556250873208046,-0.007449126791953975,-0.013214700713063642,4.89910789987894,0.33930789987894006,-0.07441289088971886,32.03718407009457,0.5144840700945679,-0.016321066091881973,3.0846329558280208,0.193532955828021,0.06694094145066619,65.50121622393209,-0.16498377606791337,-0.0025124611454281406,0.3156468462319143,-0.006953153768085696,-0.021553483472057332,28.936252126386087,-4.572047873613911,0.1364452351690152,0.5557170242071152,-0.0016829757928847888,-0.003019332244142068,0.9808082818984986,0.002708281898498588,0.002768921274408126,0.10357881113886833,0.00047881113886832916,0.004644142957015802,0.7567409277503354,-0.03815907224966464,-0.04800487136704571,83.741,10.635999999999996,0.14548936461254353,1.837138798024777,0.24483879802477704,-0.1537642391664743
290,2026-07-27T16:28:12+00:00,2026-07-27T16:34:29+00:00,376.691,955be19b2bb2c8b7a7d10ea1c1df3146aff729df4ca078fe7a8a46fc84db0dce,"高观感且忠实的视频修复，保持原始内容和运动不变，呈现自然清晰、真实色彩、干净边缘、舒适对比度和高审美质量。 High perceptual quality faithful video restoration with natural clarity, realistic color, clean edges, pleasant contrast, and no invented content.","low aesthetic quality, dull colors, flat contrast, muddy texture, unnatural color, visual artifacts, temporal flicker, ghosting, warped edges, fake details, oversharpening, ringing, noise amplification",3.000000,Low-CFG fidelity prompt with artifact-focused negative prompt.,,prompt_negative_cfg,0,0,completed,,49b665b98916cd5cbd878ce05483229a32c1f0d63e7fbdbdc875a01a53082cba,results_test/UDM10,2.216429611749481,2,2,0.013656032931418594,0,0,26.39865603293142,0.013656032931418594,0.0005175680474291678,0.7824749883958161,0.008574988395816052,0.011080227931019579,0.25054115871748617,0.0013411587174861628,-0.005381856811742226,0.12380707206264618,0.007107072062646186,-0.06090036043398617,0.39289534365938555,-0.01390465634061444,-0.03418057114212006,0.555067402508951,-0.008632597491048943,-0.015314169755275756,4.878651652062284,0.3188516520622837,-0.06992667486781957,31.870697495104015,0.3479974951040141,-0.011039584017359367,3.0778679151688855,0.1867679151688857,0.06460098757181892,65.47462250494189,-0.1915774950581124,-0.002917444515719082,0.3143992978718973,-0.0082007021281027,-0.025420651358036887,28.841307018649196,-4.666992981350802,0.13927871546305848,0.5600964069366455,0.0026964069366455234,0.004837472078660789,0.9806954979896545,0.002595497989654527,0.0026536120945246165,0.10725905634462833,0.004159056344628334,0.04034002274130295,0.7535814530006485,-0.04131854699935156,-0.05197955340212801,83.63,10.524999999999991,0.14397100061555285,1.8479990205620802,0.25569902056208016,-0.16058470172836786
291,2026-07-27T16:34:29+00:00,2026-07-27T16:40:45+00:00,376.175,587585b2683919a5e270b55147659f7b0abc7be3c45e7ab42a0bc5d47366b0e7,"高观感且忠实的视频修复，保持原始内容和运动不变，呈现自然清晰、真实色彩、干净边缘、舒适对比度和高审美质量。 High perceptual quality faithful video restoration with natural clarity, realistic color, clean edges, pleasant contrast, and no invented content.","low aesthetic quality, dull colors, flat contrast, muddy texture, unnatural color, visual artifacts, temporal flicker, ghosting, warped edges, fake details, oversharpening, ringing, noise amplification",3.500000,Low-CFG fidelity prompt with artifact-focused negative prompt.,,prompt_negative_cfg,0,0,completed,,2091cea11ed2a077cc8fa8c0734ae287ed40cf9882fb6146721f108ed9f93d93,results_test/UDM10,2.2151624849536438,2,2,-0.031458742695473774,0,0,26.353541257304528,-0.031458742695473774,-0.0011922964826785588,0.7817092909702792,0.007809290970279159,0.010090826941826022,0.2505652935033844,0.0013652935033844071,-0.005478705872329082,0.12338669088578993,0.0066866908857899365,-0.057298122414652417,0.390630373454863,-0.016169626545136984,-0.03974834450623644,0.5536491515174988,-0.010050848482501151,-0.01783013745343472,4.85760705456749,0.2978070545674898,-0.06531142913449928,31.720235388555704,0.1975353885557034,-0.006266448894152576,3.071415376278662,0.18031537627866223,0.06236912465105401,65.42169268208167,-0.2445073179183339,-0.003723488155524972,0.31286431245746155,-0.009735687542538451,-0.030178820652630042,28.76635584677419,-4.741944153225809,0.1415155096864302,0.5573911726474762,-8.827352523832488e-06,-1.5836656842182433e-05,0.9805341064929962,0.0024341064929962464,0.0024886069859894147,0.10564909130334854,0.002549091303348544,0.024724454930635735,0.7558210211333825,-0.0390789788666176,-0.04916213217589331,83.753,10.647999999999996,0.14565351207167768,1.8586434260214442,0.2663434260214441,-0.16726962634016462
292,2026-07-27T16:40:46+00:00,2026-07-27T16:47:00+00:00,373.88,525add771cd05cb2e0c6d9b61272a014e385cbd185deab4d6dd9e097fd9f244a,"高观感且忠实的视频修复，保持原始内容和运动不变，呈现自然清晰、真实色彩、干净边缘、舒适对比度和高审美质量。 High perceptual quality faithful video restoration with natural clarity, realistic color, clean edges, pleasant contrast, and no invented content.","low aesthetic quality, dull colors, flat contrast, muddy texture, unnatural color, visual artifacts, temporal flicker, ghosting, warped edges, fake details, oversharpening, ringing, noise amplification",4.000000,Low-CFG fidelity prompt with artifact-focused negative prompt.,,prompt_negative_cfg,0,0,completed,,80348a538cd23735b675e4a3b88386a44b36fb12949c717f4cb233ab8ffcada7,results_test/UDM10,2.214072133595278,2,2,-0.08342294262302019,0,0,26.30157705737698,-0.08342294262302019,-0.003161756400341868,0.7808137892450725,0.006913789245072466,0.008933698468888055,0.2507031770002458,0.0015031770002457978,-0.006032010434373185,0.12299391704220926,0.00629391704220926,-0.053932451090053644,0.3889172615062806,-0.017882738493719408,-0.04395953415368586,0.5524410556400976,-0.011258944359902379,-0.019973291395959516,4.832580579793502,0.2727805797935021,-0.059822926398855676,31.553867681657756,0.031167681657755963,-0.0009887376924488055,3.0626181306377536,0.17151813063775379,0.05932625320388565,65.35823018473964,-0.30796981526036404,-0.004689928993308034,0.3112698253845015,-0.011330174615498512,-0.035121434022004065,28.686066658266128,-4.82223334173387,0.1439116082204669,0.5507741659879685,-0.0066258340120315395,-0.011887036261269357,0.9800985932350159,0.001998593235015944,0.0020433424343277214,0.10079020522534847,-0.0023097947746515274,-0.022403441073244688,0.7519324474361059,-0.042967552563894174,-0.0540540351791347,83.721,10.616,0.14521578551398673,1.8681879940413637,0.27588799404136366,-0.1732638284502692
293,2026-07-27T16:47:00+00:00,2026-07-27T16:53:18+00:00,378.274,6fc2fad1e71df41e6add44f3b83865afa102a33eb15bef072ddb5f3ae3c1d071,"高观感且忠实的视频修复，保持原始内容和运动不变，呈现自然清晰、真实色彩、干净边缘、舒适对比度和高审美质量。 High perceptual quality faithful video restoration with natural clarity, realistic color, clean edges, pleasant contrast, and no invented content.","low aesthetic quality, dull colors, flat contrast, muddy texture, unnatural color, visual artifacts, temporal flicker, ghosting, warped edges, fake details, oversharpening, ringing, noise amplification",4.250000,Low-CFG fidelity prompt with artifact-focused negative prompt.,,prompt_negative_cfg,0,0,completed,,54306b570e298b38983ec1ca6c51c6e170018ca3b02a10cf83eccaba18d992bb,results_test/UDM10,3.213356474429904,3,2,-0.11179755918441714,0,0,26.273202440815584,-0.11179755918441714,-0.004237163508979236,0.7803126577617403,0.00641265776174027,0.008286158110531424,0.2508021546467658,0.001602154646765802,-0.006429192001467906,0.12277759794265992,0.006077597942659926,-0.05207881698937383,0.3879077344652145,-0.018892265534785513,-0.046441164048145314,0.5517485797405242,-0.01195142025947582,-0.021201738973702006,4.82354095599482,0.2637409559948196,-0.057840465808767845,31.475079276938867,-0.047620723061132963,0.001510680337062909,3.060554119848436,0.16945411984843606,0.058612334353165256,65.3206384105067,-0.3455615894933004,-0.0052623966286049805,0.3103250295404465,-0.012274970459553503,-0.03805012541709083,28.67212307837702,-4.836176921622979,0.1443277313866409,0.5486299872398377,-0.008770012760162316,-0.01573378679612902,0.9799499452114105,0.0018499452114105752,0.0018913661296499082,0.10047384686768054,-0.002626153132319453,-0.025471902350334173,0.7506751273749386,-0.04422487262506147,-0.055635768807474485,83.61999999999999,10.514999999999986,0.14383421106627434,1.8766351892554667,0.28433518925546664,-0.17856885590370322
294,2026-07-27T16:53:19+00:00,2026-07-27T16:59:30+00:00,371.067,4d26c0c1e85e553e371cf9322aaa1cb8f3c80ac892462d0545683ec1b8b20d18,"高观感且忠实的视频修复，保持原始内容和运动不变，呈现自然清晰、真实色彩、干净边缘、舒适对比度和高审美质量。 High perceptual quality faithful video restoration with natural clarity, realistic color, clean edges, pleasant contrast, and no invented content.","low aesthetic quality, dull colors, flat contrast, muddy texture, unnatural color, visual artifacts, temporal flicker, ghosting, warped edges, fake details, oversharpening, ringing, noise amplification",4.500000,Low-CFG fidelity prompt with artifact-focused negative prompt.,,prompt_negative_cfg,0,0,completed,,e649fc91d5e4ad6f0e77ffdcbb8e5ed58e8283fddfe08c731add5b80972bf687,results_test/UDM10,3.212493459377387,3,2,-0.14192287568123518,0,0,26.243077124318766,-0.14192287568123518,-0.005378922709161841,0.7797758250691469,0.005875825069146856,0.007592486198665016,0.2509385049823792,0.0017385049823791798,-0.0069763442310560985,0.12261831741179188,0.005918317411791885,-0.05071394525957056,0.3869315462247018,-0.019868453775298223,-0.04884084015560035,0.5508775159235925,-0.012822484076407514,-0.022747000312945742,4.812603261569638,0.25280326156963806,-0.055441743403140065,31.379053658069136,-0.14364634193086445,0.004556917457288381,3.0558793613987585,0.1647793613987587,0.05699538632311533,65.2829092210339,-0.3832907789660993,-0.005836956896639356,0.3093924994189893,-0.013207500581010723,-0.04094079535341204,28.674141176285282,-4.834158823714716,0.1442675045799016,0.5532566010951996,-0.004143398904800422,-0.007433439011123828,0.9794396042823792,0.0013396042823792254,0.0013695984892947812,0.10582162663340569,0.0027216266334056938,0.026397930488901006,0.7634255701368887,-0.03147442986311133,-0.03959545837603639,83.57300000000001,10.468000000000004,0.14319130018466594,1.874688528938956,0.28238852893895605,-0.1773463097022898
295,2026-07-27T16:59:30+00:00,2026-07-27T17:05:46+00:00,375.588,6b035c6652e76287cdfff03269bebf8731e6df42cbb987ad8999ebe6c73faa67,"高观感且忠实的视频修复，保持原始内容和运动不变，呈现自然清晰、真实色彩、干净边缘、舒适对比度和高审美质量。 High perceptual quality faithful video restoration with natural clarity, realistic color, clean edges, pleasant contrast, and no invented content.","low aesthetic quality, dull colors, flat contrast, muddy texture, unnatural color, visual artifacts, temporal flicker, ghosting, warped edges, fake details, oversharpening, ringing, noise amplification",4.750000,Low-CFG fidelity prompt with artifact-focused negative prompt.,,prompt_negative_cfg,0,0,completed,,d7d6db5c244947d1cc816edc031330d769329da5fd933e24ee4ab8af71e9d8ee,results_test/UDM10,3.2119553861829395,3,2,-0.17366334115305193,0,0,26.21133665884695,-0.17366334115305193,-0.006581896575821563,0.7792079259431747,0.005307925943174641,0.006858671589578293,0.25111772992437886,0.0019177299243788581,-0.007695545442932818,0.122455426954454,0.005755426954453996,-0.04931814014099397,0.3864715380053367,-0.020328461994663316,-0.049971637155022904,0.550104780158689,-0.013595219841310957,-0.024117828350737905,4.799062738632445,0.23926273863244507,-0.05247220023519564,31.288710931708533,-0.23398906829146782,0.007422875207119562,3.0538497274921785,0.16274972749217875,0.05629335806169927,65.24216416881931,-0.42403583118068866,-0.006457444334843323,0.3083694758915132,-0.014230524108486797,-0.04411197801762801,28.66198257938508,-4.84631742061492,0.14463035786998804,0.5499789834022522,-0.007421016597747854,-0.013313628628898195,0.979381901025772,0.0012819010257720809,0.0013106032366548214,0.1026091318577528,-0.0004908681422471917,-0.004761087703658503,0.748468113606159,-0.046431886393841104,-0.05841223599678085,83.519,10.414000000000001,0.14245263661856236,1.889764574880246,0.297464574880246,-0.1868144036175633
296,2026-07-27T17:05:46+00:00,2026-07-27T17:12:04+00:00,377.716,dbe9ba921c26c4f4abdc323618c1212db82f6f36f380fd24f31da36db605eb49,"高观感且忠实的视频修复，保持原始内容和运动不变，呈现自然清晰、真实色彩、干净边缘、舒适对比度和高审美质量。 High perceptual quality faithful video restoration with natural clarity, realistic color, clean edges, pleasant contrast, and no invented content.","low aesthetic quality, dull colors, flat contrast, muddy texture, unnatural color, visual artifacts, temporal flicker, ghosting, warped edges, fake details, oversharpening, ringing, noise amplification",5.000000,Low-CFG fidelity prompt with artifact-focused negative prompt.,,prompt_negative_cfg,0,0,completed,,5000533d7dd265dd8de7187f3c957570dfa2bc6d63c62f9ddd13a2977ab18876,results_test/UDM10,3.210854929118864,3,2,-0.2069256370298298,0,0,26.17807436297017,-0.2069256370298298,-0.007842548305091143,0.7786044422791796,0.004704442279179544,0.006078876184493531,0.2512978096883143,0.0020978096883142727,-0.008418176919399167,0.12233566295716072,0.005635662957160725,-0.04829188480857519,0.3852557401022604,-0.021544259897739615,-0.05296032423239827,0.548809767826911,-0.014890232173088935,-0.02641517149740808,4.787423502406952,0.22762350240695195,-0.04991962419556822,31.200095886175045,-0.3226041138249549,0.010234025442774727,3.048367093455407,0.15726709345540701,0.05439697466549307,65.19922396752142,-0.4669760324785841,-0.007111360676856344,0.3074615553021431,-0.015138444697856912,-0.046926362981577534,28.657413211945567,-4.8508867880544315,0.14476672311201796,0.5517918854951859,-0.005608114504814132,-0.01006120291498768,0.9792471826076508,0.0011471826076507874,0.001172868426184222,0.1044125858694315,0.001312585869431504,0.012731191750063086,0.7538074525735066,-0.041092547426493486,-0.05169524144734367,83.451,10.34599999999999,0.14152246768346882,1.8957279434107477,0.30342794341074764,-0.19055953238130227
297,2026-07-27T17:12:04+00:00,2026-07-27T17:18:18+00:00,373.37,3ea17157c9c0eac6ccfb26e6e6a7cee5dfc338673b7f4f12b572c700b1298389,"高观感且忠实的视频修复，保持原始内容和运动不变，呈现自然清晰、真实色彩、干净边缘、舒适对比度和高审美质量。 High perceptual quality faithful video restoration with natural clarity, realistic color, clean edges, pleasant contrast, and no invented content.","low aesthetic quality, dull colors, flat contrast, muddy texture, unnatural color, visual artifacts, temporal flicker, ghosting, warped edges, fake details, oversharpening, ringing, noise amplification",5.500000,Low-CFG fidelity prompt with artifact-focused negative prompt.,,prompt_negative_cfg,0,0,completed,,14b6e9ef01c4d2075efffe458eacf92a8c48935368717c09cfff844a8f318a0d,results_test/UDM10,3.2088994777629996,3,2,-0.2780685412499224,0,0,26.10693145875008,-0.2780685412499224,-0.010538887293914057,0.7772995441199176,0.003399544119917608,0.004392743403434046,0.2517928485187792,0.002592848518779195,-0.010404689080173335,0.12214220050842531,0.00544220050842531,-0.04663410889824601,0.3833855096370943,-0.023414490362905716,-0.057557744254930474,0.5469233291764414,-0.016776670823558604,-0.029761700946529367,4.764726591336343,0.20492659133634294,-0.0449420131006498,31.043190442760213,-0.47950955723978694,0.015211563642701511,3.0403593374836833,0.14925933748368347,0.05162717909573639,65.11771802594585,-0.5484819740541553,-0.008352576729796383,0.3052222456422544,-0.01737775435774558,-0.05386780644062485,28.6496826171875,-4.858617382812497,0.1449974299744391,0.5484509646892548,-0.008949035310745201,-0.016054961088527452,0.9786761999130249,0.0005761999130249329,0.0005891012299610805,0.10365803129971027,0.000558031299710271,0.005412524730458497,0.7495913279781068,-0.04530867202189326,-0.05699920999105958,83.47600000000001,10.37100000000001,0.1418644415566652,1.9173616579791997,0.3250616579791996,-0.20414598880813892
298,2026-07-27T17:18:18+00:00,2026-07-27T17:24:37+00:00,378.883,9650f5e524e00557cf51874f60e698b619d81b11a6c62f67b2a38dd9a843fbf6,"高观感且忠实的视频修复，保持原始内容和运动不变，呈现自然清晰、真实色彩、干净边缘、舒适对比度和高审美质量。 High perceptual quality faithful video restoration with natural clarity, realistic color, clean edges, pleasant contrast, and no invented content.","perceptual distortion, LPIPS artifacts, DISTS artifacts, temporal misalignment, warped edges, geometry drift, hallucinated texture, fake detail, flicker, ghosting, ringing, oversharpening, color drift",2.500000,Low-CFG fidelity prompt with artifact-focused negative prompt.,,prompt_negative_cfg,0,0,completed,,f1ec007e73c22617e186d4500bae6237d79f90e5b9c73225a080ebfe1c34215f,results_test/UDM10,3.222089141462345,3,2,0.052599957373832495,0,0,26.437599957373834,0.052599957373832495,0.001993555329688554,0.7830093410162006,0.009109341016200534,0.011770695201189474,0.2507078337332895,0.001507833733289471,-0.006050697164082949,0.12404167306038642,0.007341673060386425,-0.06291065175995222,0.39840123095820024,-0.008398769041799758,-0.02064594159734454,0.5598231197364869,-0.0038768802635130717,-0.006877559452746269,4.903528687764096,0.34372868776409593,-0.07538240443968944,32.2295617650768,0.7068617650768019,-0.02242389659124383,3.123036805275948,0.2319368052759483,0.08022441467813231,65.8730495822045,0.206849582204498,0.003150016023532624,0.319937839359045,-0.0026621606409549803,-0.008252202854789151,29.1706787109375,-4.337621289062497,0.12944916003087287,0.5594130605459213,0.002013060545921319,0.003611518740440113,0.981257951259613,0.0031579512596130455,0.003228658889288463,0.10379453785717488,0.0006945378571748817,0.0067365456564004045,0.7576947108052602,-0.037205289194739866,-0.046804993325877293,83.71000000000001,10.605000000000004,0.1450653170097805,1.8502801933694477,0.25798019336944766,-0.16201732925293452
299,2026-07-27T17:24:38+00:00,2026-07-27T17:30:47+00:00,369.238,a14eecd8f911b6884dadf40c657a40b1ebfa2d227e14c4f4d91f4592fbc01ea4,"高观感且忠实的视频修复，保持原始内容和运动不变，呈现自然清晰、真实色彩、干净边缘、舒适对比度和高审美质量。 High perceptual quality faithful video restoration with natural clarity, realistic color, clean edges, pleasant contrast, and no invented content.","perceptual distortion, LPIPS artifacts, DISTS artifacts, temporal misalignment, warped edges, geometry drift, hallucinated texture, fake detail, flicker, ghosting, ringing, oversharpening, color drift",3.000000,Low-CFG fidelity prompt with artifact-focused negative prompt.,,prompt_negative_cfg,0,0,completed,,2feb5f87a2336acb02c6b2bce00ba8f540c0f6dc3e64160987f95d77601904e5,results_test/UDM10,3.222601949442262,3,2,0.018833992250502973,0,0,26.403833992250505,0.018833992250502973,0.0007138143737162393,0.7824065888524826,0.008506588852482566,0.01099184500902257,0.2507519114402033,0.0015519114402033074,-0.006227573997605568,0.12352766548433614,0.006827665484336137,-0.05850613097117513,0.39753914571577503,-0.009260854284224962,-0.02276512852562675,0.5591276231311982,-0.004572376868801742,-0.008111365742064471,4.888780232477016,0.3289802324770159,-0.07214795220777576,32.174565645063346,0.6518656450633458,-0.02067924527605014,3.1298455638270224,0.2387455638270226,0.08257949009962388,65.96296798952166,0.29676798952165484,0.004519341602249785,0.3202063095665747,-0.0023936904334252995,-0.007419995143909794,29.149186854208665,-4.3591131457913335,0.13009054908161063,0.5538468092679978,-0.0035531907320022205,-0.00637457971295698,0.9810385346412659,0.002938534641265922,0.0030043294563602105,0.10198572427034377,-0.0011142757296562222,-0.010807718037402738,0.7604680188617547,-0.034431981138245304,-0.04331611666655592,83.87800000000001,10.77300000000001,0.1473633814376583,1.8633865694816147,0.2710865694816147,-0.17024842647843666
300,2026-07-27T17:30:48+00:00,2026-07-27T17:36:58+00:00,370.351,4d6b232b250d8b8315ea901ed63986ceaecddf066b0e9c360d59f9e05b0d6072,"高观感且忠实的视频修复，保持原始内容和运动不变，呈现自然清晰、真实色彩、干净边缘、舒适对比度和高审美质量。 High perceptual quality faithful video restoration with natural clarity, realistic color, clean edges, pleasant contrast, and no invented content.","perceptual distortion, LPIPS artifacts, DISTS artifacts, temporal misalignment, warped edges, geometry drift, hallucinated texture, fake detail, flicker, ghosting, ringing, oversharpening, color drift",3.500000,Low-CFG fidelity prompt with artifact-focused negative prompt.,,prompt_negative_cfg,0,0,completed,,b2e7bff5f912a5021e5938cdd955e902f3737efdc5fcd68fe2d02c73d66e768e,results_test/UDM10,3.2234754892277153,3,2,-0.02044522562334805,0,0,26.364554774376654,-0.02044522562334805,-0.0007748806376103108,0.7816717049982207,0.007771704998220663,0.010042259979610625,0.25084732984823566,0.0016473298482356513,-0.006610472906242581,0.12301685214042664,0.00631685214042664,-0.054128981494658446,0.3970205538695858,-0.009779446130414204,-0.024039936407114562,0.5581447068722017,-0.005555293127798233,-0.00985505255951434,4.871510737984351,0.31171073798435067,-0.06836061625166688,32.05141312206038,0.5287131220603811,-0.01677245673944114,3.137764681539228,0.24666468153922816,0.08531862666086548,66.05002736737652,0.3838273673765116,0.0058451283518234885,0.3202877606595716,-0.0023122393404284014,-0.007167511904613767,29.118725192162298,-4.3895748078377,0.1309996271920002,0.5557478576898575,-0.0016521423101425459,-0.002964015626377011,0.9812480866909027,0.0031480866909027183,0.0032185734494455764,0.10106888301670551,-0.002031116983294487,-0.0197004557060571,0.7561796736817178,-0.03872032631828226,-0.048710940141253316,83.72800000000001,10.623000000000005,0.1453115381984817,1.8836671872607744,0.2913671872607744,-0.18298510786960645
301,2026-07-27T17:37:00+00:00,2026-07-27T17:43:07+00:00,366.767,232ff0a2be2d90b6f0a164891231c36e38677a6f4bc6fab38351423abd3cbfa5,"高观感且忠实的视频修复，保持原始内容和运动不变，呈现自然清晰、真实色彩、干净边缘、舒适对比度和高审美质量。 High perceptual quality faithful video restoration with natural clarity, realistic color, clean edges, pleasant contrast, and no invented content.","perceptual distortion, LPIPS artifacts, DISTS artifacts, temporal misalignment, warped edges, geometry drift, hallucinated texture, fake detail, flicker, ghosting, ringing, oversharpening, color drift",4.000000,Low-CFG fidelity prompt with artifact-focused negative prompt.,,prompt_negative_cfg,0,0,completed,,b420c4aef4a6164d6247d6846c88cbb3092a6d40667121465c29e02125424d56,results_test/UDM10,3.224060100915391,3,2,-0.0650537047847628,0,0,26.31994629521524,-0.0650537047847628,-0.0024655563685716426,0.7808096221689533,0.0069096221689533,0.008928313953938881,0.251069810650041,0.0018698106500410205,-0.007503253009795427,0.12249171714628897,0.005791717146288969,-0.04962911007959699,0.3962240119134226,-0.010575988086577393,-0.025998004145962126,0.5581342001115123,-0.00556579988848771,-0.009873691482149565,4.855407894099078,0.29560789409907784,-0.06482913594874289,31.969074833511193,0.446374833511193,-0.01416042513843018,3.1459597203039356,0.2548597203039358,0.08815320130882218,66.13860669289866,0.4724066928986588,0.007194061677067635,0.3201385300005636,-0.0024614699994364164,-0.007630099192301353,29.127570170740928,-4.380729829259071,0.1307356633806869,0.5651173233985901,0.0077173233985901035,0.013845216000341054,0.9808930158615112,0.002793015861511261,0.0028555524603938874,0.10778717100620269,0.004687171006202695,0.045462376393818574,0.7560860057265114,-0.03881399427348864,-0.048828776290714096,83.803,10.697999999999993,0.1463374598180698,1.8988434200097497,0.30654342000974966,-0.19251612134004248
302,2026-07-27T17:43:07+00:00,2026-07-27T17:49:09+00:00,361.279,44e308278eec445c2de6c32321fd9a8d8c30071be0ff9cbb54d1cdd3e8ed5baa,"高观感且忠实的视频修复，保持原始内容和运动不变，呈现自然清晰、真实色彩、干净边缘、舒适对比度和高审美质量。 High perceptual quality faithful video restoration with natural clarity, realistic color, clean edges, pleasant contrast, and no invented content.","perceptual distortion, LPIPS artifacts, DISTS artifacts, temporal misalignment, warped edges, geometry drift, hallucinated texture, fake detail, flicker, ghosting, ringing, oversharpening, color drift",4.250000,Low-CFG fidelity prompt with artifact-focused negative prompt.,,prompt_negative_cfg,0,0,completed,,17b54a1cd5c1d4cf89a5190c0ef5cc1d98199361a4217a7ea21db301110330f3,results_test/UDM10,3.2239507027968144,3,2,-0.08889285549041048,0,0,26.29610714450959,-0.08889285549041048,-0.0033690678601633684,0.7803363681538669,0.006436368153866834,0.00831679565042878,0.2512231642921125,0.002023164292112495,-0.008118636806229915,0.12223989848167667,0.005539898481676672,-0.04747128090554132,0.3950930695860616,-0.011706930413938388,-0.0287780983626804,0.5573613261984242,-0.006338673801575823,-0.011244764593890053,4.844560713341001,0.28476071334100084,-0.06245026390214501,31.897596546333496,0.37489654633349545,-0.011892907217132272,3.149222549315422,0.2581225493154222,0.0892817783250051,66.17142609627017,0.5052260962701638,0.007693853097486435,0.31996463991461266,-0.0026353600853873393,-0.008169126117133723,29.12661447832661,-4.38168552167339,0.1307641844460444,0.556469839811325,-0.0009301601886749777,-0.001668748095936451,0.9804227113723755,0.0023227113723754966,0.0023747176897817163,0.10383666977286339,0.0007366697728633936,0.007145196633010608,0.7693069301811529,-0.025593069818847125,-0.032196590538240186,83.675,10.569999999999993,0.14458655358730582,1.9129395760925643,0.3206395760925642,-0.2013688225162119
303,2026-07-27T17:49:10+00:00,2026-07-27T17:55:18+00:00,368.809,4ac65988481e66c172a45ba83c72ab4919cc35d95dd5805213754e5943024031,"高观感且忠实的视频修复，保持原始内容和运动不变，呈现自然清晰、真实色彩、干净边缘、舒适对比度和高审美质量。 High perceptual quality faithful video restoration with natural clarity, realistic color, clean edges, pleasant contrast, and no invented content.","perceptual distortion, LPIPS artifacts, DISTS artifacts, temporal misalignment, warped edges, geometry drift, hallucinated texture, fake detail, flicker, ghosting, ringing, oversharpening, color drift",4.500000,Low-CFG fidelity prompt with artifact-focused negative prompt.,,prompt_negative_cfg,0,0,completed,,1a73e3965e20ea2c437c5bd99022c026cfd4a449271b92d1d43e1585c66d9ce2,results_test/UDM10,3.2241707878241583,3,2,-0.11493615058160955,0,0,26.270063849418392,-0.11493615058160955,-0.004356117134038641,0.7798224938426962,0.005922493842696164,0.007652789562858461,0.25140514907337,0.002205149073370022,-0.008848912814486444,0.1219479895407154,0.005247989540715398,-0.04496991894357667,0.39474294142377,-0.012057058576230018,-0.029638787060545766,0.5571433126926422,-0.006556687307357811,-0.01163151908348024,4.831067178794699,0.27126717879469897,-0.05949102565785758,31.849485438117245,0.3267854381172448,-0.010366670307976309,3.1534824859711432,0.26238248597114344,0.09075524401478449,66.21929689222767,0.5530968922276713,0.008422855170965752,0.3197354212403297,-0.0028645787596702776,-0.008879661375295342,29.1343257780998,-4.373974221900198,0.13053405341065344,0.5583860814571381,0.0009860814571380772,0.001769073299494218,0.9801456212997437,0.0020456212997437273,0.002091423473820394,0.10741801969707013,0.00431801969707013,0.04188185933142707,0.7634939318332519,-0.03140606816674818,-0.039509458003205655,83.811,10.706000000000003,0.14644689145749268,1.9232351955724885,0.3309351955724884,-0.20783470173490448
304,2026-07-27T17:55:19+00:00,2026-07-27T18:01:34+00:00,374.826,b0d1a6ffea52fdad094c45ec438f0c0086ea1ca0e0f5f6d2c99983e9b67a8ba7,"高观感且忠实的视频修复，保持原始内容和运动不变，呈现自然清晰、真实色彩、干净边缘、舒适对比度和高审美质量。 High perceptual quality faithful video restoration with natural clarity, realistic color, clean edges, pleasant contrast, and no invented content.","perceptual distortion, LPIPS artifacts, DISTS artifacts, temporal misalignment, warped edges, geometry drift, hallucinated texture, fake detail, flicker, ghosting, ringing, oversharpening, color drift",4.750000,Low-CFG fidelity prompt with artifact-focused negative prompt.,,prompt_negative_cfg,0,0,completed,,de9b6bad0c4007dcd5464b6f089d4d2348333822f1883f6e6762826ee84270f7,results_test/UDM10,3.2241444162347275,3,2,-0.1420466441492927,0,0,26.24295335585071,-0.1420466441492927,-0.0053836135739735716,0.7792935216521233,0.0053935216521232565,0.0069692746506309034,0.25159186288233726,0.0023918628823372534,-0.009598165659459283,0.12168510306266048,0.004985103062660479,-0.042717249894262885,0.39421456374468344,-0.012585436255316551,-0.0309376505784576,0.5563189409432873,-0.007381059056712713,-0.013093949009602117,4.819997014230912,0.26019701423091224,-0.05706325150903817,31.785576679555987,0.2628766795559869,-0.008339281836771182,3.1570687244015354,0.26596872440153563,0.091995684826376,66.24798825171686,0.5817882517168584,0.00885978253221381,0.31951123089078937,-0.0030887691092106317,-0.00957460976196724,29.148838756930438,-4.3594612430695605,0.13010093747129997,0.5625138968229294,0.005113896822929398,0.009174554759471472,0.9797099947929382,0.0016099947929382186,0.0016460431376528152,0.10836544260382652,0.005265442603826526,0.05107121827183827,0.7587050508565297,-0.03619494914347032,-0.045533965459139916,83.796,10.691000000000003,0.146241707133575,1.9295355822638764,0.3372355822638764,-0.211791485438596
305,2026-07-27T18:01:34+00:00,2026-07-27T18:07:49+00:00,374.786,e7c6dbb6c54645216464c33435b447dcd7a3a0236ea2548b5d53d0cacbcbf4a8,"高观感且忠实的视频修复，保持原始内容和运动不变，呈现自然清晰、真实色彩、干净边缘、舒适对比度和高审美质量。 High perceptual quality faithful video restoration with natural clarity, realistic color, clean edges, pleasant contrast, and no invented content.","perceptual distortion, LPIPS artifacts, DISTS artifacts, temporal misalignment, warped edges, geometry drift, hallucinated texture, fake detail, flicker, ghosting, ringing, oversharpening, color drift",5.000000,Low-CFG fidelity prompt with artifact-focused negative prompt.,,prompt_negative_cfg,0,0,completed,,6006b0b8646b41a9945feff842541ec4c0d4a512de1fe9d8f86629e0a09d63b8,results_test/UDM10,3.2243158179911484,3,2,-0.16984359864266096,0,0,26.21515640135734,-0.16984359864266096,-0.006437127104137235,0.7787436750544898,0.004843675054489793,0.0062587867353531374,0.25182207954987407,0.0026220795498740623,-0.010521988562897521,0.12146356817214721,0.004763568172147209,-0.04081892178360933,0.3937446858133039,-0.013055314186696088,-0.03209270940682421,0.5559836835630478,-0.007716316436952142,-0.0136886933421184,4.810144574611779,0.2503445746117787,-0.05490253401723293,31.711778897250618,0.18907889725061722,-0.005998182175087071,3.1614314786849484,0.27033147868494867,0.09350471401367946,66.2915452895626,0.6253452895626026,0.009523092390950026,0.3191739877866161,-0.0034260122133839,-0.010620000661450402,29.166210543724798,-4.3420894562752,0.12958250511888697,0.5528336733579635,-0.004566326642036489,-0.008192189885246661,0.9800910234451294,0.0019910234451294695,0.002035603154206594,0.1022027738392353,-0.0008972261607646942,-0.008702484585496549,0.7649090547412297,-0.02999094525877033,-0.03772920525697613,83.856,10.75099999999999,0.14706244442924546,1.9413727306042954,0.34907273060429533,-0.21922547924655864
306,2026-07-27T18:07:50+00:00,2026-07-27T18:14:02+00:00,372.586,3dcbea805641122b3b5e19dc65ea7801624bebf735abe457c6365e7ee94eb892,"高观感且忠实的视频修复，保持原始内容和运动不变，呈现自然清晰、真实色彩、干净边缘、舒适对比度和高审美质量。 High perceptual quality faithful video restoration with natural clarity, realistic color, clean edges, pleasant contrast, and no invented content.","perceptual distortion, LPIPS artifacts, DISTS artifacts, temporal misalignment, warped edges, geometry drift, hallucinated texture, fake detail, flicker, ghosting, ringing, oversharpening, color drift",5.500000,Low-CFG fidelity prompt with artifact-focused negative prompt.,,prompt_negative_cfg,0,0,completed,,641347ac5ed42782c5e3c0709800ffbe86c5b3845c2e8d0f3649582c42027e96,results_test/UDM10,3.223906997265976,3,2,-0.23010598336496813,0,0,26.154894016635033,-0.23010598336496813,-0.00872109089880493,0.7775455994518337,0.0036455994518336254,0.004710685426842777,0.2523292193970373,0.0031292193970372806,-0.01255706018072745,0.12102616083237434,0.0043261608323743456,-0.03707078690980588,0.3923683289077974,-0.014431671092202614,-0.03547608429744989,0.5546293004866569,-0.00907069951334305,-0.016091359789503372,4.787140967388636,0.22734096738863574,-0.049857662044088716,31.584155382281175,0.06145538228117431,-0.0019495595961378407,3.1653402505382413,0.2742402505382415,0.09485671562320278,66.35201734727428,0.6858173472742806,0.010443993215296158,0.3184821154081052,-0.0041178845918947715,-0.012764676354292534,29.208181467363914,-4.300118532636084,0.12832995206071582,0.5537236005067825,-0.0036763994932175192,-0.006595621623999855,0.9791160643100738,0.0010160643100738387,0.0010388143442120834,0.10541306473314763,0.0023130647331476295,0.02243515745051047,0.7589377096555239,-0.03596229034447618,-0.04524127606551286,83.806,10.700999999999993,0.14637849668285333,1.9708727029016397,0.3785727029016397,-0.23775212139775148
307,2026-07-27T18:14:03+00:00,2026-07-27T18:20:21+00:00,378.23,3a872f97016179ac549c575c43be51ee6b8995567a0990c31c8dd66ea1b16a76,"高观感且忠实的视频修复，保持原始内容和运动不变，呈现自然清晰、真实色彩、干净边缘、舒适对比度和高审美质量。 High perceptual quality faithful video restoration with natural clarity, realistic color, clean edges, pleasant contrast, and no invented content.","感知失真, 时序错位, 几何扭曲, 边缘漂移, 幻觉纹理, 虚假细节, 闪烁, 鬼影, 振铃, 过锐化, 颜色漂移, 噪声放大",2.500000,Low-CFG fidelity prompt with artifact-focused negative prompt.,,prompt_negative_cfg,0,0,completed,,8a78dfae19f4d82741d1f073c9498a8efbccc90c7b4257f6c80f21e537f44bd7,results_test/UDM10,2.216932209205545,2,2,0.05899940736832221,0,0,26.443999407368324,0.05899940736832221,0.0022360965460800535,0.7831615595765103,0.009261559576510314,0.011967385419964225,0.2515487665130246,0.002348766513024597,-0.009425226777787309,0.12522378544653617,0.008523785446536175,-0.07304014949902464,0.39557792371319184,-0.011222076286808158,-0.027586224893825364,0.5572680956894351,-0.00643190431056484,-0.01141015488835345,4.915733730451793,0.35593373045179266,-0.07805906628619515,32.42084114285718,0.8981411428571775,-0.028491884986285358,3.1037421749484153,0.21264217494841553,0.07355061220587858,65.51645036512807,-0.14974963487193804,-0.0022804674988340734,0.3174337144340239,-0.005166285565976092,-0.016014524383062903,29.126818060105848,-4.381481939894151,0.13075810888329611,0.554802343249321,-0.0025976567506790227,-0.00466030992228027,0.9819772183895111,0.003877218389511161,0.003964030660986772,0.10062968246638775,-0.0024703175336122513,-0.02396040284783949,0.7675844590660742,-0.027315540933925853,-0.03436349343807504,83.87499999999999,10.769999999999982,0.14732234457287438,1.824603240529541,0.23230324052954088,-0.14589162879453677
308,2026-07-27T18:20:21+00:00,2026-07-27T18:26:35+00:00,373.404,5391ef0ca87bae8de12923f5fd64ceb14ba9d6e2d569aeb8a219707ac5431d59,"高观感且忠实的视频修复，保持原始内容和运动不变，呈现自然清晰、真实色彩、干净边缘、舒适对比度和高审美质量。 High perceptual quality faithful video restoration with natural clarity, realistic color, clean edges, pleasant contrast, and no invented content.","感知失真, 时序错位, 几何扭曲, 边缘漂移, 幻觉纹理, 虚假细节, 闪烁, 鬼影, 振铃, 过锐化, 颜色漂移, 噪声放大",3.000000,Low-CFG fidelity prompt with artifact-focused negative prompt.,,prompt_negative_cfg,0,0,completed,,81e04d4c891e7464b93176fc1c06cff2ed177727994b0453e0b7ce4a9326ca95,results_test/UDM10,2.216458283427183,2,2,0.02900153867659583,0,0,26.414001538676597,0.02900153867659583,0.0010991676587680814,0.7826773024596869,0.008777302459686886,0.011341649385821018,0.2518335409222111,0.002633540922211103,-0.010567981228776497,0.12516303254712013,0.008463032547120136,-0.07251955910128652,0.3941620342673794,-0.012637965732620604,-0.031066779087071297,0.556520757367534,-0.007179242632465943,-0.012735928033468057,4.909328681824446,0.3495286818244461,-0.07665438875048161,32.38808803701572,0.8653880370157196,-0.02745285261147426,3.1061527609825133,0.21505276098251347,0.07438440765885423,65.48999879898562,-0.1762012010143792,-0.002683286089561741,0.3168588915659535,-0.005741108434046516,-0.01779636836344239,29.066480279737902,-4.441819720262096,0.1325587905164421,0.5590021014213562,0.0016021014213561946,0.0028742400813709986,0.9813836514949799,0.003283651494979889,0.0033571735967486854,0.10417014695703983,0.0010701469570398303,0.01037969890436305,0.7525247295828029,-0.04237527041719713,-0.05330893246596695,83.85499999999999,10.749999999999986,0.14704876547431756,1.8298134642827786,0.23751346428277853,-0.14916376579964738
309,2026-07-27T18:26:35+00:00,2026-07-27T18:32:50+00:00,374.915,eebe4d124b361706f890e14c153113d9df1bbdf0dc1462dcbd5f8279dba13c9c,"高观感且忠实的视频修复，保持原始内容和运动不变，呈现自然清晰、真实色彩、干净边缘、舒适对比度和高审美质量。 High perceptual quality faithful video restoration with natural clarity, realistic color, clean edges, pleasant contrast, and no invented content.","感知失真, 时序错位, 几何扭曲, 边缘漂移, 幻觉纹理, 虚假细节, 闪烁, 鬼影, 振铃, 过锐化, 颜色漂移, 噪声放大",3.500000,Low-CFG fidelity prompt with artifact-focused negative prompt.,,prompt_negative_cfg,0,0,completed,,4d7384c71fa014a9d07cccea3723eed0fd6d6a4a5bab0b6bab2b0391dedc151e,results_test/UDM10,2.2155066899066975,2,2,-0.005547288463962019,0,0,26.37945271153604,-0.005547288463962019,-0.0002102440198583293,0.7820964189954697,0.008196418995469634,0.01059105697825253,0.25212849940984483,0.002928499409844826,-0.011751602768237664,0.12497716507604047,0.008277165076040469,-0.07092686440480264,0.3929490371577201,-0.01385096284227988,-0.03404858122487679,0.5552576389043562,-0.00844236109564378,-0.014976691672243712,4.896108160350819,0.3363081603508187,-0.07375502442011024,32.35347233287455,0.8307723328745524,-0.026354732712443808,3.104678137840763,0.2135781378407633,0.07387435157578891,65.46814783157842,-0.19805216842158302,-0.0030160443031815912,0.3160803981846379,-0.006519601815362097,-0.020209553054439236,29.04237808719758,-4.465921912802418,0.13327808073827735,0.5626694649457932,0.0052694649457931675,0.009453650781832018,0.9815824866294861,0.0034824866294861367,0.0035604607192374366,0.10658441595733166,0.003484415957331663,0.0337964690332848,0.7515188789341926,-0.04338112106580749,-0.054574312574924504,83.80699999999999,10.701999999999984,0.14639217563778104,1.833199825778138,0.24089982577813784,-0.151290476529635
310,2026-07-27T18:32:50+00:00,2026-07-27T18:39:10+00:00,379.107,1d9e5fc621e39eb58c19ff1afd6c7a7d667a52dc7e3994360c4e5f3523d7f72d,"高观感且忠实的视频修复，保持原始内容和运动不变，呈现自然清晰、真实色彩、干净边缘、舒适对比度和高审美质量。 High perceptual quality faithful video restoration with natural clarity, realistic color, clean edges, pleasant contrast, and no invented content.","感知失真, 时序错位, 几何扭曲, 边缘漂移, 幻觉纹理, 虚假细节, 闪烁, 鬼影, 振铃, 过锐化, 颜色漂移, 噪声放大",4.000000,Low-CFG fidelity prompt with artifact-focused negative prompt.,,prompt_negative_cfg,0,0,completed,,6ff218035ed0dd661e85c276f471f3f84647761d82c0f2b9659b923d17225c30,results_test/UDM10,2.213787916907289,2,2,-0.04407822270547257,0,0,26.34092177729453,-0.04407822270547257,-0.001670578840457554,0.7814135064918823,0.007513506491882316,0.009708627073113213,0.25247021519368695,0.0032702151936869484,-0.013122853907250997,0.12475126924053315,0.008051269240533149,-0.06899116744244344,0.39038390435518755,-0.016416095644812445,-0.0403542174159598,0.5535072309355582,-0.010192769064441776,-0.018081903609085997,4.88125022116306,0.3214502211630599,-0.0704965615077547,32.32639090922966,0.8036909092296582,-0.025495624081365437,3.104870508563134,0.21377050856313407,0.07394089051334582,65.41842252669797,-0.2477774733020368,-0.0037732878299952914,0.31511417473516157,-0.0074858252648384305,-0.023204666041036673,29.03547048261089,-4.472829517389108,0.13348422681512068,0.55225610435009,-0.005143895649910024,-0.009228373968263408,0.9811883091926574,0.003088309192657457,0.003157457512174069,0.1018533194437623,-0.0012466805562376948,-0.012091954958658533,0.7565190327065642,-0.038380967293435875,-0.04828401974265426,83.696,10.590999999999994,0.14487381164079055,1.8385484298050865,0.24624842980508643,-0.15464951944048635
311,2026-07-27T18:39:10+00:00,2026-07-27T18:45:18+00:00,368.294,e775697ce359ee8cf39ff661786102d02247c2ff5f10fcf353843fe0bee044f7,"高观感且忠实的视频修复，保持原始内容和运动不变，呈现自然清晰、真实色彩、干净边缘、舒适对比度和高审美质量。 High perceptual quality faithful video restoration with natural clarity, realistic color, clean edges, pleasant contrast, and no invented content.","感知失真, 时序错位, 几何扭曲, 边缘漂移, 幻觉纹理, 虚假细节, 闪烁, 鬼影, 振铃, 过锐化, 颜色漂移, 噪声放大",4.250000,Low-CFG fidelity prompt with artifact-focused negative prompt.,,prompt_negative_cfg,0,0,completed,,4afd78268fe71759e8354e29fadea4e8a41be99c81970c8a71659bfc27509679,results_test/UDM10,2.2132904899950807,2,2,-0.06456063055223282,0,0,26.32043936944777,-0.06456063055223282,-0.0024468686963135425,0.7810460322479303,0.007146032247930312,0.009233792800013324,0.2526699249302188,0.0034699249302187762,-0.01392425734437711,0.12466892100149587,0.007968921001495877,-0.06828552700510605,0.38996624893719145,-0.016833751062808544,-0.04138090231762179,0.552946529273064,-0.010753470726935999,-0.019076584578563063,4.873399900426681,0.31359990042668073,-0.06877492443236123,32.29840884556627,0.7757088455662711,-0.02460794429304187,3.1042033668487305,0.21310336684873077,0.0737101334608733,65.39780574921637,-0.2683942507836292,-0.004087251139606513,0.31460179515903997,-0.007998204840960033,-0.02479294743013029,29.042684838079634,-4.465615161920365,0.13326892626365303,0.5631540954113007,0.005754095411300675,0.010323099051490267,0.9806586742401123,0.0025586742401123574,0.0026159638483921454,0.10914498418569565,0.0060449841856956565,0.05863224234428377,0.7604347092603356,-0.03446529073966442,-0.043358020807226595,83.71700000000001,10.612000000000009,0.14516106969427547,1.846061389320918,0.25376138932091785,-0.1593678259881416
312,2026-07-27T18:45:19+00:00,2026-07-27T18:51:45+00:00,386.736,6672bb3891d40f59d6922f3166e28428ba294c6553bd05a177d49659cb9bb7f5,"高观感且忠实的视频修复，保持原始内容和运动不变，呈现自然清晰、真实色彩、干净边缘、舒适对比度和高审美质量。 High perceptual quality faithful video restoration with natural clarity, realistic color, clean edges, pleasant contrast, and no invented content.","感知失真, 时序错位, 几何扭曲, 边缘漂移, 幻觉纹理, 虚假细节, 闪烁, 鬼影, 振铃, 过锐化, 颜色漂移, 噪声放大",4.500000,Low-CFG fidelity prompt with artifact-focused negative prompt.,,prompt_negative_cfg,0,0,completed,,172efc7185486343ffba8147954ee3266b57eb4331c2b6e071f8a5351a64fcd6,results_test/UDM10,2.212365591976072,2,2,-0.08667471362698365,0,0,26.298325286373018,-0.08667471362698365,-0.003284999568959016,0.7806502293614936,0.006750229361493609,0.00872235348429204,0.2528920183979696,0.003692018397969593,-0.014815483137919715,0.12454905932949437,0.007849059329494368,-0.06725843470003742,0.3886809834068822,-0.01811901659311782,-0.04454035544030929,0.5522000738689977,-0.011499926131002258,-0.02040079143339056,4.862282150129694,0.3024821501296939,-0.06633671435801876,32.27972304271521,0.7570230427152111,-0.024015171375396497,3.1042436880450093,0.2131436880450095,0.0737240801234857,65.37200684085968,-0.2941931591403204,-0.0044801307086495094,0.3139774799106582,-0.008622520089341779,-0.026728208584444448,29.051705440398184,-4.456594559601815,0.13299972125120685,0.5507171154022217,-0.006682884597778327,-0.011989387509469549,0.9803218364715576,0.0022218364715576033,0.0022715841647659783,0.10196047350764274,-0.001139526492357254,-0.011052633291534957,0.7486342997630094,-0.046265700236990615,-0.05820317050822822,83.718,10.613,0.14517474864920318,1.8534548210542803,0.26115482105428023,-0.1640110664160524
313,2026-07-27T18:51:46+00:00,2026-07-27T18:58:16+00:00,390.427,f92dbc365d2593d1624ff3c58fc564656b42cccd3cb07c60f7a52c0200a8d091,"高观感且忠实的视频修复，保持原始内容和运动不变，呈现自然清晰、真实色彩、干净边缘、舒适对比度和高审美质量。 High perceptual quality faithful video restoration with natural clarity, realistic color, clean edges, pleasant contrast, and no invented content.","感知失真, 时序错位, 几何扭曲, 边缘漂移, 幻觉纹理, 虚假细节, 闪烁, 鬼影, 振铃, 过锐化, 颜色漂移, 噪声放大",4.750000,Low-CFG fidelity prompt with artifact-focused negative prompt.,,prompt_negative_cfg,0,0,completed,,4bb7320fb905af8222217172142fe920ae0f523c3c52c4e9d26a6c655a571855,results_test/UDM10,2.2115411606847797,2,2,-0.10997168510190747,0,0,26.275028314898094,-0.10997168510190747,-0.004167962293041783,0.7802283318359425,0.006328331835942502,0.008177195808169663,0.2531249852190095,0.003924985219009497,-0.015750341970343085,0.12443497123256805,0.007734971232568055,-0.06628081604599877,0.38762292559108424,-0.01917707440891575,-0.04714128419104167,0.5511750201063772,-0.012524979893622779,-0.0222192298982132,4.852458891693631,0.29265889169363124,-0.06418239652915286,32.22861900439153,0.7059190043915322,-0.022393989232887164,3.1027467466169787,0.2116467466169789,0.07320630438828782,65.34027051618023,-0.3259294838197775,-0.004963428427711326,0.31337162744133706,-0.009228372558662934,-0.028606238557541644,29.05484619140625,-4.45345380859375,0.13290599071256226,0.5569870620965958,-0.0004129379034042424,-0.000740828674926879,0.9798974752426147,0.0017974752426147544,0.0018377213399598758,0.10891672894358635,0.005816728943586355,0.05641832147028473,0.7581711070908879,-0.03672889290911219,-0.04620567732936493,83.75899999999999,10.653999999999982,0.14573558580124454,1.8595189950428903,0.26721899504289026,-0.16781950326125117
314,2026-07-27T18:58:17+00:00,2026-07-27T19:04:29+00:00,372.061,5b0dfeca46f61a9cffae4390738cdba5ed4d65e1dc7da75ef484aa84805ecbbb,"高观感且忠实的视频修复，保持原始内容和运动不变，呈现自然清晰、真实色彩、干净边缘、舒适对比度和高审美质量。 High perceptual quality faithful video restoration with natural clarity, realistic color, clean edges, pleasant contrast, and no invented content.","感知失真, 时序错位, 几何扭曲, 边缘漂移, 幻觉纹理, 虚假细节, 闪烁, 鬼影, 振铃, 过锐化, 颜色漂移, 噪声放大",5.000000,Low-CFG fidelity prompt with artifact-focused negative prompt.,,prompt_negative_cfg,0,0,completed,,6a8fab827d858b63d700e4fd38b7fa6d564f7b40d5f20785ea5629975644ee54,results_test/UDM10,2.210755854482403,2,2,-0.13336850320139249,0,0,26.25163149679861,-0.13336850320139249,-0.005054709236361284,0.7797886752630314,0.005888675263031384,0.007609090661624737,0.25338106878822847,0.004181068788228465,-0.016777964639761094,0.12429991133751409,0.007599911337514087,-0.06512349046713013,0.38660200694876334,-0.02019799305123665,-0.04965091703843818,0.5503026476790828,-0.01339735232091721,-0.02376681270341886,4.8466269924433645,0.2868269924433644,-0.06290341515929743,32.20750942274435,0.6848094227443511,-0.021724326366217076,3.1036547410872677,0.2125547410872679,0.07352036978564143,65.30549322558986,-0.3607067744101471,-0.005493035601422757,0.312785074763721,-0.00981492523627897,-0.030424442765898854,29.057387616557456,-4.450912383442542,0.13283014606657284,0.5498797267675399,-0.007520273232460073,-0.013491699376498157,0.9801685571670532,0.002068557167053231,0.002114872883195206,0.1033557828515768,0.00025578285157680514,0.002480919995895297,0.7578647404973624,-0.03703525950263764,-0.04659109259358113,83.606,10.50099999999999,0.1436427056972846,1.8648612355658163,0.27256123556581624,-0.17117454974930366
315,2026-07-27T19:04:30+00:00,2026-07-27T19:10:54+00:00,383.592,b549dc94774bacfd643a52540078def0c648878bb6ce4c80b57f16d752560846,"高观感且忠实的视频修复，保持原始内容和运动不变，呈现自然清晰、真实色彩、干净边缘、舒适对比度和高审美质量。 High perceptual quality faithful video restoration with natural clarity, realistic color, clean edges, pleasant contrast, and no invented content.","感知失真, 时序错位, 几何扭曲, 边缘漂移, 幻觉纹理, 虚假细节, 闪烁, 鬼影, 振铃, 过锐化, 颜色漂移, 噪声放大",5.500000,Low-CFG fidelity prompt with artifact-focused negative prompt.,,prompt_negative_cfg,0,0,completed,,0de457c01c57faf0347b1baf2d12491b894a5b63edc4651fb6e0c169820035ec,results_test/UDM10,2.2091542568804683,2,2,-0.1840251664192465,0,0,26.200974833580755,-0.1840251664192465,-0.0069746130915007195,0.7788425136422414,0.004942513642241408,0.006386501669778276,0.2539216318918812,0.004721631891881212,-0.018947158474643705,0.12413138747215272,0.007431387472152717,-0.06367941278622723,0.38508201972130807,-0.02171798027869193,-0.05338736548351015,0.5485321498686269,-0.015167850131373117,-0.02690766388393315,4.826914457003605,0.26711445700360503,-0.058580301110488404,32.14149458427312,0.6187945842731182,-0.019630126362053954,3.101721737846251,0.21062173784625138,0.0728517650189379,65.24715697996078,-0.41904302003922567,-0.006381411137529287,0.31142726016621436,-0.011172739833785639,-0.034633415479806695,29.079574486517135,-4.428725513482863,0.13216801549117274,0.544632175564766,-0.012767824435234054,-0.02290603594408693,0.9796757996082306,0.0015757996082306214,0.001611082310837973,0.10136127583682537,-0.0017387241631746236,-0.01686444387172283,0.754815250843842,-0.040084749156158006,-0.05042741119154359,83.586,10.480999999999995,0.14336912659872778,1.8803892199503025,0.28808921995030246,-0.1809264711111615
316,2026-07-27T19:10:55+00:00,2026-07-27T19:17:09+00:00,373.613,8de971c2efe7da0c7de4bcfc74ef159597218ef53f7bab5247cc74ac3b258c8c,"高观感且忠实的视频修复，保持原始内容和运动不变，呈现自然清晰、真实色彩、干净边缘、舒适对比度和高审美质量。 High perceptual quality faithful video restoration with natural clarity, realistic color, clean edges, pleasant contrast, and no invented content.","low perceptual quality, dull texture, temporal flicker, unstable edges, warped geometry, ghosting, ringing, oversharpening, fake texture, color drift, noise amplification",2.500000,Low-CFG fidelity prompt with artifact-focused negative prompt.,,prompt_negative_cfg,0,0,completed,,bbfc747add90aa8908af273af05f62a43c294853b0ac9b525ac6f1dded30f6c4,results_test/UDM10,3.2231138257054273,3,2,0.025765740179249264,0,0,26.41076574017925,0.025765740179249264,0.0009765298532973001,0.7828613509148152,0.008961350914815203,0.011579468813561445,0.25056361334939153,0.0013636133493915292,-0.005471963681346425,0.12392152605518218,0.007221526055182184,-0.06188111444029292,0.39893202127948885,-0.007867978720511148,-0.019341147297225046,0.5600790350667892,-0.003620964933210735,-0.0064235673819597935,4.91107322307789,0.35127322307789033,-0.07703698036709732,32.19631217089192,0.6736121708919214,-0.021369114031853913,3.1434709191322328,0.252370919132233,0.08729235209167202,65.93991817351309,0.2737181735130889,0.004168326681201119,0.3208460008184756,-0.0017539991815244127,-0.005437071238451372,29.389895334551408,-4.11840466544859,0.12290700111460715,0.5651162922382355,0.007716292238235445,0.013843366053526094,0.9817698180675507,0.003669818067550734,0.0037519865735106167,0.10680277533829212,0.003702775338292122,0.03591440677295948,0.767917067910929,-0.0269829320890711,-0.033945064900076864,83.857,10.751999999999995,0.1470761233841734,1.8639858254270318,0.2716858254270318,-0.17062477261008088
317,2026-07-27T19:17:48+00:00,2026-07-27T19:23:59+00:00,371.143,c55d9fe55ad906e3182b74ddec6b5e0ec729f97a001430839b5b0c0f0894059e,"高审美质量、自然清晰、真实色彩的视频恢复，保持输入内容不变，使画面观感干净、舒适、细节可信、边缘稳定。 High aesthetic quality faithful video restoration with natural clarity, realistic color, clean pleasing appearance, credible detail, and stable edges.","low quality, blurry, dull, flat, ugly, noisy, flicker, ghosting, artifacts",1.500000,Low-CFG fidelity prompt with artifact-focused negative prompt.,,prompt_negative_cfg,0,0,completed,,91e024256673464961edf18173e4a8c304fde75a8b860a462332f13465717dc9,results_test/UDM10,3.2219461419157236,3,2,0.09408966925836282,0,0,26.479089669258364,0.09408966925836282,0.0035660287761365476,0.7837117323282291,0.009811732328229072,0.012678294777398982,0.2504342424292718,0.001234242429271809,-0.004952818737045782,0.12370017959225563,0.007000179592255629,-0.05998440096191627,0.39740867864701057,-0.009391321352989423,-0.023085844033897306,0.5596845354764692,-0.004015464523530743,-0.007123406995796954,4.905792329251509,0.3459923292515086,-0.07587883882001592,32.15041340217631,0.6277134021763118,-0.019913059546812672,3.119935855173296,0.2288358551732963,0.07915182981332237,65.82861052482359,0.16241052482358498,0.0024732742997704295,0.3198984629204196,-0.002701537079580374,-0.008374262490949701,29.13565240675403,-4.3726475932459685,0.1304944623644282,0.5689971357583999,0.011597135758399935,0.02080576921133824,0.9825884699821472,0.004488469982147247,0.004588968389885745,0.10563597679138184,0.0025359767913818443,0.02459725306868908,0.7537493977601761,-0.04115060223982392,-0.051768275556452276,83.868,10.762999999999991,0.1472265918883796,1.8323024789666913,0.24000247896669125,-0.15072692266952914
318,2026-07-27T19:24:00+00:00,2026-07-27T19:30:09+00:00,368.951,192d297a2de6fcf6a6818c1b594c5369c21fcedcc3535c8e7fd5e476feef3221,"高审美质量、自然清晰、真实色彩的视频恢复，保持输入内容不变，使画面观感干净、舒适、细节可信、边缘稳定。 High aesthetic quality faithful video restoration with natural clarity, realistic color, clean pleasing appearance, credible detail, and stable edges.","low quality, blurry, dull, flat, ugly, noisy, flicker, ghosting, artifacts",2.000000,Low-CFG fidelity prompt with artifact-focused negative prompt.,,prompt_negative_cfg,0,0,completed,,43de0f310862423b81b741579c4c8fd4fe5abe9733cbbcff4186fda14c9363ec,results_test/UDM10,3.224945345475491,3,2,0.05633533354728115,0,0,26.441335333547283,0.05633533354728115,0.002135127290023921,0.783174223176278,0.009274223176278018,0.01198374877410262,0.25036048656029086,0.0011604865602908576,-0.004656848155260263,0.12291591532768739,0.0062159153276873935,-0.053264055935624624,0.3984528524260368,-0.00834714757396321,-0.02051904516706787,0.5603926151029525,-0.003307384897047516,-0.005867278511703949,4.886897142276869,0.3270971422768687,-0.07173497571754654,32.07189110879374,0.5491911087937424,-0.01742208341270711,3.1342899880101607,0.2431899880101609,0.08411676801568985,66.03631013439546,0.3701101343954605,0.0056362349944942824,0.32107666055521655,-0.0015233394447834447,-0.004722068954691397,29.038463961693555,-4.469836038306443,0.13339489136442145,0.5729858547449111,0.015585854744911143,0.027961705677989133,0.9827597081661225,0.004659708166122489,0.004764040656499836,0.1084621049463749,0.0053621049463749015,0.05200877736542096,0.7563681833438505,-0.038531816656149576,-0.048473791239337746,83.85499999999999,10.749999999999986,0.14704876547431756,1.8508827405457846,0.25858274054578456,-0.1623957423511804
319,2026-07-27T19:30:10+00:00,2026-07-27T19:36:24+00:00,374.025,0311e81ec7e76a3bbd4a5e90dae44faa7e24d1413b3673b3bd95cf6cb2fc98cb,"高审美质量、自然清晰、真实色彩的视频恢复，保持输入内容不变，使画面观感干净、舒适、细节可信、边缘稳定。 High aesthetic quality faithful video restoration with natural clarity, realistic color, clean pleasing appearance, credible detail, and stable edges.","low quality, blurry, dull, flat, ugly, noisy, flicker, ghosting, artifacts",2.500000,Low-CFG fidelity prompt with artifact-focused negative prompt.,,prompt_negative_cfg,0,0,completed,,da2a3539583fa35901302ee9417dc3e278ec9c398bb82b1825cace9a02bdd7f4,results_test/UDM10,3.227513469874539,3,2,0.009470011803411893,0,0,26.394470011803413,0.009470011803411893,0.0003589164981395449,0.782475171308602,0.00857517130860197,0.011080464282984842,0.250405726053061,0.0012057260530609903,-0.0048383870508065425,0.12209493498648367,0.0053949349864836765,-0.04622909157226801,0.39908579650425147,-0.007714203495748528,-0.018963135436943286,0.5610780859185803,-0.0026219140814196518,-0.004651257905658421,4.869040569609778,0.30924056960977797,-0.06781888890078029,31.9962839251381,0.4735839251381009,-0.015023583802723145,3.148701727774836,0.25760172777483614,0.0891016318269296,66.24250413217854,0.5763041321785352,0.008776267427969567,0.32197718079532345,-0.0006228192046765502,-0.001930623697075481,28.97512994581653,-4.5331700541834685,0.1352849907092711,0.5711824387311936,0.013782438731193558,0.024726298405442337,0.9831770420074463,0.005077042007446297,0.005190718748028113,0.10582730323076248,0.002727303230762479,0.026452989629122008,0.7592598829893288,-0.03564011701067127,-0.04483597560783906,83.893,10.787999999999997,0.14756856576157576,1.868744140738272,0.27644414073827206,-0.1736131010100308
320,2026-07-27T19:36:25+00:00,2026-07-27T19:42:42+00:00,377.597,5519695ff266d57f5f1d91f84a372872830590f50f30a7647719689e1d071801,"高审美质量、自然清晰、真实色彩的视频恢复，保持输入内容不变，使画面观感干净、舒适、细节可信、边缘稳定。 High aesthetic quality faithful video restoration with natural clarity, realistic color, clean pleasing appearance, credible detail, and stable edges.","low quality, blurry, dull, flat, ugly, noisy, flicker, ghosting, artifacts",3.000000,Low-CFG fidelity prompt with artifact-focused negative prompt.,,prompt_negative_cfg,0,0,completed,,fe22e6d060bf41c4aedeb0762be0d814d5c2599ddedad8323a1d3426addce208,results_test/UDM10,4.2294101871384004,4,2,-0.04649122791905569,0,0,26.338508772080946,-0.04649122791905569,-0.0017620325154085914,0.7816277148821401,0.00772771488214008,0.009985417860369659,0.25058086718763073,0.0013808671876307244,-0.005541200592418637,0.12125964472370762,0.004559644723707623,-0.03907150577298735,0.3984126904799092,-0.008387309520090813,-0.02061777168163917,0.5610943825975541,-0.0026056174024459144,-0.004622347707017766,4.840277789735966,0.2804777897359658,-0.06151098507302202,31.880691205103084,0.35799120510308313,-0.011356616187797465,3.162676739308142,0.2715767393081423,0.09393543609980365,66.44753289991809,0.781332899918084,0.011898555115387885,0.32265681871964086,5.681871964086094e-05,0.00017612746323887458,28.935826849168347,-4.572473150831652,0.1364579268668256,0.5740288078784943,0.0166288078784943,0.029832809254564586,0.9829100668430328,0.0048100668430328675,0.004917765916606551,0.10530303753912448,0.002203037539124486,0.021367968371721495,0.76250267885487,-0.032397321145130054,-0.04075647395286206,83.833,10.727999999999994,0.14674782846590512,1.8908194564573932,0.2985194564573932,-0.18747689283262775
321,2026-07-27T19:42:43+00:00,2026-07-27T19:49:24+00:00,400.759,f89c3600072d8d6100edd5021aa490250994e2d921052838f3eb53f8384d42c1,"高审美质量、自然清晰、真实色彩的视频恢复，保持输入内容不变，使画面观感干净、舒适、细节可信、边缘稳定。 High aesthetic quality faithful video restoration with natural clarity, realistic color, clean pleasing appearance, credible detail, and stable edges.","low quality, blurry, dull, flat, ugly, noisy, flicker, ghosting, artifacts",3.500000,Low-CFG fidelity prompt with artifact-focused negative prompt.,,prompt_negative_cfg,0,0,completed,,6fa243afb87fef0a6dbff1a1ffe2fae1028641ccaec6b980cdda835c734b8f75,results_test/UDM10,4.231076873500946,4,2,-0.11171470642090142,0,0,26.2732852935791,-0.11171470642090142,-0.0042340233625507455,0.7806283493222751,0.006728349322275062,0.008694081047002276,0.2509318454371344,0.0017318454371344216,-0.006949620534247278,0.1205145295589201,0.0038145295589201017,-0.03268662861114054,0.398354138193592,-0.008445861806407995,-0.020761705522143546,0.5608805887160762,-0.002819411283923823,-0.005001616611537738,4.813547405467608,0.25374740546760766,-0.0556488015850712,31.79084781059739,0.2681478105973909,-0.008506498827746066,3.1744748565458485,0.2833748565458487,0.09801627634666692,66.64373972492834,0.9775397249283344,0.014886497542546003,0.32303052167257956,0.00043052167257956464,0.0013345371127698841,28.898542244203632,-4.609757755796366,0.1375706244660686,0.5768518328666687,0.01945183286666874,0.03489743966033143,0.9834015250205994,0.00530152502059944,0.005420228014108415,0.10551979802548886,0.002419798025488862,0.023470397919387605,0.7706066651227979,-0.0242933348772022,-0.030561498147191092,83.99600000000001,10.891000000000005,0.14897749811914376,1.917478227818113,0.325178227818113,-0.2042191972731979
322,2026-07-27T19:49:25+00:00,2026-07-27T19:55:40+00:00,375.612,7519a6c32eed56b1d3efc0265b94f804e250176fa2f7a9aff8c20385ec8f5439,"高审美质量、自然清晰、真实色彩的视频恢复，保持输入内容不变，使画面观感干净、舒适、细节可信、边缘稳定。 High aesthetic quality faithful video restoration with natural clarity, realistic color, clean pleasing appearance, credible detail, and stable edges.","low quality, blurry, dull, flat, ugly, noisy, flicker, ghosting, artifacts",4.000000,Low-CFG fidelity prompt with artifact-focused negative prompt.,,prompt_negative_cfg,0,0,completed,,37db5b2a38fd1bd727c8a50e75d6dcd038d3bdde8101f5d6f6a19a86f7d0785e,results_test/UDM10,4.232561903098627,4,2,-0.1862654458322872,0,0,26.198734554167714,-0.1862654458322872,-0.00705952040296711,0.7794795799684308,0.005579579968430726,0.007209691133777911,0.2515005009068597,0.0023005009068597093,-0.009231544570063038,0.11987015470381705,0.0031701547038170547,-0.027164993177524032,0.3978258051699208,-0.008974194830079218,-0.02206045926764803,0.5605636905277929,-0.0031363094722071105,-0.005563791861286341,4.784399134516342,0.22459913451634161,-0.04925635653237897,31.690418957842336,0.16771895784233593,-0.005320577166370137,3.1881662637956683,0.2970662637956685,0.1027519849869145,66.82962325311476,1.1634232531147575,0.01771723128663997,0.32336362475349056,0.000763624753490566,0.0023670947101381463,28.882752646169354,-4.625547353830644,0.13804183900199785,0.5822562932968139,0.024856293296813936,0.04459327825047351,0.9831468522548675,0.005046852254867562,0.0051598530363639325,0.10888199619948864,0.005781996199488645,0.05608143743441945,0.7759077494460599,-0.01899225055394016,-0.023892628700390186,84.11399999999999,11.008999999999986,0.15059161480062905,1.9395787411000733,0.3472787411000733,-0.21809881372861475
323,2026-07-27T19:55:41+00:00,2026-07-27T20:02:12+00:00,390.982,bf2b962bb5088b2df6cff16a3dce842c8888e680cbb078d3d678e9580e6d1c02,"高审美质量、自然清晰、真实色彩的视频恢复，保持输入内容不变，使画面观感干净、舒适、细节可信、边缘稳定。 High aesthetic quality faithful video restoration with natural clarity, realistic color, clean pleasing appearance, credible detail, and stable edges.","low quality, blurry, dull, flat, ugly, noisy, flicker, ghosting, artifacts",4.500000,Low-CFG fidelity prompt with artifact-focused negative prompt.,,prompt_negative_cfg,0,0,completed,,69e4938b9637fb333753d4073f8e6ee4679ad8546088b9962fcf6ee5cd02849e,results_test/UDM10,4.333868243140973,4,3,-0.2699842625279594,0,0,26.115015737472042,-0.2699842625279594,-0.01023249052597913,0.778177932205999,0.004277932205998924,0.0055277583744655955,0.25224423523872125,0.0030442352387212435,-0.012216032258110928,0.11940183197298357,0.0027018319729835705,-0.023151944927022883,0.3974842846393585,-0.009315715360641519,-0.022899988595480626,0.5598656232318571,-0.003834376768142911,-0.0068021585384830776,4.76504070618703,0.2052407061870296,-0.045010900957723934,31.56936472862293,0.04666472862292892,-0.0014803531620999762,3.200651444158246,0.3095514441582461,0.10707047288514618,66.98569872456211,1.3194987245621093,0.02009403200675704,0.32345759806133084,0.0008575980613308443,0.00265839448645643,28.869501323084677,-4.6387986769153216,0.13843730290451386,0.5794591218233108,0.022059121823310823,0.03957503018175605,0.9830447673797608,0.004944767379760795,0.005055482445313154,0.10667438916862011,0.003574389168620115,0.03466914809524845,0.7616897044307789,-0.03321029556922117,-0.041779211937628846,84.13900000000001,11.034000000000006,0.1509335886738254,1.9744256316820006,0.38212563168200053,-0.23998344010676412
324,2026-07-27T20:02:13+00:00,2026-07-27T20:08:40+00:00,387.485,224e84a80f8671b730cc5dd22fa2e34652f697608d5ad3e472eb9f310685583c,"高审美质量、自然清晰、真实色彩的视频恢复，保持输入内容不变，使画面观感干净、舒适、细节可信、边缘稳定。 High aesthetic quality faithful video restoration with natural clarity, realistic color, clean pleasing appearance, credible detail, and stable edges.","low quality, blurry, dull, flat, ugly, noisy, flicker, ghosting, artifacts",5.000000,Low-CFG fidelity prompt with artifact-focused negative prompt.,,prompt_negative_cfg,0,0,completed,,d08d0ffa259c2bc626c327bbfae6d933c306629296b8fab0829d01fae503703b,results_test/UDM10,5.334489996807306,5,3,-0.3626892323647759,0,1,26.022310767635226,-0.3626892323647759,-0.013746038747954364,0.7767259830570138,0.002825983057013759,0.003651612685119213,0.25321012144127203,0.004010121441272024,-0.016091980101412617,0.11908211708068847,0.002382117080688473,-0.020412314316096598,0.39655927660003787,-0.010240723399962126,-0.025173852998923614,0.5591910336286791,-0.004508966371320922,-0.007998875946994716,4.735240867599705,0.175440867599705,-0.03847556199826856,31.48709436376681,-0.03560563623318913,0.0011295236839861157,3.211605266986355,0.32050526698635506,0.11085928089182494,67.12954485493321,1.4633448549332115,0.02228459778292655,0.3233224498168114,0.0007224498168114102,0.0022394600645115007,28.88114407447076,-4.627155925529237,0.13808984417380882,0.5860701382160187,0.028670138216018715,0.05143548298532242,0.982889723777771,0.004789723777770982,0.004896967363021146,0.11018202155828476,0.0070820215582847595,0.06869080075930901,0.7836275495105386,-0.01127245048946146,-0.014180966775017562,84.115,11.009999999999991,0.15060529375555695,2.0072305651410716,0.4149305651410715,-0.2605856717585075
325,2026-07-27T20:08:41+00:00,2026-07-27T20:14:53+00:00,371.758,911029c41b49d3365ce0afbd139988b97f52be25a79384972eb7d11b8484be45,"高审美质量、自然清晰、真实色彩的视频恢复，保持输入内容不变，使画面观感干净、舒适、细节可信、边缘稳定。 High aesthetic quality faithful video restoration with natural clarity, realistic color, clean pleasing appearance, credible detail, and stable edges.","low quality, blurry, dull, flat, ugly, noisy, flicker, ghosting, artifacts",6.000000,Low-CFG fidelity prompt with artifact-focused negative prompt.,,prompt_negative_cfg,0,0,completed,,4107cac8701cfefc3f5dc89028ccf7c5a04c5bed58ad4a673f2e0e248da1163a,results_test/UDM10,5.3355899094616,5,3,-0.5729806764664183,0,1,25.812019323533583,-0.5729806764664183,-0.021716152225371165,0.773388331806766,-0.000511668193234005,-0.0006611554376973834,0.2558325980940173,0.006632598094017311,-0.026615562175029337,0.11912361402665414,0.0024236140266541417,-0.020767900828227437,0.3947054516403905,-0.012094548359609492,-0.02973094483679816,0.5568380773067474,-0.006861922693252587,-0.012173004600412608,4.681064231734611,0.1212642317346111,-0.026594199687401003,31.19625406853883,-0.3264459314611692,0.010355900080296713,3.232939889738637,0.3418398897386372,0.11823869452410406,67.37754445229807,1.7113444522980643,0.026061268236902153,0.32276420987421467,0.00016420987421467137,0.0005090200688613496,28.955579794606855,-4.552720205393143,0.13586843275824628,0.5791310131549835,0.02173101315498349,0.03898638886792876,0.9823544561862946,0.004254456186294608,0.0043497149435585405,0.10551845841109753,0.0024184584110975293,0.02345740456932618,0.7843247997030223,-0.010575200296977783,-0.013303812173830396,84.208,11.102999999999994,0.15187743656384645,2.0817861295411904,0.4894861295411903,-0.30740823308496534
326,2026-07-27T20:14:54+00:00,2026-07-27T20:21:13+00:00,379.452,9c54af14d4057a96ee2e2f2a604f88339beaa866e8ecbcc4efe14f6318064172,"高审美质量、自然清晰、真实色彩的视频恢复，保持输入内容不变，使画面观感干净、舒适、细节可信、边缘稳定。 High aesthetic quality faithful video restoration with natural clarity, realistic color, clean pleasing appearance, credible detail, and stable edges.","blur, low contrast, dull color, unnatural texture, flicker, ghosting, ringing, noise",1.500000,Low-CFG fidelity prompt with artifact-focused negative prompt.,,prompt_negative_cfg,0,0,completed,,a15512dda4641cc7060a66b5b82437e0da7f0b08e642c71231bc696d083f7d26,results_test/UDM10,2.2199535645725135,2,2,0.10600945380426197,0,0,26.491009453804264,0.10600945380426197,0.004017792450417357,0.7838469947029719,0.00994699470297189,0.012853074948923491,0.2504521337968688,0.0012521337968688095,-0.005024613952122029,0.1240264379209088,0.007326437920908799,-0.06278010215003255,0.39650259479399647,-0.01029740520600353,-0.02531318880531841,0.5586877386416158,-0.0050122613583841735,-0.008891717861245652,4.904824809363742,0.3450248093637418,-0.0756666540996846,32.15881715302943,0.6361171530294314,-0.020179653171505975,3.104542548425736,0.21344254842573607,0.0738274526739774,65.65756295727145,-0.008637042728551592,-0.0001315295041977698,0.31819715086490874,-0.004402849135091258,-0.01364801343797662,29.017799032888103,-4.490500967111895,0.1340116021138612,0.5594696879386902,0.0020696879386902234,0.0037131107619128513,0.9822271406650543,0.004127140665054374,0.0042195487834110765,0.10265409611165524,-0.00044590388834475636,-0.004324964969396279,0.7583785631915652,-0.03652143680843489,-0.045944693431167305,83.99600000000001,10.891000000000005,0.14897749811914376,1.8184207359687812,0.22612073596878113,-0.14200887770444082
327,2026-07-27T20:21:14+00:00,2026-07-27T20:27:46+00:00,392.507,96ce805fb344cb0a5bd91dce44277333097596f7eeb161325e33a47f45211a67,"高审美质量、自然清晰、真实色彩的视频恢复，保持输入内容不变，使画面观感干净、舒适、细节可信、边缘稳定。 High aesthetic quality faithful video restoration with natural clarity, realistic color, clean pleasing appearance, credible detail, and stable edges.","blur, low contrast, dull color, unnatural texture, flicker, ghosting, ringing, noise",2.000000,Low-CFG fidelity prompt with artifact-focused negative prompt.,,prompt_negative_cfg,0,0,completed,,b162c6431dc9cb98dbfd37ab2781f661289e8a974c94ba2bb36c55e4f662acd0,results_test/UDM10,3.220764220185542,3,2,0.07957992676765713,0,0,26.46457992676766,0.07957992676765713,0.0030161048613855266,0.7834062380429021,0.009506238042902071,0.012283548317485555,0.2503685012700096,0.0011685012700095865,-0.004689009911755965,0.123461099209324,0.006761099209323995,-0.05793572587252781,0.39633609224711697,-0.010463907752883028,-0.02572248710148237,0.5583159454407232,-0.0053840545592768185,-0.009551276493306402,4.88631772048941,0.3265177204894103,-0.07160790396276379,32.08954064870098,0.5668406487009818,-0.01798198278386629,3.105037886865677,0.21393788686567738,0.07399878484510304,65.6854140497023,0.019214049702299008,0.00029260182106318025,0.31755134359963477,-0.005048656400365226,-0.015649895847381357,28.81835110572077,-4.68994889427923,0.13996379685866575,0.5731901884078979,0.01579018840789792,0.028328289214025693,0.9827622830867767,0.004662283086776742,0.004766673230525245,0.1098130527883768,0.006713052788376805,0.06511205420346078,0.7518940762818354,-0.043005923718164696,-0.054102306853899475,84.01500000000001,10.91000000000001,0.14923739826277285,1.8284282607055502,0.23612826070555015,-0.1482938269833261
328,2026-07-27T20:27:47+00:00,2026-07-27T20:34:17+00:00,389.761,00c1d349d3576c80f858b060c91a989280a2864d92b1d1dd86ce6c344db6893c,"高审美质量、自然清晰、真实色彩的视频恢复，保持输入内容不变，使画面观感干净、舒适、细节可信、边缘稳定。 High aesthetic quality faithful video restoration with natural clarity, realistic color, clean pleasing appearance, credible detail, and stable edges.","blur, low contrast, dull color, unnatural texture, flicker, ghosting, ringing, noise",2.500000,Low-CFG fidelity prompt with artifact-focused negative prompt.,,prompt_negative_cfg,0,0,completed,,ce4ce1cdaee40c6a9842128300c4044820b583d4e2858eb3aacc7e3fb071e831,results_test/UDM10,3.2206677056646136,3,2,0.043837210132227966,0,0,26.42883721013223,0.043837210132227966,0.0016614443862887232,0.7827654831271725,0.008865483127172502,0.01145559261813219,0.2502938585656304,0.0010938585656304067,-0.0043894806004430445,0.12279209917591465,0.0060920991759146476,-0.05220307777133374,0.3952512184939077,-0.011548781506092287,-0.028389335069056755,0.5572321093851519,-0.006467890614848093,-0.01147399434956199,4.8617073687903805,0.3019073687903804,-0.06621066029000841,32.02323879059352,0.5005387905935166,-0.015878677606725202,3.102395197268456,0.21129519726845603,0.07308470729772613,65.69914187769736,0.032941877697354016,0.0005016565249299338,0.3166368342455356,-0.005963165754464372,-0.01848470475655416,28.639065256426413,-4.869234743573585,0.14531428761153461,0.5679413557052613,0.010541355705261268,0.018911653579586057,0.9822993218898773,0.004199321889877372,0.0042933461710227706,0.10630654096603394,0.003206540966033941,0.031101270281609517,0.7626194835404104,-0.032280516459589625,-0.04060953133675887,84.12899999999999,11.023999999999987,0.1507967991245467,1.8357573962809208,0.24345739628092078,-0.15289668798651057
329,2026-07-27T20:34:17+00:00,2026-07-27T20:40:40+00:00,382.499,5ff4504db3b011a49109135338748f8383f792f36d8fcdda9b9604428113aa9f,"高审美质量、自然清晰、真实色彩的视频恢复，保持输入内容不变，使画面观感干净、舒适、细节可信、边缘稳定。 High aesthetic quality faithful video restoration with natural clarity, realistic color, clean pleasing appearance, credible detail, and stable edges.","blur, low contrast, dull color, unnatural texture, flicker, ghosting, ringing, noise",3.000000,Low-CFG fidelity prompt with artifact-focused negative prompt.,,prompt_negative_cfg,0,0,completed,,54628b5970888d4906dd0f84e0311820327b55ecf04053649ece6f9e079c8f67,results_test/UDM10,3.220596242526349,3,2,-0.0005508595128205229,0,0,26.38444914048718,-0.0005508595128205229,-2.087775299679829e-05,0.781962380113778,0.008062380113778023,0.010417857751360669,0.2502911902243091,0.0010911902243091187,-0.004378772970742852,0.12210841255803262,0.0054084125580326214,-0.04634458061724611,0.393588420989052,-0.013211579010947994,-0.03247684122651916,0.556169526711587,-0.007530473288412942,-0.013359008849410933,4.839790023608552,0.2799900236085522,-0.061404014125302026,31.887398396389568,0.36469839638956714,-0.011569389563380267,3.102281645421059,0.2111816454210591,0.07304543095052372,65.70832246349704,0.04212246349703719,0.0006414633936033634,0.31551088664320204,-0.00708911335679796,-0.02197493291009907,28.486512411794354,-5.021787588205644,0.14986697588972417,0.567084351181984,0.009684351181983963,0.017374149949738005,0.9824536979198456,0.004353697919845634,0.004451178734122926,0.10505827032029628,0.0019582703202962876,0.01899389253439658,0.7467563276603031,-0.04814367233969696,-0.06056569674134729,83.906,10.801000000000002,0.1477463921756378,1.8471875402368219,0.2548875402368218,-0.1600750739413564
330,2026-07-27T20:40:41+00:00,2026-07-27T20:46:50+00:00,369.722,e1797e321cb96514ffd05c6159385f03f8fe1b076870740dbdfe46076dd7e50f,"高审美质量、自然清晰、真实色彩的视频恢复，保持输入内容不变，使画面观感干净、舒适、细节可信、边缘稳定。 High aesthetic quality faithful video restoration with natural clarity, realistic color, clean pleasing appearance, credible detail, and stable edges.","blur, low contrast, dull color, unnatural texture, flicker, ghosting, ringing, noise",3.500000,Low-CFG fidelity prompt with artifact-focused negative prompt.,,prompt_negative_cfg,0,0,completed,,26ebbdcc430ebaeb9d3d78e63b2e7dcb857938f477f0346da65252e816b37c85,results_test/UDM10,3.219671182799952,3,2,-0.05369396086662093,0,0,26.33130603913338,-0.05369396086662093,-0.002035018414501456,0.7809803198405622,0.0070803198405621215,0.009148882078514177,0.2504587320070113,0.0012587320070112928,-0.00505109152091209,0.12144849531112178,0.0047484953111217865,-0.0406897627345483,0.39170757339846707,-0.015092426601532927,-0.03710036037741624,0.5548929891278667,-0.008807010872133314,-0.015623577917568413,4.809612585319693,0.24981258531969264,-0.054785864581712494,31.818026201366386,0.295326201366386,-0.009368683563476034,3.100522458168768,0.20942245816876826,0.07243694724110833,65.68069451855074,0.014494518550733915,0.00022073027753599132,0.3140977257201749,-0.008502274279825084,-0.026355468939321402,28.365154832409274,-5.143145167590724,0.1534886928788009,0.5720963507890702,0.014696350789070167,0.026365896643469982,0.9823210060596466,0.004221006059646593,0.004315515856912987,0.10812592953443527,0.005025929534435272,0.04874810411673397,0.7491474633764587,-0.045752536623541395,-0.0575576004825027,83.779,10.673999999999992,0.14600916489980154,1.8581686851878962,0.2658686851878962,-0.16697147848263277
331,2026-07-27T20:46:51+00:00,2026-07-27T20:53:14+00:00,382.655,ff3c685d27b98caeb80b60eacb8638cf7cf3be5c909be6ce39bf4393def573ac,"高审美质量、自然清晰、真实色彩的视频恢复，保持输入内容不变，使画面观感干净、舒适、细节可信、边缘稳定。 High aesthetic quality faithful video restoration with natural clarity, realistic color, clean pleasing appearance, credible detail, and stable edges.","blur, low contrast, dull color, unnatural texture, flicker, ghosting, ringing, noise",4.000000,Low-CFG fidelity prompt with artifact-focused negative prompt.,,prompt_negative_cfg,0,0,completed,,3f539197ae5014e52fe82e2ce9ee3b07754156ad611e64e5cf9708b41ae560a3,results_test/UDM10,3.218807517060946,3,2,-0.1152081631075923,0,0,26.26979183689241,-0.1152081631075923,-0.004366426496402967,0.7798240840288578,0.005924084028857801,0.007654844332417368,0.25071118382676955,0.001511183826769541,-0.006064140556860116,0.12084857456145748,0.00414857456145748,-0.03554905365430574,0.3896656596852887,-0.017134340314711283,-0.04211981394963442,0.5533593288352413,-0.010340671164758675,-0.018344280938014323,4.773752628286734,0.21395262828673367,-0.046921493988055105,31.671584624466153,0.14888462446615236,-0.004723092389489237,3.098460495087408,0.2073604950874084,0.07172373667026682,65.67078786050119,0.0045878605011893114,6.986639246963143e-05,0.3126202825577028,-0.009979717442297198,-0.03093526795504401,28.281626055317542,-5.226673944682457,0.15598147159606596,0.5719867318868637,0.014586731886863658,0.02616923553438044,0.9821315586566925,0.00403155865669258,0.004121826660558818,0.1060323916375637,0.0029323916375637027,0.02844220792981283,0.7660049422764776,-0.02889505772352241,-0.03635055695499108,83.827,10.721999999999994,0.14666575473633806,1.8715414664620766,0.2792414664620766,-0.17536988410605828
332,2026-07-27T20:53:14+00:00,2026-07-27T20:59:24+00:00,369.1,68ff7be4746c0fd8152fca5fc90c901decea6220f4b093935dfa9b884837770a,"高审美质量、自然清晰、真实色彩的视频恢复，保持输入内容不变，使画面观感干净、舒适、细节可信、边缘稳定。 High aesthetic quality faithful video restoration with natural clarity, realistic color, clean pleasing appearance, credible detail, and stable edges.","blur, low contrast, dull color, unnatural texture, flicker, ghosting, ringing, noise",4.500000,Low-CFG fidelity prompt with artifact-focused negative prompt.,,prompt_negative_cfg,0,0,completed,,7de7728ef7b62a50aa0b87b3d132d3b0e5456b516a57c00b9be165597f5d27da,results_test/UDM10,2.21749734400056,2,2,-0.18499225370345584,0,0,26.200007746296546,-0.18499225370345584,-0.007011266011122071,0.7784942715330768,0.004594271533076788,0.005936518326756413,0.25116914640511234,0.0019691464051123375,-0.00790187160960007,0.12040911932145396,0.0037091193214539575,-0.031783370363787124,0.38770509650630336,-0.019094903493696636,-0.046939290790798026,0.55149159998663,-0.01220840001336998,-0.021657619324764912,4.744174686666969,0.18437468666696866,-0.04043481877866763,31.529796300646314,0.007096300646313836,-0.00022511715831175107,3.096113490289258,0.2050134902892582,0.07091193327427561,65.62809920772429,-0.0381007922757135,-0.000580219234183088,0.3108677031051728,-0.011732296894827188,-0.03636793829766642,28.236115486391128,-5.27218451360887,0.157339659535365,0.5716109663248062,0.014210966324806229,0.02549509566703665,0.9822246193885803,0.004124619388580331,0.004216971054677774,0.10490124970674515,0.0018012497067451533,0.017470899192484513,0.757672484740423,-0.037227515259577015,-0.046832954157223564,83.651,10.545999999999992,0.14425825866903758,1.8893262410225968,0.2970262410225968,-0.1865391201548683
333,2026-07-27T20:59:24+00:00,2026-07-27T21:05:41+00:00,377.164,01ca7800cc48e94718d896297bdd82ff5edb97a31fbb6c3f968c57da7ba5710e,"高审美质量、自然清晰、真实色彩的视频恢复，保持输入内容不变，使画面观感干净、舒适、细节可信、边缘稳定。 High aesthetic quality faithful video restoration with natural clarity, realistic color, clean pleasing appearance, credible detail, and stable edges.","blur, low contrast, dull color, unnatural texture, flicker, ghosting, ringing, noise",5.000000,Low-CFG fidelity prompt with artifact-focused negative prompt.,,prompt_negative_cfg,0,0,completed,,27f9d9d50e5f3344c3def673e97486ee290e632b6790efd5d5a377fd9d171b03,results_test/UDM10,3.2159070236910634,3,2,-0.2626527466312538,0,0,26.122347253368748,-0.2626527466312538,-0.009954623711626068,0.7769920541567639,0.003092054156763835,0.00399541821522656,0.2517859907880906,0.002585990788090603,-0.01037717009667176,0.12006752529451925,0.0033675252945192524,-0.028856257879342352,0.3856151954300942,-0.02118480456990579,-0.052076707398981785,0.5490765630237519,-0.014623436976248128,-0.025941878616725436,4.710016010137616,0.15021601013761554,-0.0329435523789674,31.360960094123435,-0.16173990587656562,0.0051309026789128345,3.091884183883667,0.20078418388366703,0.06944906225439004,65.59989802452826,-0.06630197547174532,-0.0010096819287814024,0.308961843915524,-0.013638156084475994,-0.04227574731703656,28.211535250756043,-5.296764749243955,0.15807321616566508,0.5616647928953171,0.0042647928953171155,0.0076512251440924205,0.9822411417961121,0.0041411417961121355,0.0042338634046745075,0.09785605855286121,-0.005243941447138786,-0.050862671650230715,0.7668164070769721,-0.028083592923027978,-0.03532971810671528,83.52600000000001,10.421000000000006,0.14254838930305733,1.9161319251240152,0.32383192512401515,-0.2033736890812128
334,2026-07-27T21:05:42+00:00,2026-07-27T21:11:54+00:00,371.794,c03eb3a6dbe78f749aab0fd5cb1a0f6691f1c8e44cf693cd9ff54596c9674f4b,"高审美质量、自然清晰、真实色彩的视频恢复，保持输入内容不变，使画面观感干净、舒适、细节可信、边缘稳定。 High aesthetic quality faithful video restoration with natural clarity, realistic color, clean pleasing appearance, credible detail, and stable edges.","blur, low contrast, dull color, unnatural texture, flicker, ghosting, ringing, noise",6.000000,Low-CFG fidelity prompt with artifact-focused negative prompt.,,prompt_negative_cfg,0,0,completed,,8c5295b244276fba684b59f27c7ddf9298ddc7e00ed6d799baccadfbec7370cb,results_test/UDM10,3.2115244037040007,3,2,-0.44040465693319675,0,0,25.944595343066805,-0.44040465693319675,-0.016691478375334346,0.7735250171472973,-0.00037498285270276543,-0.0004845365715244417,0.2536394967186836,0.004439496718683572,-0.017814994858280787,0.12006785658098036,0.0033678565809803634,-0.028859096666498402,0.38091730725380685,-0.025882692746193148,-0.06362510507913753,0.544071460731568,-0.019628539268432,-0.034820896342792264,4.647560354287085,0.08776035428708528,-0.019246535875934313,31.024597261252232,-0.4981027387477681,0.015801398317649443,3.0789385684074895,0.1878385684074897,0.06497131486544558,65.48641668750393,-0.17978331249607038,-0.002737836398269892,0.3049019742877253,-0.01769802571227469,-0.054860588072767176,28.282930632560483,-5.225369367439516,0.15594253863787527,0.5557699948549271,-0.0016300051450729436,-0.0029243005831950906,0.9813749730587006,0.0032749730587006143,0.00334830084725551,0.0963005106896162,-0.006799489310383794,-0.06595042978063816,0.7550542780563952,-0.039845721943604806,-0.05012671020707611,83.162,10.057000000000002,0.13756924970932222,1.9817255030163021,0.3894255030163021,-0.24456792251227913
335,2026-07-27T21:11:55+00:00,2026-07-27T21:18:09+00:00,373.683,94082da4307f839fe9dac51200f833fcc3e96b71962a39126c843bc20622841e,"高审美质量、自然清晰、真实色彩的视频恢复，保持输入内容不变，使画面观感干净、舒适、细节可信、边缘稳定。 High aesthetic quality faithful video restoration with natural clarity, realistic color, clean pleasing appearance, credible detail, and stable edges.","low aesthetic quality, dull colors, flat contrast, muddy texture, unnatural color, visual artifacts, temporal flicker, ghosting, warped edges, fake details, oversharpening, ringing, noise amplification",1.500000,Low-CFG fidelity prompt with artifact-focused negative prompt.,,prompt_negative_cfg,0,0,completed,,75e5969603c84f668c38dc21e0a592ccdce43e124a3804d91de97fec21d8bdc2,results_test/UDM10,2.2194865180506986,2,2,0.10700172424316179,0,0,26.492001724243163,0.10700172424316179,0.004055399819714299,0.7839671420196771,0.010067142019677067,0.013008324098303483,0.2504730045795441,0.0012730045795440736,-0.005108365086452944,0.12404559446919347,0.007345594469193473,-0.06294425423473413,0.39624145655862747,-0.010558543441372525,-0.02595512153729726,0.55839679750704,-0.005303202492960013,-0.009407845472698267,4.907173384397732,0.3473733843977316,-0.07618171507472511,32.141295380369115,0.6185953803691149,-0.019623806982559073,3.098845811428562,0.2077458114285622,0.07185701339578783,65.65862100662723,-0.007578993372774789,-0.00011541696295468276,0.318220160997683,-0.004379839002316976,-0.013576686306004266,29.044073289440526,-4.464226710559473,0.13322749022061617,0.5583727717399597,0.000972771739959688,0.001745195084247736,0.9817621946334839,0.0036621946334839395,0.0037441924480972697,0.10300830528140067,-9.169471859932221e-05,-0.0008893765140574415,0.7603382285785231,-0.03456177142147698,-0.04347939542266572,84.025,10.920000000000002,0.14937418781205117,1.8256851589831058,0.23338515898310574,-0.1465710977724711
336,2026-07-27T21:18:09+00:00,2026-07-27T21:24:43+00:00,393.319,863488b1aad9509415ee43fd14eec436feb20885f55b06a237dad41e4e9931b2,"高审美质量、自然清晰、真实色彩的视频恢复，保持输入内容不变，使画面观感干净、舒适、细节可信、边缘稳定。 High aesthetic quality faithful video restoration with natural clarity, realistic color, clean pleasing appearance, credible detail, and stable edges.","low aesthetic quality, dull colors, flat contrast, muddy texture, unnatural color, visual artifacts, temporal flicker, ghosting, warped edges, fake details, oversharpening, ringing, noise amplification",2.000000,Low-CFG fidelity prompt with artifact-focused negative prompt.,,prompt_negative_cfg,0,0,completed,,048d424313c35ed1d9dad400a1c70129cf10866e8d68806094d5486cb5b18421,results_test/UDM10,3.2203915409445076,3,2,0.08223405776485038,0,0,26.467234057764852,0.08223405776485038,0.0031166972812147193,0.7836749399716655,0.009774939971665453,0.012630753290690596,0.25037168528764475,0.001171685287644747,-0.004701786868558375,0.12348369321515482,0.006783693215154818,-0.05812933346319467,0.3959702740273167,-0.01082972597268328,-0.02662174526224995,0.5579155671019709,-0.0057844328980291015,-0.010261544967232751,4.896173975061345,0.3363739750613446,-0.07376945810372047,31.999470837334847,0.47677083733484693,-0.015124682763051608,3.0952447256734295,0.20414472567342967,0.07061143705628643,65.69364758153117,0.027447581531163223,0.00041798644555590583,0.3176617941548748,-0.004938205845125221,-0.015307519668708061,28.849746408770166,-4.658553591229833,0.13902685577095325,0.5639698445796967,0.006569844579696671,0.011786588768741784,0.9819859743118287,0.0038859743118286882,0.00397298263145761,0.1048286460340023,0.0017286460340023013,0.01676669286132203,0.7457825313816023,-0.04911746861839772,-0.06179075181582302,83.893,10.787999999999997,0.14756856576157576,1.829782950541509,0.23748295054150903,-0.14914460248791622
337,2026-07-27T21:24:43+00:00,2026-07-27T21:31:05+00:00,381.48,79b7a5cd8480e5ed142d81c6bed07ffccbe1b9688629507b5ee5c19888e1920c,"高审美质量、自然清晰、真实色彩的视频恢复，保持输入内容不变，使画面观感干净、舒适、细节可信、边缘稳定。 High aesthetic quality faithful video restoration with natural clarity, realistic color, clean pleasing appearance, credible detail, and stable edges.","low aesthetic quality, dull colors, flat contrast, muddy texture, unnatural color, visual artifacts, temporal flicker, ghosting, warped edges, fake details, oversharpening, ringing, noise amplification",2.500000,Low-CFG fidelity prompt with artifact-focused negative prompt.,,prompt_negative_cfg,0,0,completed,,e1fc35902f90b5bd24bbb980198f690fd2b14c485b1a8b03f8c9ecc5004ed0a4,results_test/UDM10,3.2209839980929096,3,2,0.04873594591694186,0,0,26.433735945916943,0.04873594591694186,0.001847108050670527,0.7832226430797004,0.009322643079700321,0.012046314872335342,0.25029963701963426,0.001099637019634253,-0.00441266861811498,0.12291888383127028,0.006218883831270283,-0.053289492984321195,0.3956096399695642,-0.011190360030435775,-0.02750825966183819,0.5577451243515938,-0.005954875648406133,-0.0105639092574173,4.878467950089275,0.3186679500892753,-0.0698863875804367,31.83478280465878,0.3120828046587789,-0.009900256153780575,3.089034354686737,0.19793435468673737,0.0684633373756485,65.70695043994536,0.040750439945355765,0.0006205694854484616,0.3168054313909623,-0.005794568609037709,-0.017962084962919123,28.691864210559476,-4.816435789440522,0.14373858982522308,0.5639823228120804,0.006582322812080377,0.011808975263868635,0.9814974248409272,0.003397424840927199,0.0034734943675771386,0.10450367145240307,0.0014036714524030686,0.013614660062105419,0.766133786594532,-0.028766213405468033,-0.036188468241877006,84.009,10.903999999999996,0.1491553245332056,1.8380165974667766,0.24571659746677654,-0.15431551684153522
338,2026-07-27T21:31:05+00:00,2026-07-27T21:37:28+00:00,382.593,3240065064fe28d194bd6de7a46659061379153fe909a9a486a9f2e23e152086,"高审美质量、自然清晰、真实色彩的视频恢复，保持输入内容不变，使画面观感干净、舒适、细节可信、边缘稳定。 High aesthetic quality faithful video restoration with natural clarity, realistic color, clean pleasing appearance, credible detail, and stable edges.","low aesthetic quality, dull colors, flat contrast, muddy texture, unnatural color, visual artifacts, temporal flicker, ghosting, warped edges, fake details, oversharpening, ringing, noise amplification",3.000000,Low-CFG fidelity prompt with artifact-focused negative prompt.,,prompt_negative_cfg,0,0,completed,,0c98884b6cc9c67179472e0a698113ae3079bdf0217dcc80ae0f3dffbd57e750,results_test/UDM10,3.221063232086986,3,2,0.0070451625700904685,0,0,26.392045162570092,0.0070451625700904685,0.0002670139310248424,0.7826242270400103,0.008724227040010302,0.011273067631490247,0.25027702835298354,0.001077028352983539,-0.004321943631555132,0.12228510918155792,0.005585109181557926,-0.047858690501781716,0.3946249753236771,-0.01217502467632292,-0.029928772557332648,0.556421957573583,-0.007278042426416942,-0.012911198201910489,4.857020607944526,0.2972206079445261,-0.06518281677804423,31.667630437965244,0.1449304379652432,-0.004597653055266306,3.085260655418519,0.19416065541851912,0.06715805590208541,65.7157167373165,0.04951673731649464,0.0007540673484455418,0.31574384034160646,-0.006856159658393535,-0.021252819771833648,28.54166811050907,-4.966631889490927,0.14822094494471302,0.5585931360721588,0.0011931360721587625,0.002140538342588379,0.9814833402633667,0.0033833402633667298,0.003459094431414712,0.10277424119412899,-0.00032575880587100425,-0.0031596392422017874,0.7547449686162626,-0.04015503138373744,-0.05051582763081826,83.922,10.816999999999993,0.14796525545448316,1.8497657605378965,0.2574657605378965,-0.16169425393323902
339,2026-07-27T21:37:28+00:00,2026-07-27T21:43:47+00:00,378.31,7d911eb168bc7e751e424326915ab435bfdd64a434c10977112104e4fe274b1d,"高审美质量、自然清晰、真实色彩的视频恢复，保持输入内容不变，使画面观感干净、舒适、细节可信、边缘稳定。 High aesthetic quality faithful video restoration with natural clarity, realistic color, clean pleasing appearance, credible detail, and stable edges.","low aesthetic quality, dull colors, flat contrast, muddy texture, unnatural color, visual artifacts, temporal flicker, ghosting, warped edges, fake details, oversharpening, ringing, noise amplification",3.500000,Low-CFG fidelity prompt with artifact-focused negative prompt.,,prompt_negative_cfg,0,0,completed,,709652217de59ef4a29161d30db71087bfc6636d959553fbe1e962159a717218,results_test/UDM10,3.2203776071462467,3,2,-0.043066663434427,0,0,26.341933336565575,-0.043066663434427,-0.001632240418208338,0.7818658610990507,0.00796586109905062,0.010293140068549709,0.25036702422845747,0.001167024228457464,-0.004683082778721765,0.12162563839266378,0.0049256383926637864,-0.04220769830902987,0.39288809554230786,-0.013911904457692137,-0.03419838853906622,0.555388044541882,-0.008311955458118025,-0.014745352950360167,4.827109214744001,0.26730921474400127,-0.05862301301460618,31.527627794442292,0.004927794442291855,-0.00015632526535772174,3.07869073460179,0.1875907346017902,0.06488559185147183,65.71483214593704,0.048632145937034466,0.000740596317999739,0.3144263207912445,-0.008173679208755502,-0.025336885334022015,28.433333464591737,-5.074966535408262,0.15145401394306074,0.5646196812391281,0.007219681239128084,0.012952424182145827,0.9813487887382507,0.0032487887382507408,0.0033215302507419906,0.10690455958247184,0.0038045595824718476,0.03690164483483848,0.7464345355978618,-0.04846546440213828,-0.060970517552067276,83.88799999999999,10.782999999999987,0.1475001709869364,1.861288059032328,0.2689880590323279,-0.16893051499863587
340,2026-07-27T21:43:47+00:00,2026-07-27T21:50:24+00:00,396.888,706c87db143f3d2cae9b3bce93e1cad04126d95fac26d2a7f827cb83552f6847,"高审美质量、自然清晰、真实色彩的视频恢复，保持输入内容不变，使画面观感干净、舒适、细节可信、边缘稳定。 High aesthetic quality faithful video restoration with natural clarity, realistic color, clean pleasing appearance, credible detail, and stable edges.","low aesthetic quality, dull colors, flat contrast, muddy texture, unnatural color, visual artifacts, temporal flicker, ghosting, warped edges, fake details, oversharpening, ringing, noise amplification",4.000000,Low-CFG fidelity prompt with artifact-focused negative prompt.,,prompt_negative_cfg,0,0,completed,,66239883b97aeb56108a13e747ea125ba5b26d999c06332f329b9e6c0d362c8e,results_test/UDM10,4.219378041291466,4,2,-0.10111063557286926,0,0,26.283889364427132,-0.10111063557286926,-0.0038321256612798655,0.7809558082486353,0.007055808248635276,0.009117209262999451,0.2506150793404348,0.001415079340434805,-0.005678488525019281,0.12106208705133008,0.00436208705133008,-0.03737863797198012,0.39121715407217705,-0.015582845927822941,-0.038305914276850886,0.5537110617083888,-0.009988938291611182,-0.01772030919214331,4.797991081980708,0.23819108198070804,-0.05223717750355455,31.392513986332723,-0.13018601366727722,0.004129913163126167,3.070987233807964,0.179887233807964,0.06222103483378784,65.7005789849066,0.03437898490659563,0.000523541561817124,0.3129743296292521,-0.009625670370747907,-0.02983778788204559,28.326716859879035,-5.1815831401209635,0.15463581083256875,0.5567183643579483,-0.0006816356420517033,-0.001222884180214753,0.9807357549667358,0.002635754966735848,0.0026947704393577836,0.10158407166600228,-0.001515928333997718,-0.014703475596486111,0.7588650883814825,-0.03603491161851757,-0.04533263507172924,83.64500000000001,10.540000000000006,0.1441761849394707,1.8656795576680452,0.2733795576680451,-0.1716884743252183
341,2026-07-27T21:50:25+00:00,2026-07-27T21:56:43+00:00,378.254,c998bbceb0a9cf3b5ed7fe9d93f13e2ac6d7ba573a8247ce79e903914f4bd848,"高审美质量、自然清晰、真实色彩的视频恢复，保持输入内容不变，使画面观感干净、舒适、细节可信、边缘稳定。 High aesthetic quality faithful video restoration with natural clarity, realistic color, clean pleasing appearance, credible detail, and stable edges.","low aesthetic quality, dull colors, flat contrast, muddy texture, unnatural color, visual artifacts, temporal flicker, ghosting, warped edges, fake details, oversharpening, ringing, noise amplification",4.500000,Low-CFG fidelity prompt with artifact-focused negative prompt.,,prompt_negative_cfg,0,0,completed,,1d03929d69d61f4bb4396e470a07d7edc0e11fdb74f299f8706a17857ba0cee7,results_test/UDM10,4.217976469121709,4,2,-0.1671995335240517,0,0,26.21780046647595,-0.1671995335240517,-0.006336916184349126,0.7799056501159073,0.006005650115907257,0.007760240490899673,0.2509793756709945,0.001779375670994482,-0.007140351809769189,0.12059848827700462,0.003898488277004619,-0.033406069211693395,0.388869830821791,-0.017930169178209,-0.04407612875665929,0.5520657618199625,-0.011634238180037504,-0.020639060102958143,4.769621498032686,0.20982149803268602,-0.04601550463456424,31.249110164662266,-0.2735898353377344,0.008679137108741776,3.064114078398674,0.173014078398674,0.059843685240453116,65.67524009212372,0.00904009212371193,0.0001376673558651472,0.31124134015652444,-0.01135865984347556,-0.03520973293079839,28.244155588457666,-5.264144411542333,0.15709971593731503,0.5520806431770324,-0.00531935682296758,-0.00954315899348328,0.980756813287735,0.002656813287735038,0.0027163002635058157,0.10036528781056404,-0.0027347121894359533,-0.02652485149792389,0.7574898063923325,-0.03741019360766751,-0.0470627671501667,83.46799999999999,10.362999999999985,0.1417550099172421,1.880617213610094,0.288317213610094,-0.1810696562269007
342,2026-07-27T21:56:44+00:00,2026-07-27T22:03:00+00:00,376.183,55380954fc0ca7051ef16f38d5f92788873da9d819d9013596683ca8910db7a4,"高审美质量、自然清晰、真实色彩的视频恢复，保持输入内容不变，使画面观感干净、舒适、细节可信、边缘稳定。 High aesthetic quality faithful video restoration with natural clarity, realistic color, clean pleasing appearance, credible detail, and stable edges.","low aesthetic quality, dull colors, flat contrast, muddy texture, unnatural color, visual artifacts, temporal flicker, ghosting, warped edges, fake details, oversharpening, ringing, noise amplification",5.000000,Low-CFG fidelity prompt with artifact-focused negative prompt.,,prompt_negative_cfg,0,0,completed,,c1ad31495a721c6f4eb7e32c559fac7ff109847af39bc030c04ed2105cff72ba,results_test/UDM10,3.2167026372935865,3,2,-0.24081351864722222,0,0,26.14418648135278,-0.24081351864722222,-0.009126909935464174,0.7786968281350453,0.004796828135045228,0.006198253178763701,0.2514951463668577,0.002295146366857709,-0.009210057651916969,0.12018743753433228,0.0034874375343322828,-0.029883783498991283,0.3871340292596048,-0.019665970740395222,-0.04834309424875915,0.5503098480163082,-0.013390151983691756,-0.02375403935371963,4.74002254318201,0.18022254318201014,-0.03952422105838198,31.066691007550077,-0.45600899244992377,0.014466051209126241,3.0576886707736604,0.16658867077366057,0.057621206728809306,65.64616665993967,-0.020033340060336968,-0.000305078412643597,0.3093569283523867,-0.013243071647613291,-0.04105105904405856,28.204456353956658,-5.30384364604334,0.15828447417634856,0.5497543275356293,-0.007645672464370756,-0.01371667108785568,0.9800861895084381,0.0019861895084380965,0.002030660983987421,0.09862584248185158,-0.0044741575181484194,-0.04339629018572667,0.7587924539006372,-0.03610754609936284,-0.04542401069236739,83.405,10.299999999999997,0.14089323575678814,1.8939448589420256,0.30164485894202553,-0.18943971546946273
343,2026-07-27T22:03:00+00:00,2026-07-27T22:09:08+00:00,368.266,af3e51d83907ea8a11e88ec5945017b591f95427a1c1f8541a67467ccfcdf3eb,"高审美质量、自然清晰、真实色彩的视频恢复，保持输入内容不变，使画面观感干净、舒适、细节可信、边缘稳定。 High aesthetic quality faithful video restoration with natural clarity, realistic color, clean pleasing appearance, credible detail, and stable edges.","low aesthetic quality, dull colors, flat contrast, muddy texture, unnatural color, visual artifacts, temporal flicker, ghosting, warped edges, fake details, oversharpening, ringing, noise amplification",6.000000,Low-CFG fidelity prompt with artifact-focused negative prompt.,,prompt_negative_cfg,0,0,completed,,3d04c4eac46b8d8d64ee6cab558fb9137c8d5c9c57f7cc77ab44c89b1b0ecb90,results_test/UDM10,3.3133783575686047,3,3,-0.41015449523925795,0,0,25.974845504760744,-0.41015449523925795,-0.015544987501961642,0.7758512406639941,0.0019512406639941027,0.002521308520473062,0.2530083840893161,0.0038083840893160803,-0.015282440165794865,0.11986170853337934,0.00316170853337934,-0.027092618109505914,0.3829470156661926,-0.023852984333807392,-0.05863565470454128,0.546432800062241,-0.017267199937758937,-0.03063189628837846,4.6741875042827115,0.11438750428271138,-0.025086079276001445,30.680394356620873,-0.8423056433791274,0.026720605892868548,3.0439320633488314,0.1528320633488316,0.05286294605818948,65.57488362712245,-0.09131637287755723,-0.0013906145456499268,0.3053025450196959,-0.017297454980304106,-0.05361889330534441,28.202528430569554,-5.305771569430444,0.1583420098730895,0.5481862306594849,-0.009213769340515099,-0.016529905526578934,0.9794154465198517,0.0013154465198517151,0.0013448998260420356,0.1002021960914135,-0.002897803908586502,-0.02810673044215812,0.7566551739821212,-0.03824482601787882,-0.04811275131196228,83.527,10.421999999999997,0.14256206825798504,1.943879678462205,0.35157967846220495,-0.2207998985506531
344,2026-07-27T22:09:09+00:00,2026-07-27T22:15:30+00:00,380.754,c31dbf412c8c67d1e2a67fd11344b81a7ac698f58dbd959e0b576f14f433a562,"高审美质量、自然清晰、真实色彩的视频恢复，保持输入内容不变，使画面观感干净、舒适、细节可信、边缘稳定。 High aesthetic quality faithful video restoration with natural clarity, realistic color, clean pleasing appearance, credible detail, and stable edges.","perceptual distortion, LPIPS artifacts, DISTS artifacts, temporal misalignment, warped edges, geometry drift, hallucinated texture, fake detail, flicker, ghosting, ringing, oversharpening, color drift",1.500000,Low-CFG fidelity prompt with artifact-focused negative prompt.,,prompt_negative_cfg,0,0,completed,,058bbb49b0989a70436a7dcea5c223d7c2567e27fa45c9e8ebe9341a739143c4,results_test/UDM10,3.2212211707409604,3,2,0.10531076738911338,0,0,26.490310767389115,0.10531076738911338,0.003991312010199484,0.7839204319618952,0.010020431961895171,0.012947967388416037,0.2505055154523542,0.0013055154523542167,-0.005238826052785781,0.12398935075729126,0.0072893507572912575,-0.062462302975931944,0.3974761171687034,-0.009323882831296593,-0.022920065956972942,0.5595666327784139,-0.004133367221586082,-0.007332565587344477,4.91199987701402,0.3521998770140202,-0.0772402028628493,32.1960790966059,0.673379096605899,-0.021361720176441074,3.1124453087006847,0.22134530870068492,0.07656093137583789,65.78692450984832,0.12072450984831562,0.0018384573775902307,0.31961377551478726,-0.0029862244852127406,-0.009256740499729512,29.118045929939512,-4.390254070060486,0.1310198986537809,0.568273276090622,0.010873276090621942,0.019507133280627812,0.9818931996822358,0.0037931996822357927,0.0038781307455636365,0.10851825401186943,0.005418254011869433,0.052553385178171035,0.7646384030101078,-0.03026159698989228,-0.038069690514394613,83.82499999999999,10.719999999999985,0.14663839682648225,1.8274230677585972,0.23512306775859715,-0.14766254333894188
345,2026-07-27T22:15:30+00:00,2026-07-27T22:21:47+00:00,376.646,383b64be87e2f5656a066853975e73f62e0ce293bdcbcf3e862e63799a4aac30,"高审美质量、自然清晰、真实色彩的视频恢复，保持输入内容不变，使画面观感干净、舒适、细节可信、边缘稳定。 High aesthetic quality faithful video restoration with natural clarity, realistic color, clean pleasing appearance, credible detail, and stable edges.","perceptual distortion, LPIPS artifacts, DISTS artifacts, temporal misalignment, warped edges, geometry drift, hallucinated texture, fake detail, flicker, ghosting, ringing, oversharpening, color drift",2.000000,Low-CFG fidelity prompt with artifact-focused negative prompt.,,prompt_negative_cfg,0,0,completed,,524f0794a993aac882e33d1ac971babb962fc036ccaf334a55a17c1a03da47aa,results_test/UDM10,3.223586071015509,3,2,0.080406325555618,0,0,26.46540632555562,0.080406325555618,0.003047425641675876,0.7836023702527752,0.009702370252775205,0.012536981848785638,0.25048387793283305,0.0012838779328330496,-0.005151998125333265,0.12340322233015491,0.006703222330154912,-0.05743978003560336,0.3982376709099739,-0.008562329090026077,-0.02104800661265014,0.5604090463730597,-0.0032909536269403183,-0.0058381295492998374,4.898942998318843,0.33914299831884254,-0.07437672668074094,32.14220737152266,0.6195073715226584,-0.019652738233801623,3.121501520372206,0.2304015203722063,0.07969337635232483,65.94150652731618,0.2753065273161752,0.004192514982078683,0.3205398232225449,-0.002060176777455125,-0.0063861648402204745,29.013441516507054,-4.494858483492944,0.13414164501013015,0.5703483521938324,0.012948352193832391,0.02322991064555506,0.9822824537754059,0.0041824537754059365,0.004276100373587503,0.10866837464272976,0.005568374642729759,0.05400945337274257,0.7598779308292873,-0.03502206917071271,-0.044058459140411003,83.854,10.748999999999995,0.14703508651938985,1.8393216289405245,0.24702162894052448,-0.1551351057844153
346,2026-07-27T22:21:47+00:00,2026-07-27T22:28:06+00:00,378.984,813466eec7eefab2a3823072cb86b166b9130ea6b2203b2efbfe2e907a334648,"高审美质量、自然清晰、真实色彩的视频恢复，保持输入内容不变，使画面观感干净、舒适、细节可信、边缘稳定。 High aesthetic quality faithful video restoration with natural clarity, realistic color, clean pleasing appearance, credible detail, and stable edges.","perceptual distortion, LPIPS artifacts, DISTS artifacts, temporal misalignment, warped edges, geometry drift, hallucinated texture, fake detail, flicker, ghosting, ringing, oversharpening, color drift",2.500000,Low-CFG fidelity prompt with artifact-focused negative prompt.,,prompt_negative_cfg,0,0,completed,,f3efb8235fe1aca3b70598d9c1b6c4318fdaad5cd8cef10f8ddce609df028e29,results_test/UDM10,3.225372849824836,3,2,0.048596512579148765,0,0,26.43359651257915,0.048596512579148765,0.0018418234822493373,0.7831427798545685,0.00924277985456845,0.011943119078134707,0.25050310396379044,0.0013031039637904362,-0.0052291491323853785,0.1227869204936489,0.006086920493648895,-0.05215870174506337,0.3987980406611197,-0.008001959338880316,-0.019670499849754955,0.5607209544028005,-0.0029790455971995256,-0.005284806807166091,4.879636764617095,0.31983676461709454,-0.07014271779838908,32.100764716180535,0.5780647161805348,-0.018338045794952042,3.128355340034731,0.23725534003473125,0.0820640379214594,66.08486376116352,0.4186637611635149,0.006375635580610952,0.32122050679979786,-0.001379493200202142,-0.004276172350285623,28.926381757182458,-4.58191824281754,0.1367398000739381,0.5691235691308976,0.01172356913089756,0.021032596216177896,0.9821497619152069,0.004049761915206895,0.004140437496377564,0.10658614039421081,0.0034861403942108155,0.0338131949002019,0.7633906210416852,-0.03150937895831485,-0.03963942503247559,84.026,10.920999999999992,0.14938786676697888,1.856333372318962,0.26403337231896185,-0.1658188609677585
347,2026-07-27T22:28:49+00:00,2026-07-27T22:35:09+00:00,380.039,e1dd43424d09f9b5d5ec5fe9b23cce706e89ebedb68cae13a880d99518f8989d,"A clear, natural, high-quality restored video with faithful scene structure, realistic fine details, stable edges, consistent textures across frames, natural colors, smooth motion, and strong temporal consistency.","blur, flickering, temporal inconsistency, unstable details, hallucinated textures, oversharpening, ringing artifacts, ghosting, warped structures, color shifts, noise, compression artifacts, excessive smoothing, low quality",2.250000,Low-CFG refinement with original text after low CFG led prior batches.,,coarse_cfg,0,0,completed,,d10eaea37a0ccaf40697dd918905f3033b33f54fbc4b8ce40a7cc9cfdbbce454,results_test/UDM10,2.213888197546067,2,2,0.10697963591544735,0,0,26.49197963591545,0.10697963591544735,0.004054562664978107,0.7834942807958455,0.009594280795845456,0.012397313342609453,0.2503831403149713,0.0011831403149712705,-0.004747754072918421,0.12461220852790342,0.00791220852790342,-0.06779955893661885,0.39398251363346654,-0.01281748636653346,-0.03150807858046573,0.5566347652865994,-0.007065234713400592,-0.012533678753593387,4.936056040424402,0.3762560404244022,-0.08251590868555686,32.480483259424325,0.9577832594243247,-0.030383922044251437,3.107773227845469,0.21667322784546927,0.07494490949654778,65.60967658258254,-0.05652341741746625,-0.0008607688189276408,0.31818823768727245,-0.004411762312727552,-0.013675642630897556,29.781018853956652,-3.727281146043346,0.11123456415405575,0.5577416300773621,0.0003416300773620984,0.0006128993135308547,0.9807428002357483,0.002642800235748366,0.00270197345439972,0.10783020332455635,0.004730203324556356,0.04587976066495011,0.7541562642231276,-0.0407437357768724,-0.05125642945889093,83.75900000000001,10.65400000000001,0.14573558580124493,1.8260607222813028,0.23376072228130274,-0.14680695992043127
348,2026-07-27T22:35:09+00:00,2026-07-27T22:41:18+00:00,368.972,b91e9f89df5e35425056110bf4d8e15fe5d5c7adaf0ea7e601a67341320c32ff,"A clear, natural, high-quality restored video with faithful scene structure, realistic fine details, stable edges, consistent textures across frames, natural colors, smooth motion, and strong temporal consistency.","blur, flickering, temporal inconsistency, unstable details, hallucinated textures, oversharpening, ringing artifacts, ghosting, warped structures, color shifts, noise, compression artifacts, excessive smoothing, low quality",2.750000,Low-CFG refinement with original text after low CFG led prior batches.,,coarse_cfg,0,0,completed,,6b6387bbc57adda221d159d81bd58d786c0a0742bba9bbe056232c3de505dd73,results_test/UDM10,2.212448347809614,2,2,0.08606118356027537,0,0,26.471061183560277,0.08606118356027537,0.0032617465817803815,0.7831090773095348,0.009209077309534797,0.011899570111816509,0.2504002023608454,0.0012002023608454204,-0.004816221351707144,0.12446038338445849,0.0077603833844584885,-0.06649857227470855,0.3929391236074509,-0.01386087639254907,-0.03407295081747559,0.5555546207774071,-0.008145379222592841,-0.01444984783145794,4.93932364263317,0.3795236426331696,-0.08323251954760508,32.54562783011408,1.022927830114078,-0.03245051439483541,3.112562332999322,0.22146233299932216,0.07660140880610224,65.61158268836236,-0.054617311637642274,-0.0008317416210720625,0.3178671310745901,-0.0047328689254099165,-0.014671013407966263,29.92247314453125,-3.585826855468749,0.10701309393400289,0.5580834090709687,0.0006834090709686436,0.001226065789323006,0.9802308201789856,0.002130820178985582,0.0021785299856717944,0.10796846076846123,0.00486846076846123,0.04722076400059389,0.7546866093317377,-0.04021339066826235,-0.050589244770741414,83.62100000000001,10.516000000000005,0.14384789002120243,1.8346877627967235,0.24238776279672347,-0.1522249342440014
349,2026-07-27T22:41:19+00:00,2026-07-27T22:47:41+00:00,381.927,580364d2b8c5536b87021a90bbb1a6b9a6ce4e2e0296f276d92be6eca171e8a1,"忠实低失真视频恢复，保持输入视频的原始结构、运动轨迹、边缘和色彩，只恢复可信自然细节，避免重绘、幻觉纹理和时序漂移。 Faithful low-distortion video restoration preserving original structure, motion, edges, and colors with only credible natural details.","low quality, blurry, dull, artifacts",1.250000,Low-CFG fidelity prompt with artifact-focused negative prompt.,,prompt_negative_cfg,0,0,completed,,59ed30e3d30620ff35baf5b176842fb813da59994cb5e53b6661fcb3dba0c459,results_test/UDM10,2.219567198931308,2,2,0.1117083961732952,0,0,26.496708396173297,0.1117083961732952,0.004233784202133606,0.7836391642326698,0.00973916423266974,0.012584525433091793,0.2511677722056066,0.001967772205606594,-0.007896357165355512,0.12484462434245695,0.008144624342456955,-0.06979112547092506,0.39617570302178784,-0.010624296978212155,-0.026116757566893203,0.5581839260555084,-0.005516073944491606,-0.009785477992711738,4.903981285819033,0.3441812858190332,-0.07548166275254029,32.17730920528956,0.6546092052895602,-0.020766279706039146,3.1069792332187776,0.21587923321877778,0.07467027540340279,65.57007265398579,-0.0961273460142138,-0.0014638786166127139,0.3183367563351508,-0.004263243664849203,-0.013215262445285814,29.029990313130043,-4.478309686869956,0.13364777344329482,0.5703198313713074,0.012919831371307366,0.023178743041455625,0.9824171721935272,0.00431717219352723,0.004413835184058103,0.10639703795313835,0.0032970379531383487,0.03197902961336905,0.7622561797550619,-0.03264382024493817,-0.041066574720012794,83.89000000000001,10.78500000000001,0.14752752889679244,1.8186539352124484,0.2263539352124484,-0.14215533204323832
350,2026-07-27T22:47:41+00:00,2026-07-27T22:53:53+00:00,371.605,344e61a85cc6604ce33edb9da91ccb81debcc7d5904efe75b837cda7a9d2ed51,"忠实低失真视频恢复，保持输入视频的原始结构、运动轨迹、边缘和色彩，只恢复可信自然细节，避免重绘、幻觉纹理和时序漂移。 Faithful low-distortion video restoration preserving original structure, motion, edges, and colors with only credible natural details.","low quality, blurry, dull, artifacts",1.500000,Low-CFG fidelity prompt with artifact-focused negative prompt.,,prompt_negative_cfg,0,0,completed,,da16b019c2968bbb24bd76f9a47af0b04d20de9e8a6acb90c97be53075e07976,results_test/UDM10,2.220684094752538,2,2,0.10046871062247575,0,0,26.485468710622477,0.10046871062247575,0.003807796498862071,0.7833750034165802,0.009475003416580141,0.012243188288642124,0.2515414943377818,0.0023414943377817743,-0.009396044694148372,0.12481379259017204,0.008113792590172045,-0.06952692879324802,0.39585992323775443,-0.010940076762245565,-0.026893010723317515,0.5580546342557476,-0.00564536574425234,-0.01001484077390871,4.891482302500801,0.3316823025008011,-0.07274053741409735,32.07060456847217,0.5479045684721697,-0.01738127027418875,3.100104825342855,0.20900482534285514,0.07229249259550176,65.58608820515293,-0.08011179484707043,-0.0012199852412210607,0.318156505087691,-0.004443494912308998,-0.013774007787690635,28.75751716859879,-4.75078283140121,0.1417792854725907,0.5655359238386154,0.008135923838615389,0.014596203513841745,0.9822737872600555,0.0041737872600555725,0.004267239811936992,0.10451793223619461,0.0014179322361946162,0.013752979982489004,0.7670628301836839,-0.02783716981631612,-0.035019712940390135,83.958,10.852999999999994,0.14845769783188556,1.8161827287985943,0.22388272879859428,-0.14060335916510347
351,2026-07-27T22:53:53+00:00,2026-07-27T23:00:21+00:00,387.761,9b9826c5a256d4424d3f91ac78f7dd85d3f71f0c598045a66f5b4c456e8d8ed2,"忠实低失真视频恢复，保持输入视频的原始结构、运动轨迹、边缘和色彩，只恢复可信自然细节，避免重绘、幻觉纹理和时序漂移。 Faithful low-distortion video restoration preserving original structure, motion, edges, and colors with only credible natural details.","low quality, blurry, dull, artifacts",1.750000,Low-CFG fidelity prompt with artifact-focused negative prompt.,,prompt_negative_cfg,0,0,completed,,ebf40354833f8aec9bccef8e8224adbd87a8b3a42282d41c036681775cc3c6d9,results_test/UDM10,2.221648847139004,2,2,0.08483070988808805,0,0,26.46983070988809,0.08483070988808805,0.003215111233204019,0.7830155493679801,0.009115549367980091,0.01177871736397479,0.2519406123507407,0.0027406123507407176,-0.010997641856904966,0.12475027768842635,0.008050277688426352,-0.06898267085198245,0.395300383817765,-0.011499616182234995,-0.02826847635750982,0.5579681824291906,-0.005731817570809428,-0.010168205731434145,4.876576474084195,0.31677647408419496,-0.06947157201723649,31.96041925188224,0.43771925188223904,-0.013885842642991844,3.095996639036363,0.20489663903636313,0.07087151569864866,65.59667810009373,-0.06952189990627744,-0.001058716659503328,0.31765474169965713,-0.00494525830034287,-0.015329380968204803,28.50279541015625,-5.005504589843749,0.1493810366340205,0.5783427029848098,0.020942702984809825,0.03757212591462114,0.9830266952514648,0.00492669525146483,0.005037005675764063,0.11006891466677189,0.006968914666771894,0.06759374070583797,0.7661496221162301,-0.028750377883769995,-0.036168546840822734,83.883,10.777999999999992,0.14743177621229725,1.8084868248843122,0.21618682488431218,-0.1357701594450243
352,2026-07-27T23:00:21+00:00,2026-07-27T23:06:48+00:00,387.14,e83f4d40c461448408ad85bc7324852141b63719ab47a3a577187947c868f6a8,"忠实低失真视频恢复，保持输入视频的原始结构、运动轨迹、边缘和色彩，只恢复可信自然细节，避免重绘、幻觉纹理和时序漂移。 Faithful low-distortion video restoration preserving original structure, motion, edges, and colors with only credible natural details.","low quality, blurry, dull, artifacts",2.000000,Low-CFG fidelity prompt with artifact-focused negative prompt.,,prompt_negative_cfg,0,0,completed,,0e14e98710d4d007291c00ae6b1e908931bf95580866b2f017c5adf1814b60da,results_test/UDM10,2.2224668448484453,2,2,0.06475515796291731,0,0,26.44975515796292,0.06475515796291731,0.0024542413478460226,0.7825624390758165,0.00866243907581643,0.011193227905176935,0.2523274975918955,0.003127497591895484,-0.012550150850302904,0.12466160366612097,0.007961603666120975,-0.06822282490249336,0.3946158289909363,-0.012184171009063716,-0.029951256167806577,0.5578457559308698,-0.0058542440691301545,-0.01038538951415674,4.860178340719088,0.30037834071908787,-0.06587533240911615,31.829715368735073,0.3070153687350725,-0.009739501017840239,3.089713416561004,0.19861341656100429,0.06869821748158289,65.591281706287,-0.0749182937129973,-0.0011408958294068683,0.31718298218423324,-0.005417017815766756,-0.0167917477240135,28.26162109375,-5.246678906249997,0.15657848671075517,0.5740360766649246,0.016636076664924615,0.029845849775609282,0.98330717086792,0.005207170867919997,0.005323761239055308,0.10395097061991691,0.0008509706199169159,0.008253837244586964,0.7661995715729588,-0.028700428427041236,-0.03610570943142689,83.69399999999999,10.588999999999984,0.14484645373093474,1.8217091989208711,0.22940919892087108,-0.14407410596047923
353,2026-07-27T23:06:49+00:00,2026-07-27T23:13:11+00:00,382.612,42b35b1bc1a40ef96e485cde0820c9e2a130a8d93a8f10cfa849d1cc79166291,"忠实低失真视频恢复，保持输入视频的原始结构、运动轨迹、边缘和色彩，只恢复可信自然细节，避免重绘、幻觉纹理和时序漂移。 Faithful low-distortion video restoration preserving original structure, motion, edges, and colors with only credible natural details.","low quality, blurry, dull, artifacts",2.250000,Low-CFG fidelity prompt with artifact-focused negative prompt.,,prompt_negative_cfg,0,0,completed,,2e8c9019f7ec13ae5a350afcb86b81b0a3eeb7ff4d1bc658c2b5ef3b035972f9,results_test/UDM10,2.222941264654652,2,2,0.040077302994269814,0,0,26.42507730299427,0.040077302994269814,0.001518942694495729,0.7820153328807925,0.00811533288079247,0.010486281019243402,0.2527623275114644,0.003562327511464375,-0.014295054219359449,0.12459297180175781,0.007892971801757812,-0.06763471980940712,0.39374348675051046,-0.013056513249489532,-0.03209565695548066,0.557158594458334,-0.0065414055416659345,-0.011604409334159899,4.840813279193712,0.28101327919371233,-0.06162842212239842,31.69616291010741,0.17346291010741055,-0.005502793545838731,3.0843539076466713,0.1932539076466715,0.06684442172414358,65.59400869800199,-0.07219130199801782,-0.0010993677416695014,0.31645132649329405,-0.006148673506705948,-0.01905974428613127,28.042881725680445,-5.465418274319553,0.1631064027217004,0.5707674711942673,0.013367471194267289,0.023981828479130406,0.9837923645973206,0.005692364597320587,0.005819818625212746,0.10140907913446426,-0.0016909208655357388,-0.016400784340792812,0.7556766771260035,-0.03922332287399655,-0.049343719806260594,83.51599999999999,10.410999999999987,0.14241159975377862,1.8231162744147393,0.2308162744147393,-0.1449577808294538
354,2026-07-27T23:13:12+00:00,2026-07-27T23:19:31+00:00,379.455,8c4196bbbf6233ff66b695ba6a35650acf16590f05d983b5ad577d5bde88a159,"忠实低失真视频恢复，保持输入视频的原始结构、运动轨迹、边缘和色彩，只恢复可信自然细节，避免重绘、幻觉纹理和时序漂移。 Faithful low-distortion video restoration preserving original structure, motion, edges, and colors with only credible natural details.","low quality, blurry, dull, artifacts",2.500000,Low-CFG fidelity prompt with artifact-focused negative prompt.,,prompt_negative_cfg,0,0,completed,,08b860339df9a60dde2dd54375a65f780c423773f0df8ec54c4ee03086f6a692,results_test/UDM10,2.222875807145862,2,2,0.010687109424221575,0,0,26.395687109424223,0.010687109424221575,0.0004050448900595632,0.7813695269566098,0.00746952695660974,0.009651798625933248,0.2531977453299107,0.003997745329910679,-0.01604231673318892,0.1245752369203875,0.007875236920387496,-0.06748274996047554,0.3922692340708548,-0.014530765929145206,-0.03571968025846904,0.5562009905615162,-0.007499009438483806,-0.013303192191739944,4.815554422387905,0.2557544223879047,-0.0560889561796361,31.590173450651587,0.06747345065158683,-0.0021404718076683416,3.0778005200047645,0.18670052000476467,0.06457767631862082,65.58963404009418,-0.07656595990582105,-0.0011659873710648863,0.3156757268694139,-0.006924273130586078,-0.021463958867284805,27.833794575352822,-5.674505424647176,0.16934626419863663,0.5781103760004044,0.020710376000404374,0.03715532113456113,0.9840298950672149,0.005929895067214974,0.00606266748513953,0.10360585264861584,0.0005058526486158427,0.0049064272416667574,0.7479056439770888,-0.04699435602291124,-0.05911983397019907,83.45899999999999,10.353999999999985,0.14163189932289152,1.8229957737154716,0.23069577371547156,-0.14488210369620771
355,2026-07-27T23:19:32+00:00,2026-07-27T23:25:48+00:00,376.103,092c6e2a06332c3f95c594608daf2b73a9e8cfa6bf2223fd6e9d76487e810e3a,"忠实低失真视频恢复，保持输入视频的原始结构、运动轨迹、边缘和色彩，只恢复可信自然细节，避免重绘、幻觉纹理和时序漂移。 Faithful low-distortion video restoration preserving original structure, motion, edges, and colors with only credible natural details.","low quality, blurry, dull, artifacts",2.750000,Low-CFG fidelity prompt with artifact-focused negative prompt.,,prompt_negative_cfg,0,0,completed,,64fd85b858747910f970387140bd64ed4be2504d512c5abf85b988ef111488a5,results_test/UDM10,3.2232036265883894,3,2,-0.022990619290258252,0,0,26.362009380709743,-0.022990619290258252,-0.0008713518775917472,0.780628533416805,0.006728533416805016,0.008694318925965908,0.25368640615094096,0.0044864061509409525,-0.0180032349556218,0.12447318453942575,0.0077731845394257565,-0.06660826511932953,0.3917494902687688,-0.015050509731231176,-0.03699731988994881,0.5558063205211393,-0.00789367947886066,-0.014003334182828916,4.789286113045447,0.2294861130454473,-0.05032810935686813,31.484486175687028,-0.03821382431297238,0.0012122636802359055,3.0701403844741084,0.17904038447410864,0.06192811887313087,65.58419186992029,-0.08200813007971419,-0.0012488636479606584,0.31485317479218206,-0.007746825207817942,-0.024013717321196348,27.625976956275203,-5.882323043724796,0.17554823860729418,0.5713216096162796,0.01392160961627964,0.024975977065446072,0.9840521275997162,0.005952127599716195,0.006085397811794495,0.10005754381418228,-0.0030424561858177213,-0.029509759319279547,0.7665013480766205,-0.028398651923379536,-0.0357260685914952,83.393,10.287999999999997,0.14072908829765401,1.83197177919889,0.23967177919889004,-0.15051923582169818
356,2026-07-27T23:25:48+00:00,2026-07-27T23:32:08+00:00,379.86,e081f7292f2ff8cb2253a89bc564494a071477e742608eee0c5e1c41fcafa2dd,"忠实低失真视频恢复，保持输入视频的原始结构、运动轨迹、边缘和色彩，只恢复可信自然细节，避免重绘、幻觉纹理和时序漂移。 Faithful low-distortion video restoration preserving original structure, motion, edges, and colors with only credible natural details.","low quality, blurry, dull, artifacts",3.000000,Low-CFG fidelity prompt with artifact-focused negative prompt.,,prompt_negative_cfg,0,0,completed,,c3530385f0cd380ef7c31e21052990d415f8f0f4d3c03a24d0fa0c1cb3d49c79,results_test/UDM10,3.2228160931501573,3,2,-0.06128391635033381,0,0,26.323716083649668,-0.06128391635033381,-0.002322680172459117,0.7797974566153643,0.005897456615364227,0.007620437544080923,0.25425334726610493,0.0050533472661049295,-0.020278279559008544,0.12439973835022218,0.007699738350222182,-0.06597890617156969,0.3896635552087138,-0.017136444791286176,-0.04212498719588539,0.5548753259643431,-0.008824674035656899,-0.015654912250588786,4.765574509864636,0.20577450986463575,-0.04512796830225794,31.351257995539733,-0.17144200446026758,0.005438684010578649,3.0635684370994567,0.17246843709945692,0.059654953858205156,65.57966905409289,-0.08653094590711419,-0.0013177395053637058,0.3138971327533645,-0.008702867246635493,-0.026977269828380324,27.45355382119456,-6.054746178805438,0.1806939229625328,0.5850779831409454,0.027677983140945384,0.049655513349381744,0.9844951689243316,0.006395168924331673,0.006538358986127874,0.10674876607954502,0.003648766079545021,0.03539055363283241,0.775058227131961,-0.01984177286803901,-0.024961344657238656,83.164,10.058999999999997,0.13759660761917786,1.8331506429240112,0.24085064292401115,-0.15125958859763308
357,2026-07-27T23:32:09+00:00,2026-07-27T23:38:30+00:00,381.462,9ae8814a9930ecf34bacb380ec4458d489ba0602837685f224a6b803aa42cc08,"忠实低失真视频恢复，保持输入视频的原始结构、运动轨迹、边缘和色彩，只恢复可信自然细节，避免重绘、幻觉纹理和时序漂移。 Faithful low-distortion video restoration preserving original structure, motion, edges, and colors with only credible natural details.","low quality, blurry, dull, artifacts",3.500000,Low-CFG fidelity prompt with artifact-focused negative prompt.,,prompt_negative_cfg,0,0,completed,,e0f73e4284394f93ab2cf6a91e1e81d552b0aaa5745f1f3228addf2f90e30301,results_test/UDM10,3.222484957498683,3,2,-0.15044738277312675,0,0,26.234552617226875,-0.15044738277312675,-0.005702004274137833,0.7778688058097074,0.003968805809707376,0.005128318658363324,0.2554438777748615,0.006243877774861489,-0.02505568930522267,0.12431044424733809,0.0076104442473380884,-0.06521374676382252,0.38703915798856364,-0.019760842011436353,-0.0485763077960579,0.5528496124090687,-0.010850387590931265,-0.019248514441957187,4.714823765597492,0.15502376559749198,-0.033997930961334265,31.05177416099208,-0.47092583900792206,0.014939260882092019,3.04992409675352,0.15882409675352038,0.054935525147355814,65.55770920784242,-0.10849079215758195,-0.0016521557842174809,0.3117867427247186,-0.010813257275281374,-0.033519086408187765,27.12443335748488,-6.38386664251512,0.19051598089175278,0.5877096474170684,0.03030964741706843,0.05437683426097673,0.9847926795482635,0.00669267954826358,0.0068425309766522655,0.10408315025269985,0.0009831502526998492,0.009535889938892815,0.7698896385003532,-0.02501036149964686,-0.031463531890359615,83.035,9.929999999999993,0.13583202243348597,1.8367422063117071,0.2444422063117071,-0.1535151707038291
358,2026-07-27T23:38:31+00:00,2026-07-27T23:44:43+00:00,371.452,6c0bb59cfcfe001113411924a9c02f9010ec6a7978277db373e7f28bd605fd32,"忠实低失真视频恢复，保持输入视频的原始结构、运动轨迹、边缘和色彩，只恢复可信自然细节，避免重绘、幻觉纹理和时序漂移。 Faithful low-distortion video restoration preserving original structure, motion, edges, and colors with only credible natural details.","low quality, blurry, dull, artifacts",4.000000,Low-CFG fidelity prompt with artifact-focused negative prompt.,,prompt_negative_cfg,0,0,completed,,b7d790756ebbbe01e2d221f460eb3ec62a58ce759133ccc7285faddbb19545ca,results_test/UDM10,3.3222372409017176,3,3,-0.25662993646437116,0,0,26.12837006353563,-0.25662993646437116,-0.009726357266036427,0.7755950805476137,0.001695080547613692,0.0021903095330322937,0.2569267117929074,0.007726711792907376,-0.031006066584700544,0.12441534669168533,0.007715346691685332,-0.06611265374194801,0.384790144043584,-0.02200985595641597,-0.054104857316656756,0.5509737869424205,-0.012726213057579483,-0.02257621617452454,4.655363355097479,0.09556335509747882,-0.020957795319417258,30.730248940243165,-0.7924510597568357,0.02513906041540971,3.03876364884838,0.14766364884838,0.05107524777710215,65.5367026667441,-0.12949733325589818,-0.001972054622559219,0.3093821348682527,-0.013217865131747275,-0.04097292353300457,26.837721301663304,-6.670578698336694,0.19907242976625775,0.589103502035141,0.03170350203514094,0.056877470461322105,0.9849028289318085,0.006802828931808502,0.0069551466432967,0.10321860052645207,0.00011860052645207286,0.0011503445824643343,0.7682188926425927,-0.026681107357407363,-0.03356536338836,82.965,9.86,0.134874495588537,1.8494830205357478,0.2571830205357477,-0.16151668689050286
359,2026-07-27T23:44:44+00:00,2026-07-27T23:51:04+00:00,380.67,e48716058a53519e8af333a0719524f6bc048656e383201ae4de6c831e288dee,"忠实低失真视频恢复，保持输入视频的原始结构、运动轨迹、边缘和色彩，只恢复可信自然细节，避免重绘、幻觉纹理和时序漂移。 Faithful low-distortion video restoration preserving original structure, motion, edges, and colors with only credible natural details.","low quality, blurry, dull, artifacts",4.500000,Low-CFG fidelity prompt with artifact-focused negative prompt.,,prompt_negative_cfg,0,0,completed,,8d8d956839ec1238562f65bc904aae191f25813260f96e768f20aecc17d37b7e,results_test/UDM10,3.320752474735971,3,3,-0.3790805988927026,0,0,26.0059194011073,-0.3790805988927026,-0.014367276819886398,0.7729957817330505,-0.0009042182669495302,-0.0011683916099619203,0.25867553723435244,0.009475537234352432,-0.03802382517797926,0.12474837456980059,0.008048374569800593,-0.06896636306598623,0.3814376388826678,-0.0253623611173322,-0.0623460204457527,0.5479274453655365,-0.015772554634463476,-0.027980405595996943,4.594237135523406,0.034437135523406326,-0.007552334647003449,30.415140398548896,-1.1075596014511042,0.035135302542329945,3.0268878071538863,0.1357878071538865,0.04696752348721473,65.47290607575448,-0.19329392424552339,-0.00294358321702068,0.3066279729527812,-0.015972027047218784,-0.049510313227584576,26.60743920110887,-6.900860798891127,0.20594481960860825,0.5999716252088547,0.04257162520885471,0.07637535918344943,0.9851823270320892,0.0070823270320892195,0.007240902803485554,0.10784486569464206,0.004744865694642067,0.04602197569972907,0.7735125447450356,-0.021387455254964438,-0.026905843823077667,82.793,9.688000000000002,0.13252171534094798,1.8635497462673807,0.27124974626738063,-0.1703509051481383
360,2026-07-27T23:51:05+00:00,2026-07-27T23:57:09+00:00,363.788,a36833b67dc9a8a0096b8b6a2ef87ba64e2ac885c235c95fb027d181c6aaa673,"忠实低失真视频恢复，保持输入视频的原始结构、运动轨迹、边缘和色彩，只恢复可信自然细节，避免重绘、幻觉纹理和时序漂移。 Faithful low-distortion video restoration preserving original structure, motion, edges, and colors with only credible natural details.","blur, dull color, low contrast, flicker, ghosting",1.250000,Low-CFG fidelity prompt with artifact-focused negative prompt.,,prompt_negative_cfg,0,0,completed,,f7189a5292528619972d127072b872271073ecbf09afe7c64225d9fa673959d0,results_test/UDM10,2.2194347123428564,2,2,0.11085909074352784,0,0,26.49585909074353,0.11085909074352784,0.0042015952527393536,0.7836513327213753,0.009751332721375294,0.012600249026198855,0.25090450646896517,0.0017045064689651668,-0.006839913599378679,0.12467976481683792,0.007979764816837917,-0.06837844744505499,0.39622725733826236,-0.010572742661737633,-0.025990026208794575,0.558037569349812,-0.005662430650188011,-0.010045113802001083,4.907468978332622,0.34766897833262167,-0.07624654114930955,32.204207121603524,0.6815071216035236,-0.021619566902693094,3.1135636225823435,0.22246362258234376,0.0769477439667752,65.6036798661755,-0.06252013382450627,-0.0009520900223327415,0.3185320356680501,-0.0040679643319498915,-0.01260993283307468,29.14176734185988,-4.36653265814012,0.13031197220211468,0.5683500528335571,0.0109500528335571,0.019644874118329925,0.9821416318416596,0.004041631841659621,0.004132125387649137,0.1066850733011961,0.003585073301196104,0.0347727769272173,0.7542405435333405,-0.04065945646665958,-0.05115040441144745,83.91400000000002,10.809000000000012,0.14785582381506068,1.8253691387023234,0.23306913870232338,-0.14637262997068604
361,2026-07-27T23:57:10+00:00,2026-07-28T00:03:19+00:00,368.97,f9daccc587fa87724cc9e94cf8d5faf2236e3d7cdeb835bc3643cbe06b1ff972,"忠实低失真视频恢复，保持输入视频的原始结构、运动轨迹、边缘和色彩，只恢复可信自然细节，避免重绘、幻觉纹理和时序漂移。 Faithful low-distortion video restoration preserving original structure, motion, edges, and colors with only credible natural details.","blur, dull color, low contrast, flicker, ghosting",1.500000,Low-CFG fidelity prompt with artifact-focused negative prompt.,,prompt_negative_cfg,0,0,completed,,36b18b062069c3f703e73f40c38d549cbc4b0caedb9fd493d3439afa926a6e79,results_test/UDM10,2.2206694546173145,2,2,0.1005811949699158,0,0,26.485581194969917,0.1005811949699158,0.0038120596918671894,0.7834210660949293,0.009521066094929309,0.012302708482916796,0.2509916886687279,0.0017916886687278921,-0.007189761913033275,0.12453697554526792,0.007836975545267924,-0.06715488899115617,0.3968978355007787,-0.009902164499221322,-0.02434160398038673,0.5583092261706629,-0.005390773829337059,-0.009563196433097497,4.893660765575218,0.33386076557521793,-0.07321829149857843,32.146703705915115,0.6240037059151149,-0.019795376218252714,3.113695693785144,0.2225956937851441,0.07699342595729795,65.62025283075147,-0.04594716924853515,-0.0006997080575476447,0.31840348183628053,-0.004196518163719465,-0.013008425801982222,28.981292921496976,-4.527007078503022,0.1351010668551679,0.5650486409664154,0.0076486409664153765,0.01372199671046892,0.9822587072849274,0.004158707284927399,0.004251822190908291,0.10499176271259784,0.001891762712597847,0.01834881389522645,0.7694469957179981,-0.025453004282001923,-0.032020385308846294,83.858,10.753,0.1470898023391013,1.823381055437494,0.23108105543749402,-0.1451240692316109
362,2026-07-28T00:03:20+00:00,2026-07-28T00:09:36+00:00,376.851,83545f516c79135b357b6b101d7823e7cbb68fbdfb4c8b77dc5522f8b2618b0c,"忠实低失真视频恢复，保持输入视频的原始结构、运动轨迹、边缘和色彩，只恢复可信自然细节，避免重绘、幻觉纹理和时序漂移。 Faithful low-distortion video restoration preserving original structure, motion, edges, and colors with only credible natural details.","blur, dull color, low contrast, flicker, ghosting",1.750000,Low-CFG fidelity prompt with artifact-focused negative prompt.,,prompt_negative_cfg,0,0,completed,,91f7cbd3bcdc17cd36ecde6ac49a66a1b3826dd749c86f82b14b01df6c795367,results_test/UDM10,2.221574634946697,2,2,0.08723858987131194,0,0,26.472238589871314,0.08723858987131194,0.003306370660273335,0.7831023337619323,0.009202333761932247,0.011890856392211198,0.25110911017944737,0.0019091101794473653,-0.0076609557762735364,0.12436037736554299,0.007660377365542995,-0.06564162266960578,0.396511118738882,-0.010288881261117988,-0.025292235155157296,0.5580055655010285,-0.005694434498971446,-0.010101888413999371,4.884478142221193,0.3246781422211926,-0.07120446998140108,32.05637254282093,0.5336725428209306,-0.016929785291898553,3.11444486418078,0.22334486418078026,0.07725255583714859,65.64580370995307,-0.02039629004693211,-0.0003106056090794367,0.3182424468138526,-0.004357553186147389,-0.01350760442079166,28.82008647303427,-4.688213526965729,0.13991200768065612,0.5766202747821808,0.019220274782180802,0.034482014320381775,0.9826135694980621,0.004513569498062142,0.004614629892712547,0.1125588022172451,0.0094588022172451,0.09174395943011736,0.7520764729004739,-0.04282352709952619,-0.05387284828220681,83.951,10.84599999999999,0.1483619451473906,1.8247458713449305,0.23244587134493044,-0.14598120413548354
363,2026-07-28T00:09:37+00:00,2026-07-28T00:15:51+00:00,373.909,93931b0cbda72f989492e50b78f0c1841a462e8e8e41bcfb754733f1e76aa13c,"忠实低失真视频恢复，保持输入视频的原始结构、运动轨迹、边缘和色彩，只恢复可信自然细节，避免重绘、幻觉纹理和时序漂移。 Faithful low-distortion video restoration preserving original structure, motion, edges, and colors with only credible natural details.","blur, dull color, low contrast, flicker, ghosting",2.000000,Low-CFG fidelity prompt with artifact-focused negative prompt.,,prompt_negative_cfg,0,0,completed,,7a45ff1b44826accad3e05b3c3cce75062980593a57f7004d9c020655d318d2b,results_test/UDM10,3.2225523541849173,3,2,0.07152066507646992,0,0,26.45652066507647,0.07152066507646992,0.0027106562469763093,0.782726971327538,0.008826971327537958,0.011405829341695255,0.2512132252416303,0.0020132252416303065,-0.008078752976044568,0.12411252298662738,0.007412522986627382,-0.06351776338155425,0.3962461704688688,-0.01055382953113121,-0.025943533754009856,0.557826242043126,-0.005873757956873948,-0.01042000701946771,4.869261338943685,0.3094613389436853,-0.0678673053519201,31.92668896814173,0.4039889681417286,-0.01281581108666861,3.1135221904323953,0.22242219043239553,0.07693341303738907,65.67150769387523,0.005307693875224118,8.082839992605202e-05,0.3179972428467966,-0.004602757153203407,-0.014267691113463755,28.673076408140123,-4.835223591859876,0.14429928083071586,0.568064096570015,0.010664096570014991,0.019131856063894854,0.9825900316238403,0.004490031623840318,0.004590564997280767,0.10465297736227512,0.0015529773622751236,0.015062826016247562,0.764983441387872,-0.029916558612128052,-0.03763562537693804,84.051,10.945999999999998,0.14972984064017505,1.825568549805515,0.23326854980551492,-0.1464978646018432
364,2026-07-28T00:15:52+00:00,2026-07-28T00:22:14+00:00,381.954,1520e488c017c7040b42239ad870985302c7e194f70667484794ba911e79a2bc,"忠实低失真视频恢复，保持输入视频的原始结构、运动轨迹、边缘和色彩，只恢复可信自然细节，避免重绘、幻觉纹理和时序漂移。 Faithful low-distortion video restoration preserving original structure, motion, edges, and colors with only credible natural details.","blur, dull color, low contrast, flicker, ghosting",2.250000,Low-CFG fidelity prompt with artifact-focused negative prompt.,,prompt_negative_cfg,0,0,completed,,8e2f628334110f143323983d82350ca0f0bb07745bc06d112d14ff0b0315bc6f,results_test/UDM10,3.223368892379247,3,2,0.052970782864473875,0,0,26.437970782864475,0.052970782864473875,0.002007609735246309,0.7822716498049905,0.0083716498049905,0.01081748262694211,0.25132480234869065,0.002124802348690641,-0.008526494176126167,0.123878465929339,0.0071784659293390035,-0.06151213307059986,0.3958251865160081,-0.010974813483991874,-0.02697840089476862,0.5575337647430358,-0.0061662352569641365,-0.010938859778187222,4.855473911384122,0.2956739113841218,-0.06484361405853804,31.801837317325845,0.27913731732584424,-0.008855120828033266,3.1134490409205036,0.22234904092050378,0.07690811141797371,65.70410050422915,0.037900504229142484,0.0005771691407321039,0.31760143753021,-0.004998562469790024,-0.015494613979510305,28.536875866305444,-4.971424133694555,0.14836396157652149,0.5798228949308395,0.022422894930839488,0.04022765506070952,0.9829451441764832,0.004845144176483185,0.004953628643782011,0.10980207435786724,0.006702074357867238,0.06500557088135052,0.7650345289413116,-0.02986547105868842,-0.03757135621925829,83.963,10.85799999999999,0.14852609260652472,1.8351501707123437,0.2428501707123436,-0.1525153367533402
365,2026-07-28T00:22:15+00:00,2026-07-28T00:28:27+00:00,372.637,542c10e646dac2c6e0f40fb81aae45703279a483f0477199a3b2cfa7f91d2487,"忠实低失真视频恢复，保持输入视频的原始结构、运动轨迹、边缘和色彩，只恢复可信自然细节，避免重绘、幻觉纹理和时序漂移。 Faithful low-distortion video restoration preserving original structure, motion, edges, and colors with only credible natural details.","blur, dull color, low contrast, flicker, ghosting",2.500000,Low-CFG fidelity prompt with artifact-focused negative prompt.,,prompt_negative_cfg,0,0,completed,,500b8fbaebfa3a50d7963c2a6ce41f86768b90fd83e981b4da0009be6f7c811c,results_test/UDM10,3.2238800082060055,3,2,0.031514833511842255,0,0,26.416514833511844,0.031514833511842255,0.0011944223426887343,0.7817471514181318,0.007847151418131748,0.010139748569752872,0.25144902715279216,0.0022490271527921546,-0.009024988574607361,0.12365284658247425,0.006952846582474248,-0.059578805333969566,0.39508565947894125,-0.011714340521058741,-0.02879631396523781,0.5569021818137939,-0.006797818186206062,-0.012059283637051733,4.839830042723863,0.28003004272386267,-0.06141279063201514,31.646653633093116,0.12395363309311591,-0.003932202288925628,3.1122970938682557,0.22119709386825592,0.07650966547966377,65.7083223404423,0.04212234044229035,0.0006414615196598913,0.3171514338543338,-0.005448566145666189,-0.016889541679064445,28.425550891507054,-5.082749108492944,0.15168627201299215,0.5708809047937393,0.013480904793739312,0.024185333322101384,0.9827261328697204,0.004626132869720467,0.004729713597505845,0.10490603111684323,0.0018060311168432291,0.017517275624085636,0.7622432413235642,-0.032656758676435804,-0.04108285152401032,84.08599999999998,10.98099999999998,0.15020860406264933,1.840155432607086,0.24785543260708587,-0.15565875312886132
366,2026-07-28T00:28:28+00:00,2026-07-28T00:34:46+00:00,377.624,432b0e27fffd77e6dd6c03b26cab3dc7adb3600d5448f8b168afde4d4595ce9e,"忠实低失真视频恢复，保持输入视频的原始结构、运动轨迹、边缘和色彩，只恢复可信自然细节，避免重绘、幻觉纹理和时序漂移。 Faithful low-distortion video restoration preserving original structure, motion, edges, and colors with only credible natural details.","blur, dull color, low contrast, flicker, ghosting",2.750000,Low-CFG fidelity prompt with artifact-focused negative prompt.,,prompt_negative_cfg,0,0,completed,,fccbaed5da997365e7272b09c04fa75e79b6e31f1612ce6fbd4fda9a94aed51a,results_test/UDM10,3.2244241744637296,3,2,0.007482185363766547,0,0,26.392482185363768,0.007482185363766547,0.0002835772356932555,0.7811593885076189,0.007259388507618869,0.00938026684018461,0.2515910505046767,0.0023910505046767228,-0.009594905717001294,0.12340526773083596,0.006705267730835962,-0.05745730703372718,0.3948023261081788,-0.011997673891821214,-0.029492807010376633,0.5569456305234664,-0.006754369476533628,-0.011982205918988164,4.823786936623899,0.2639869366238985,-0.05789441129520999,31.530792940022167,0.008092940022166317,-0.0002567337195787898,3.1106072902679442,0.21950729026794447,0.07592518081973798,65.72074630491196,0.05454630491195189,0.0008306602926917027,0.3165668596423441,-0.006033140357655897,-0.018701613011952566,28.326350648941535,-5.1819493510584635,0.1546467397945722,0.5748330175876617,0.017433017587661692,0.03127559667682399,0.9829970180988312,0.004897018098831252,0.005006664041336522,0.10680951923131943,0.0037095192313194303,0.03597981795654152,0.7634227032290402,-0.031477296770959895,-0.0395990650030946,83.84700000000001,10.742000000000004,0.14693933383489508,1.8378875731771889,0.24558757317718882,-0.1542344867030012
367,2026-07-28T00:34:47+00:00,2026-07-28T00:40:57+00:00,370.593,d72e8b9c41514b6dad6839eced2376a612284eec1d209af2e24ad7c34abaf5c9,"忠实低失真视频恢复，保持输入视频的原始结构、运动轨迹、边缘和色彩，只恢复可信自然细节，避免重绘、幻觉纹理和时序漂移。 Faithful low-distortion video restoration preserving original structure, motion, edges, and colors with only credible natural details.","blur, dull color, low contrast, flicker, ghosting",3.000000,Low-CFG fidelity prompt with artifact-focused negative prompt.,,prompt_negative_cfg,0,0,completed,,d93a838f1b159210bfed8b0c9e6e2eee94664c05aa37e79ec766c33a15007148,results_test/UDM10,4.224329895525587,4,2,-0.019095511897919693,0,0,26.365904488102082,-0.019095511897919693,-0.0007237260526026034,0.7805034498079062,0.00660344980790617,0.008532691314002028,0.2517908431829945,0.00259084318299449,-0.01039664198633423,0.12308363030033727,0.00638363030033727,-0.05470120223082494,0.3936800208303236,-0.013119979169676388,-0.032251669541977356,0.5560630566650822,-0.007636943334917823,-0.01354788599417744,4.802551394395233,0.24275139439523308,-0.053237289880089717,31.454723061507615,-0.06797693849238584,0.002156444038498791,3.110211413137374,0.21911141313737437,0.0757882512321865,65.73798378975161,0.07178378975160626,0.0010931619273173454,0.31603002461694907,-0.00656997538305093,-0.02036570174535316,28.232864872101818,-5.275435127898181,0.15743666876261048,0.5793105840682984,0.021910584068298378,0.039308546947072795,0.9830843687057496,0.004984368705749587,0.005095970458797247,0.10719215869903564,0.004092158699035647,0.03969116099937582,0.7547639703005906,-0.04013602969940944,-0.05049192313424259,83.965,10.86,0.14855345051638053,1.848208998538515,0.255908998538515,-0.1607165725921717
368,2026-07-28T00:40:58+00:00,2026-07-28T00:47:07+00:00,369.398,471128a7138d79beaf56198388fddabbd6f7f4d750b7634c17ba7102ae3516bf,"忠实低失真视频恢复，保持输入视频的原始结构、运动轨迹、边缘和色彩，只恢复可信自然细节，避免重绘、幻觉纹理和时序漂移。 Faithful low-distortion video restoration preserving original structure, motion, edges, and colors with only credible natural details.","blur, dull color, low contrast, flicker, ghosting",3.500000,Low-CFG fidelity prompt with artifact-focused negative prompt.,,prompt_negative_cfg,0,0,completed,,cd1403138ffb52ff9070fc23b514439097a1c9121ff89eea96b92831f8016ef5,results_test/UDM10,4.2242999524304,4,2,-0.08048689319241475,0,0,26.304513106807587,-0.08048689319241475,-0.003050479181065558,0.7790164662331549,0.0051164662331548705,0.006611275659846066,0.2522838723034628,0.00308387230346277,-0.012375089500251887,0.12256821740058159,0.005868217400581591,-0.05028463925091337,0.3911886811256409,-0.01561131887435907,-0.03837590677079417,0.5544689862958847,-0.009231013704115276,-0.016375756083227385,4.764770813868348,0.20497081386834815,-0.04495171144970134,31.18483951415011,-0.33786048584989103,0.010718005940160298,3.1081487474902985,0.21704874749029868,0.07507479765151627,65.757150120889,0.09095012088899068,0.0013850370645627534,0.3145259591840929,-0.008074040815907124,-0.025028024847821215,28.056448856476816,-5.451851143523182,0.1627015140584029,0.5803785175085068,0.02297851750850677,0.041224466287238554,0.9828169703483581,0.004716970348358163,0.004822584958959373,0.10799080990254879,0.0048908099025487956,0.04743753542724341,0.7740123505405289,-0.02088764945947119,-0.026277078197850284,83.94800000000001,10.843000000000004,0.14832090828260724,1.862548022060461,0.27024802206046106,-0.16972179995004777
369,2026-07-28T00:47:08+00:00,2026-07-28T00:53:18+00:00,370.615,35c144b9bb2f1336122b59862858d55d1dc2a719d79b3fbcd374fe3e7b2ecf25,"忠实低失真视频恢复，保持输入视频的原始结构、运动轨迹、边缘和色彩，只恢复可信自然细节，避免重绘、幻觉纹理和时序漂移。 Faithful low-distortion video restoration preserving original structure, motion, edges, and colors with only credible natural details.","blur, dull color, low contrast, flicker, ghosting",4.000000,Low-CFG fidelity prompt with artifact-focused negative prompt.,,prompt_negative_cfg,0,0,completed,,d6ed049be5ef77092eb8afcfc6139514c7ed5e6eedcfc3d9fcab26140f1aca9a,results_test/UDM10,4.224138679436583,4,2,-0.15215900667251958,0,0,26.232840993327482,-0.15215900667251958,-0.005766875371329148,0.7773492900047902,0.0034492900047902175,0.004457022877361697,0.2529294139435214,0.0037294139435214146,-0.014965545519748855,0.12213108501126688,0.0054310850112668785,-0.046538860422166914,0.38915205843025635,-0.01764794156974364,-0.04338235390792439,0.5524100991026047,-0.011289900897395233,-0.02002820808478842,4.722239563202119,0.16243956320211872,-0.0356242736966794,30.894035986502576,-0.6286640134974242,0.019943215952232016,3.1048318197650295,0.21373181976502975,0.07392750847948178,65.77565230092694,0.10945230092693237,0.0016667981537980324,0.3128939098888828,-0.009706090111117172,-0.03008707412001603,27.914730342741933,-5.593569657258065,0.16693086958329922,0.5735262870788574,0.016126287078857438,0.028931264942334837,0.9827197551727295,0.0046197551727295005,0.004723193101655762,0.10330129005014896,0.00020129005014896117,0.0019523768200675187,0.7572929576523002,-0.03760704234769985,-0.0473104067778335,83.791,10.685999999999993,0.14617331235893566,1.8780223182936122,0.28572231829361217,-0.17944000395252915
370,2026-07-28T00:53:19+00:00,2026-07-28T00:59:21+00:00,362.263,ae17fd8a78f92da053b92a6b5553c8b59044a52f6e836fc9fe54ad9d47e88bce,"忠实低失真视频恢复，保持输入视频的原始结构、运动轨迹、边缘和色彩，只恢复可信自然细节，避免重绘、幻觉纹理和时序漂移。 Faithful low-distortion video restoration preserving original structure, motion, edges, and colors with only credible natural details.","blur, dull color, low contrast, flicker, ghosting",4.500000,Low-CFG fidelity prompt with artifact-focused negative prompt.,,prompt_negative_cfg,0,0,completed,,dcf6add8884d905d3773e8c3a2ec7af53e9f74f16e53c4818a251bde7be6059f,results_test/UDM10,4.32363709421348,4,3,-0.23379621690319752,0,0,26.151203783096804,-0.23379621690319752,-0.008860951938722664,0.7755013232466074,0.0016013232466073335,0.002069160416859198,0.25381154783310433,0.004611547833104329,-0.018505408640065526,0.12181338821688006,0.005113388216880066,-0.043816522852442724,0.38671240018260095,-0.02008759981739905,-0.04937954724041064,0.550323701962348,-0.013376298037651946,-0.023729462546836874,4.679964879688743,0.12016487968874312,-0.026353103138019897,30.56924834368403,-0.9534516563159698,0.030246509858481978,3.099985940225663,0.2088859402256631,0.07225137152836744,65.77225351641255,0.10605351641254401,0.0016150396461580541,0.31113398791320857,-0.011466012086791433,-0.035542504918758315,27.81194753339214,-5.696352466607859,0.1699982531673603,0.5681445181369782,0.010744518136978187,0.01927613587545423,0.982298082113266,0.0041980821132659996,0.00429207863538084,0.09984354712069035,-0.003256452879309646,-0.03158538195256689,0.7796555541693115,-0.015244445830688513,-0.01917781586449681,83.659,10.554000000000002,0.14436769030846044,1.903341941239584,0.31104194123958395,-0.19534129324849836
371,2026-07-28T00:59:22+00:00,2026-07-28T01:05:33+00:00,370.754,88c01da72fdc844d24ab989f3c735a5ad1a58ec806ced3ff6fedffe9ef362d78,"忠实低失真视频恢复，保持输入视频的原始结构、运动轨迹、边缘和色彩，只恢复可信自然细节，避免重绘、幻觉纹理和时序漂移。 Faithful low-distortion video restoration preserving original structure, motion, edges, and colors with only credible natural details.","low perceptual quality, dull texture, fake detail, artifacts",1.250000,Low-CFG fidelity prompt with artifact-focused negative prompt.,,prompt_negative_cfg,0,0,completed,,5a85ea781fd7ac3feca33055fd54aac18a13cb8be8ff26d622596e763f2b6c68,results_test/UDM10,2.219561086576647,2,2,0.11229587801041063,0,0,26.497295878010412,0.11229587801041063,0.004256049953019163,0.7836641308917291,0.009764130891729117,0.012616786266609531,0.251119604298184,0.001919604298183969,-0.007703067007158784,0.1247897842238026,0.008089784223802604,-0.0693212015750009,0.3959740618544241,-0.01082593814557592,-0.026612433986174827,0.5581393482223633,-0.005560651777636649,-0.009864558768204097,4.902212386367378,0.3424123863673776,-0.0750937291914947,32.17009055785918,0.6473905578591825,-0.02053728131978487,3.106569880054843,0.21546988005484335,0.07452868460269219,65.56870800141365,-0.09749199858634938,-0.0014846602755504259,0.31838092409795327,-0.004219075902046732,-0.01307835059530915,29.018985083795364,-4.489314916204634,0.1339762063788564,0.5555152624845505,-0.001884737515449486,-0.003381301606475576,0.9821491003036499,0.004049100303649911,0.004139761071107158,0.09897821880877018,-0.004121781191229815,-0.03997847906139491,0.7659545216574065,-0.028945478342593534,-0.03641398709597878,83.847,10.74199999999999,0.14693933383489488,1.8143483669458267,0.22204836694582664,-0.1394513389096443
372,2026-07-28T01:05:34+00:00,2026-07-28T01:11:45+00:00,371.176,a94751fde68c684f380925de012f1f5330e2a4fc3a29273f3f0aa64ac3c65b01,"忠实低失真视频恢复，保持输入视频的原始结构、运动轨迹、边缘和色彩，只恢复可信自然细节，避免重绘、幻觉纹理和时序漂移。 Faithful low-distortion video restoration preserving original structure, motion, edges, and colors with only credible natural details.","low perceptual quality, dull texture, fake detail, artifacts",1.500000,Low-CFG fidelity prompt with artifact-focused negative prompt.,,prompt_negative_cfg,0,0,completed,,f0c36dc815c3d25a60e08e8d255a4ae08048d0ecdae5e8be58f76444209a5a39,results_test/UDM10,2.220599952942325,2,2,0.10199989318847358,0,0,26.486999893188475,0.10199989318847358,0.0038658288113880453,0.7834346930360866,0.009534693036086561,0.012320316624998787,0.2514079955076018,0.0022079955076017843,-0.008860335102735891,0.12470445959798751,0.008004459597987512,-0.06859005653802495,0.39595771306945426,-0.01084228693054573,-0.02665262273978793,0.5580677157448183,-0.0056322842551816965,-0.009991634300481987,4.891202157483448,0.33140215748344826,-0.07267909940862499,32.06731478133742,0.5446147813374225,-0.01727690779461856,3.1006651751456724,0.20956517514567263,0.07248631148893939,65.57352206322454,-0.0926779367754591,-0.0014113491686051438,0.31805977804526203,-0.004540221954737966,-0.014073843629069951,28.779618195564517,-4.728681804435482,0.14111971673989673,0.5626191765069961,0.005219176506996104,0.009363431121270369,0.9823127329349518,0.004212732934951835,0.004307057494072012,0.10180862285196782,-0.00129137714803218,-0.012525481552203493,0.7454546866934463,-0.04944531330655377,-0.062203186949998455,83.69399999999999,10.588999999999984,0.14484645373093474,1.820164926466532,0.227864926466532,-0.14310426833293474
373,2026-07-28T01:11:46+00:00,2026-07-28T01:17:58+00:00,372.129,06e4aa5c4f8dfa8e28d3b70491dee965705970412d46beccab035830ac1f3732,"忠实低失真视频恢复，保持输入视频的原始结构、运动轨迹、边缘和色彩，只恢复可信自然细节，避免重绘、幻觉纹理和时序漂移。 Faithful low-distortion video restoration preserving original structure, motion, edges, and colors with only credible natural details.","low perceptual quality, dull texture, fake detail, artifacts",1.750000,Low-CFG fidelity prompt with artifact-focused negative prompt.,,prompt_negative_cfg,0,0,completed,,74a8cf7b096bb2620eff8d1010d473fdc415dd8134cb60956d3b8b9750e33e8b,results_test/UDM10,2.221334970555114,2,2,0.08730922945084174,0,0,26.472309229450843,0.08730922945084174,0.003309047923094248,0.7831204671075039,0.009220467107503905,0.011914287514541808,0.25174914870050646,0.0025491487005064595,-0.010229328653717734,0.12462641269929949,0.007926412699299487,-0.06792127420136665,0.39545015024562036,-0.011349849754379637,-0.02790031896356843,0.5580238100021117,-0.005676189997888326,-0.01006952279206728,4.873277643774522,0.31347764377452236,-0.06874811258707013,31.99167319583622,0.4689731958362202,-0.014877316849007864,3.094125408126462,0.2030254081264622,0.07022427730845084,65.5843554219892,-0.08184457801080214,-0.0012463729896172175,0.31765360738481246,-0.004946392615187534,-0.01533289713325336,28.530744392641132,-4.977555607358866,0.14854694530486076,0.5677010208368302,0.010301020836830155,0.01848048230504154,0.9826298475265502,0.004529847526550279,0.004631272391933626,0.10478466264903545,0.0016846626490354538,0.01634008388977162,0.7534346967105658,-0.04146530328943421,-0.052164175732084796,83.822,10.716999999999999,0.1465973599616989,1.8133184449834516,0.22101844498345158,-0.1388045248906937
374,2026-07-28T01:17:59+00:00,2026-07-28T01:24:08+00:00,369.231,6f01d9a8e8c29b55b592666b770d52f0e9f31d0e94680b5e7aefb9acf44e2656,"忠实低失真视频恢复，保持输入视频的原始结构、运动轨迹、边缘和色彩，只恢复可信自然细节，避免重绘、幻觉纹理和时序漂移。 Faithful low-distortion video restoration preserving original structure, motion, edges, and colors with only credible natural details.","low perceptual quality, dull texture, fake detail, artifacts",2.000000,Low-CFG fidelity prompt with artifact-focused negative prompt.,,prompt_negative_cfg,0,0,completed,,7837a18fc7e10c6678261e73f7e1b7109028a51872b895e85b39367cd38eacb8,results_test/UDM10,2.2223538557139055,2,2,0.06858117011285714,0,0,26.45358117011286,0.06858117011285714,0.002599248440889033,0.7827340027711719,0.008834002771171856,0.011414915068060286,0.25209573269371066,0.0028957326937106564,-0.011620115143301189,0.12451387355404515,0.007813873554045156,-0.06695692848367743,0.39521520416582784,-0.011584795834172157,-0.028477865865713266,0.5576368013697286,-0.0060631986302713825,-0.010756073497022144,4.855819784030989,0.29601978403098883,-0.06491946665006992,31.851109567604475,0.32840956760447426,-0.010418192845297969,3.088971665213185,0.1978716652131851,0.06844165376956353,65.58063221593056,-0.08556778406943977,-0.0013030719619749546,0.3171720847247108,-0.005427915275289186,-0.016825527821727172,28.287168441280244,-5.221131558719755,0.15581606821950844,0.5688805103302002,0.011480510330200144,0.020596538087908404,0.9827587306499481,0.004658730649948151,0.004763041253397557,0.10520271062850953,0.00210271062850953,0.020394865455960524,0.756871425242619,-0.038028574757381084,-0.04784070292789166,83.72,10.614999999999995,0.1452021065590588,1.8157658897932076,0.22346588979320758,-0.14034157495020258
375,2026-07-28T01:24:08+00:00,2026-07-28T01:30:18+00:00,369.738,98e29de50dabd113a96b0679c91a55477019b84a8d1b1331d8f77145327b9089,"忠实低失真视频恢复，保持输入视频的原始结构、运动轨迹、边缘和色彩，只恢复可信自然细节，避免重绘、幻觉纹理和时序漂移。 Faithful low-distortion video restoration preserving original structure, motion, edges, and colors with only credible natural details.","low perceptual quality, dull texture, fake detail, artifacts",2.250000,Low-CFG fidelity prompt with artifact-focused negative prompt.,,prompt_negative_cfg,0,0,completed,,8bc537aa36645b8309c65a8674619b6c26a533a63443c0a5d4abb5ef3ac22e51,results_test/UDM10,2.222711266546401,2,2,0.045605636104461666,0,0,26.430605636104463,0.045605636104461666,0.00172846830033965,0.7822505892945967,0.008350589294596644,0.010790269149239752,0.25246403065900647,0.0032640306590064616,-0.013098036352353378,0.12444468640512037,0.007744686405120368,-0.06636406516812655,0.394605224651675,-0.012194775348324971,-0.029977323865105633,0.5568097895191562,-0.006890210480843817,-0.01222318694490654,4.838932128079632,0.27913212807963195,-0.061215870888993364,31.735124150792437,0.2124241507924367,-0.006738767643394656,3.080501448723578,0.189401448723578,0.06551189814381309,65.58984411916427,-0.07635588083573452,-0.0011627881746733406,0.3165345234255637,-0.00606547657443629,-0.018801849269796313,28.06752772177419,-5.440772278225808,0.16237088357886875,0.5711439222097396,0.013743922209739634,0.024657198079906052,0.9831190407276154,0.005019040727615387,0.005131418799320506,0.10383057221770287,0.0007305722177028684,0.00708605448790367,0.758890037335634,-0.03600996266436607,-0.04530124879150342,83.555,10.450000000000003,0.14294507899596473,1.8165816629092055,0.22428166290920548,-0.14085389870577497
376,2026-07-28T01:30:19+00:00,2026-07-28T01:36:29+00:00,369.868,3cb259d4c90a26ecae54d7c73b171ce2bfdc454c59183d9d3c72479d8512a7dd,"忠实低失真视频恢复，保持输入视频的原始结构、运动轨迹、边缘和色彩，只恢复可信自然细节，避免重绘、幻觉纹理和时序漂移。 Faithful low-distortion video restoration preserving original structure, motion, edges, and colors with only credible natural details.","low perceptual quality, dull texture, fake detail, artifacts",2.500000,Low-CFG fidelity prompt with artifact-focused negative prompt.,,prompt_negative_cfg,0,0,completed,,1d7f848781635d9c2ad198d32461f0efe1069436014d02a52a93e610083b8bfe,results_test/UDM10,2.2228546870706105,2,2,0.01823434029855875,0,0,26.40323434029856,0.01823434029855875,0.0006910873715580348,0.7816917659153764,0.007791765915376336,0.010068181826303575,0.2528685386382764,0.003668538638276403,-0.014721262593404507,0.12439857952056392,0.007698579520563922,-0.06596897618306703,0.3934770383661793,-0.013322961633820685,-0.03275064315098497,0.5562054247625412,-0.007494575237458778,-0.013295325949013267,4.814460249681268,0.254660249681268,-0.055848995500080705,31.607744123902954,0.08504412390295357,-0.0026978692784232813,3.072615623858667,0.18151562385866704,0.06278427721582341,65.58669440977035,-0.0795055902296582,-0.001210753633218584,0.31569272347034943,-0.006907276529650563,-0.021411272565562814,27.85999362084173,-5.648306379158267,0.1685643968556527,0.5838679522275925,0.02646795222759246,0.047484664922124976,0.9834276854991912,0.00532768549919127,0.005446974234936377,0.10973116904497146,0.006631169044971463,0.06431783748759906,0.7696785764231039,-0.025221423576896163,-0.03172905217875979,83.47,10.364999999999995,0.14178236782709794,1.814512923762474,0.22221292376247392,-0.1395546842695936
377,2026-07-28T01:37:11+00:00,2026-07-28T01:43:20+00:00,369.149,257614c4dcf6cf68974b8530096a35bea9fa828b0cb669814472c127b80ab41d,"A clean, vibrant, aesthetically pleasing faithful restoration of the input video, preserving all original content while improving natural sharpness, pleasing color, clear contrast, stable detail, and overall visual quality.","low quality, blurry, dull, washed out, ugly, noisy, artifacts",2.000000,Low-CFG fidelity prompt with artifact-focused negative prompt.,,prompt_negative_cfg,0,0,completed,,bd3ec61d4f0c657fe27b667ca5c7ab88296f15419553e7c4b2c54929f7c34c8d,results_test/UDM10,2.215999494963653,2,2,0.10966104815083355,0,0,26.494661048150835,0.10966104815083355,0.004156189052523538,0.7839943879596275,0.010094387959627471,0.013043530119689199,0.2509615836364608,0.0017615836364608117,-0.007068955202491218,0.12453426872530293,0.007834268725302934,-0.06713169430422394,0.3952030364063478,-0.011596963593652199,-0.02850777677888938,0.5564384543126629,-0.0072615456873370565,-0.012881933097990166,4.902819390385002,0.3430193903850016,-0.07522684994626992,32.1797342276962,0.6570342276962009,-0.020843209106332927,3.067009872774924,0.1759098727749242,0.060845308974066696,65.49255261575021,-0.1736473842497901,-0.0026443952025515423,0.31707877036063903,-0.0055212296393609694,-0.01711478499491931,29.046895870085688,-4.46140412991431,0.1331432549521853,0.5567097932100296,-0.0006902067899704489,-0.001238261194780138,0.981509780883789,0.003409780883789071,0.003486127066546438,0.1029055904597044,-0.00019440954029559254,-0.0018856405460290257,0.7600366626871924,-0.03486333731280766,-0.043858771308098704,83.64099999999999,10.535999999999987,0.14412146911975907,1.8017305909355248,0.20943059093552474,-0.13152709347203714
378,2026-07-28T01:43:21+00:00,2026-07-28T01:49:34+00:00,372.686,70452ab0dd09d30cc69d4c391c1f6c7618ebb2d7c3bc58a200b697ec4e8ab027,"A clean, vibrant, aesthetically pleasing faithful restoration of the input video, preserving all original content while improving natural sharpness, pleasing color, clear contrast, stable detail, and overall visual quality.","low quality, blurry, dull, washed out, ugly, noisy, artifacts",2.500000,Low-CFG fidelity prompt with artifact-focused negative prompt.,,prompt_negative_cfg,0,0,completed,,147cb57ce2535cff50ac5329c705f8045b1216b1bedd7e4b14160c327021319d,results_test/UDM10,2.215652628747814,2,2,0.08802437443887001,0,0,26.47302437443887,0.08802437443887001,0.0033361521485264357,0.7837075903056483,0.009807590305648262,0.01267294263554498,0.25107487442512666,0.0018748744251266547,-0.007523573134537137,0.1240763981496134,0.007376398149613397,-0.06320821036515337,0.39389400741746344,-0.012905992582536552,-0.0317256454831282,0.5557668809929202,-0.007933119007079825,-0.014073299640020978,4.884256337515609,0.3244563375156089,-0.07115582646511007,32.06590764654599,0.5432076465459872,-0.017232269017120588,3.055660987669422,0.16456098766942207,0.056919853228674926,65.52763339627174,-0.13856660372826468,-0.002110166321916978,0.31645831953613984,-0.006141680463860155,-0.019038067153937244,28.92342647429436,-4.584873525705639,0.1368279956221485,0.5616288989782333,0.004228898978233309,0.007586829885599764,0.9813643097877502,0.0032643097877502747,0.0033373988219510017,0.10457122027873993,0.0014712202787399292,0.014269837815130255,0.7633012654109776,-0.031598734589022404,-0.03975183619200202,83.402,10.296999999999997,0.1408521988920046,1.7916493761731545,0.1993493761731544,-0.12519586520954243
379,2026-07-28T01:49:35+00:00,2026-07-28T01:55:53+00:00,378.423,76b83a941018192c7b178bddc86a88cd9adb042082f656e9f5f3deb9b5605416,"A clean, vibrant, aesthetically pleasing faithful restoration of the input video, preserving all original content while improving natural sharpness, pleasing color, clear contrast, stable detail, and overall visual quality.","low quality, blurry, dull, washed out, ugly, noisy, artifacts",3.000000,Low-CFG fidelity prompt with artifact-focused negative prompt.,,prompt_negative_cfg,0,0,completed,,180ccdf20b204d40d39f5944cc3a7015cb0eb595d0e30aff647d6044c65d0f30,results_test/UDM10,2.214857393454761,2,2,0.059346698637934736,0,0,26.444346698637936,0.059346698637934736,0.0022492589970792014,0.7832934043306989,0.009393404330698907,0.012137749490501237,0.2512339199021939,0.002033919902193898,-0.008161797360328644,0.12364637082622898,0.006946370826228981,-0.05952331470633232,0.3925940334316223,-0.014205966568377693,-0.0349212550845076,0.554350922953698,-0.009349077046301946,-0.01658519965638096,4.859451461942895,0.2996514619428945,-0.06571592217704603,31.933814728482286,0.4111147284822856,-0.013041862799896125,3.042771409403893,0.15167140940389334,0.05246148850053383,65.54496281531549,-0.12123718468451727,-0.0018462646640816322,0.31551253387043554,-0.007087466129564457,-0.021969826812041095,28.82033218876008,-4.687967811239918,0.13990467469969883,0.5594756931066514,0.002075693106651344,0.003723884296109336,0.981087839603424,0.0029878396034240806,0.0030547383738105316,0.10426333658397198,0.0011633365839719828,0.011283575014277234,0.7584373916109335,-0.036462608389066564,-0.045870686110286274,83.44,10.334999999999994,0.1413719991792626,1.7923567215135943,0.20005672151359422,-0.12564009389787992
380,2026-07-28T01:55:54+00:00,2026-07-28T02:02:10+00:00,375.214,9fbbf77ae844de7afead58a7674e302da181a3718b51db422f926f254a70f4e4,"A clean, vibrant, aesthetically pleasing faithful restoration of the input video, preserving all original content while improving natural sharpness, pleasing color, clear contrast, stable detail, and overall visual quality.","low quality, blurry, dull, washed out, ugly, noisy, artifacts",3.500000,Low-CFG fidelity prompt with artifact-focused negative prompt.,,prompt_negative_cfg,0,0,completed,,45d7cd27f5af4c80dd39e5ea6ffa122a1c19be6a60e1015c9d91c2f235dc557d,results_test/UDM10,2.2133381010319413,2,2,0.023350446147301085,0,0,26.408350446147303,0.023350446147301085,0.0008849894313928779,0.7827568694808031,0.008856869480803109,0.011444462438045108,0.25145972431186703,0.002259724311867023,-0.009067914574105228,0.12319927446303829,0.006499274463038288,-0.05569215478181909,0.39051575319420906,-0.016284246805790936,-0.04003010522564144,0.5530129372112214,-0.010687062788778623,-0.01895877734393937,4.836671675391175,0.27687167539117485,-0.06072013583735577,31.825392659700846,0.30269265970084547,-0.009602370980304526,3.0276267513152093,0.13652675131520953,0.047223116224001084,65.5536245776761,-0.11257542232389994,-0.0017143587161111795,0.31439361879902505,-0.008206381200974944,-0.025438255427696663,28.75389246786794,-4.75440753213206,0.14188745869328076,0.5643056869506836,0.006905686950683609,0.012389104683680676,0.9811224400997162,0.003022440099716195,0.003090113587277574,0.10617079734802246,0.003070797348022458,0.029784649350363318,0.7633563031248347,-0.03154369687516534,-0.03968259765400093,83.28299999999999,10.177999999999983,0.13922440325559104,1.785942760495042,0.19364276049504192,-0.12161198297748033
381,2026-07-28T02:02:10+00:00,2026-07-28T02:08:23+00:00,372.308,b63f7ec1099848a3502d4215ca3d74ceb1e7312c1f53755e00950e23368dbc32,"A clean, vibrant, aesthetically pleasing faithful restoration of the input video, preserving all original content while improving natural sharpness, pleasing color, clear contrast, stable detail, and overall visual quality.","low quality, blurry, dull, washed out, ugly, noisy, artifacts",4.000000,Low-CFG fidelity prompt with artifact-focused negative prompt.,,prompt_negative_cfg,0,0,completed,,359c73cbc9ced7329ee4af0bfa60d02a51aeaf62ac2087a492a8d1439a57c862,results_test/UDM10,2.211891587504964,2,2,-0.019516383755590283,0,0,26.36548361624441,-0.019516383755590283,-0.0007396772315933402,0.7821097155903299,0.008209715590329902,0.010608238261183489,0.251772845464368,0.0025728454643680065,-0.010324420001476752,0.12279403075095145,0.006094030750951454,-0.05221962939975539,0.38857719133938506,-0.01822280866061493,-0.04479549818243592,0.5514876507943677,-0.0122123492056323,-0.021664625165216073,4.810790536736787,0.2509905367367873,-0.05504419859133894,31.69820401930782,0.17550401930781945,-0.005567544001872284,3.0147572886559275,0.12365728865592773,0.042771709264960656,65.55552647498347,-0.11067352501653716,-0.0016853956071241696,0.31307942994659943,-0.009520570053400568,-0.029511996445755015,28.693342836441524,-4.814957163558475,0.14369446267218794,0.563567978143692,0.006167978143691966,0.011065622790979486,0.9808775365352631,0.0027775365352631365,0.0028397265466344307,0.10635163486003876,0.0032516348600387657,0.03153865043684545,0.780353185941149,-0.014546814058851054,-0.01830018122889804,83.28999999999999,10.184999999999988,0.139320155940086,1.7852755374042317,0.19297553740423168,-0.12119295195894723
382,2026-07-28T02:08:24+00:00,2026-07-28T02:14:33+00:00,369.37,098558e904bf879e1f241d5a828c634825578848defe953654c90eb0f031be92,"A clean, vibrant, aesthetically pleasing faithful restoration of the input video, preserving all original content while improving natural sharpness, pleasing color, clear contrast, stable detail, and overall visual quality.","low quality, blurry, dull, washed out, ugly, noisy, artifacts",4.500000,Low-CFG fidelity prompt with artifact-focused negative prompt.,,prompt_negative_cfg,0,0,completed,,d9420edd39b64733d9aaf1a2efe19062c281be2a4a83621ab1d27a9d86be94ac,results_test/UDM10,3.21042480106606,3,2,-0.06987403623519484,0,0,26.315125963764807,-0.06987403623519484,-0.0026482484834259934,0.7813320982659602,0.007432098265960141,0.009603434895929889,0.252196637228612,0.0029966372286120146,-0.012025029007271327,0.12240384490259233,0.005703844902592334,-0.04887613455520423,0.386251888592397,-0.020548111407602987,-0.05051158163127578,0.5496937148994016,-0.014006285100598426,-0.02484705534965128,4.785554282677302,0.22575428267730224,-0.04950968960860175,31.489120345815838,-0.03357965418416242,0.0010652531091614114,3.000856268405914,0.10975626840591435,0.037963497771060964,65.55693183406706,-0.10926816593294575,-0.001663994047667533,0.3116987815307033,-0.010901218469296703,-0.03379174974983479,28.657664046748987,-4.850635953251011,0.14475923736062443,0.556871697306633,-0.000528302693367011,-0.0009477981581754772,0.980537086725235,0.002437086725235016,0.0024916539466670238,0.10240231081843376,-0.0006976891815662356,-0.006767111363397048,0.765405407082495,-0.029494592917505003,-0.037104784145810796,83.37100000000001,10.266000000000005,0.14042815128924158,1.7869525718318375,0.19465257183183748,-0.12224616707394177
383,2026-07-28T02:14:34+00:00,2026-07-28T02:20:46+00:00,372.33,4fe7a8811d167f1eaa3eae82e3c0c792c6f35ef8a9c3ede8584cc2aae7bed39f,"A clean, vibrant, aesthetically pleasing faithful restoration of the input video, preserving all original content while improving natural sharpness, pleasing color, clear contrast, stable detail, and overall visual quality.","low quality, blurry, dull, washed out, ugly, noisy, artifacts",5.000000,Low-CFG fidelity prompt with artifact-focused negative prompt.,,prompt_negative_cfg,0,0,completed,,9af7422832fb46a92b01c38b9a965675e1edce7e0fa964f1f8ce3d3fbc039cba,results_test/UDM10,3.20905086689297,3,2,-0.1271213211551796,0,0,26.257878678844822,-0.1271213211551796,-0.004817939024263013,0.7804342140880561,0.006534214088056101,0.008443227920992506,0.2527712067288737,0.003571206728873705,-0.014330685107839906,0.1220486810130458,0.0053486810130458085,-0.04583274218548251,0.38429123893860845,-0.022508761061391547,-0.05533127104570194,0.5477915697520779,-0.0159084302479221,-0.028221448018311338,4.756017400578179,0.1962174005781785,-0.043032019074998575,31.265503528570946,-0.25719647142905444,0.0081590876234921,2.9866280928734805,0.09552809287348074,0.03304212682836317,65.54777499783422,-0.11842500216577889,-0.00180343924524,0.3102425728834444,-0.012357427116555575,-0.03830572571777922,28.62222900390625,-4.88607099609375,0.14581673782596402,0.5541219055652619,-0.0032780944347381435,-0.005881044913416116,0.9800874531269074,0.0019874531269074014,0.0020319528953147955,0.1006001129746437,-0.0024998870253562927,-0.024247206841477135,0.762826837300276,-0.032073162699724045,-0.04034867618533657,83.35300000000001,10.248000000000005,0.14018193010054036,1.7970747311240605,0.20477473112406042,-0.12860310941660516
384,2026-07-28T02:20:47+00:00,2026-07-28T02:26:59+00:00,371.988,baa36ad63a7060b31b29dc24edd22cc3b94025b732c22a781424834ec9ba514c,"A clean, vibrant, aesthetically pleasing faithful restoration of the input video, preserving all original content while improving natural sharpness, pleasing color, clear contrast, stable detail, and overall visual quality.","low quality, blurry, dull, washed out, ugly, noisy, artifacts",5.500000,Low-CFG fidelity prompt with artifact-focused negative prompt.,,prompt_negative_cfg,0,0,completed,,b4c9988da492e1f652ef4555e4dbfc19202cc0d85d32bcdf34b160fb08057bb0,results_test/UDM10,3.2076016983118127,3,2,-0.19157497529061018,0,0,26.19342502470939,-0.19157497529061018,-0.0072607532799170045,0.7793936071927081,0.005493607192708083,0.0070986008434010634,0.25344370291117696,0.004243702911176955,-0.017029305422058407,0.12187826171998055,0.005178261719980551,-0.04437242262194131,0.38249841942902535,-0.024301580570974646,-0.05973839865038015,0.5462655163580371,-0.017434483641962872,-0.03092865645194762,4.728777905788981,0.16897790578898064,-0.037058183645989,31.08325591834756,-0.4394440816524394,0.01394055971260201,2.97445468594951,0.08335468594951001,0.028831477966694344,65.52819077276413,-0.1380092272358695,-0.002101678294706706,0.30860470684786,-0.013995293152139987,-0.04338280580328576,28.596271736391127,-4.912028263608871,0.14659138970371136,0.5592578083276749,0.0018578083276749036,0.003332989464791718,0.9791686177253723,0.0010686177253723672,0.0010925444488011115,0.10457442440092564,0.0014744244009256419,0.014300915624884985,0.7650730772739963,-0.029826922726003735,-0.037522861650526776,83.26299999999999,10.157999999999987,0.13895082415703422,1.8093328680940128,0.2170328680940128,-0.1363014934962085
385,2026-07-28T02:27:00+00:00,2026-07-28T02:33:10+00:00,369.612,ea596878395a81eaaaddcd4ec37dbfae4a882fe9b0c4f896e592c1dc396411bd,"A clean, vibrant, aesthetically pleasing faithful restoration of the input video, preserving all original content while improving natural sharpness, pleasing color, clear contrast, stable detail, and overall visual quality.","low quality, blurry, dull, washed out, ugly, noisy, artifacts",6.000000,Low-CFG fidelity prompt with artifact-focused negative prompt.,,prompt_negative_cfg,0,0,completed,,dce2c13f93f142e197218bf7c45a7934bd9dd4972537a1e30f2069978151e3c7,results_test/UDM10,3.3062231192148963,3,3,-0.26259329272854615,0,0,26.122406707271455,-0.26259329272854615,-0.009952370389560209,0.7782270531546592,0.0043270531546591995,0.005591230332936037,0.2542655871039437,0.005065587103943697,-0.02032739608324116,0.1218100974636693,0.005110097463669305,-0.043788324453036036,0.38127516791705157,-0.025524832082948423,-0.06274540826683486,0.5443294774140081,-0.019370522585991923,-0.03436317648747902,4.701812385354069,0.1420123853540689,-0.031144432947512807,30.881770027823798,-0.6409299721762025,0.02033233105591217,2.9610881543928573,0.06998815439285755,0.02420814029015169,65.4812999602287,-0.18490003977130698,-0.002815756656716956,0.30697462162183176,-0.015625378378168242,-0.048435766826311975,28.569797442036293,-4.938502557963705,0.14738147139555588,0.553878727555275,-0.003521272444724999,-0.006317316908369212,0.9786359429359436,0.0005359429359436119,0.0005479428851279132,0.10241862274706363,-0.0006813772529363632,-0.006608896730711573,0.762378725659906,-0.032521274340094,-0.04091240953590891,83.262,10.156999999999996,0.1389371452021065,1.8164940523759774,0.22419405237597734,-0.1407988773321468
386,2026-07-28T02:33:14+00:00,2026-07-28T02:39:29+00:00,375.09,54bde60d21a8e8a6fb9af11dc489e8a06f49a83c8b3a7cadaa4c97afb87a6012,"A clean, vibrant, aesthetically pleasing faithful restoration of the input video, preserving all original content while improving natural sharpness, pleasing color, clear contrast, stable detail, and overall visual quality.","blur, dull, flat contrast, low aesthetic quality, noise, artifacts",2.000000,Low-CFG fidelity prompt with artifact-focused negative prompt.,,prompt_negative_cfg,0,0,completed,,39fee1732c97dfb59001e5d693a75681b14e8f016999928e5fd7d9ffc38b6d84,results_test/UDM10,2.2178347527195705,2,2,0.09901396351475711,0,0,26.48401396351476,0.09901396351475711,0.00375266111482877,0.783661841936345,0.009761841936344995,0.01261382857778136,0.25170751891789894,0.0025075189178989377,-0.01006227495144036,0.12504420914957598,0.008344209149575982,-0.07150136374957997,0.3938858601835466,-0.012914139816453396,-0.03174567309845967,0.5559970390412114,-0.0077029609587885295,-0.01366500081388776,4.886972126277095,0.3271721262770946,-0.07175142029849875,32.174045166842326,0.6513451668423258,-0.020662734056483924,3.073665102066532,0.18256510206653243,0.06314728029695701,65.41940354377994,-0.24679645622006774,-0.003758348377400668,0.31750222305136344,-0.0050977769486365565,-0.015802160411148656,28.571525327620968,-4.9367746723790304,0.14732990549741498,0.5650643289089203,0.007664328908920326,0.013750141566057276,0.9825541198253631,0.004454119825363145,0.004553849121115576,0.10516919009387493,0.002069190093874934,0.020069739028854842,0.7528237358054217,-0.04207626419457833,-0.05293277669465131,83.678,10.572999999999993,0.14462759045208937,1.7905080767134982,0.19820807671349816,-0.12447910363216615
387,2026-07-28T02:39:31+00:00,2026-07-28T02:45:50+00:00,379.423,77e8b3e08497501389e70a81375444fa71ee9dbdeb2e08d8a9233e88b0476948,"A clean, vibrant, aesthetically pleasing faithful restoration of the input video, preserving all original content while improving natural sharpness, pleasing color, clear contrast, stable detail, and overall visual quality.","blur, dull, flat contrast, low aesthetic quality, noise, artifacts",2.500000,Low-CFG fidelity prompt with artifact-focused negative prompt.,,prompt_negative_cfg,0,0,completed,,0b2f72fecd2ac8abb6af9e2f877e64bc05bee68c8925303bf9a768fb49967297,results_test/UDM10,2.218115205295613,2,2,0.06365645747030868,0,0,26.44865645747031,0.06365645747030868,0.0024126002452267833,0.7829957342632665,0.009095734263266486,0.011753113145453528,0.25214938439669143,0.002949384396691429,-0.011835410901651,0.12480842432668134,0.008108424326681338,-0.06948092824919741,0.39247355134256423,-0.014326448657435764,-0.03521742541159234,0.5547742372558963,-0.008925762744103727,-0.015834242937916847,4.8605916533642715,0.3007916533642714,-0.0659659751226526,32.004646392657115,0.4819463926571146,-0.015288867789152408,3.062492380603667,0.17139238060366724,0.059282757636770524,65.38804734753023,-0.27815265246977106,-0.004235857297510303,0.3167708038562728,-0.005829196143727178,-0.018069423880121446,28.275325652091738,-5.232974347908261,0.1561694967488133,0.5729943573474884,0.015594357347488375,0.027976959719211294,0.9831610321998596,0.00506103219985965,0.00517435047526802,0.10723565369844437,0.004135653698444375,0.04011303296260305,0.7536326165227034,-0.04126738347729664,-0.05191518867442022,83.64699999999999,10.541999999999987,0.14420354284932613,1.7908757220720872,0.19857572207208718,-0.12470999313702642
388,2026-07-28T02:45:53+00:00,2026-07-28T02:52:13+00:00,380.075,68fb5fd9065ddbd21ee9c71f28c4f0c8b7da3072785f60a7ace3c9adf9ef1c67,"A clean, vibrant, aesthetically pleasing faithful restoration of the input video, preserving all original content while improving natural sharpness, pleasing color, clear contrast, stable detail, and overall visual quality.","blur, dull, flat contrast, low aesthetic quality, noise, artifacts",3.000000,Low-CFG fidelity prompt with artifact-focused negative prompt.,,prompt_negative_cfg,0,0,completed,,7a5f754d40871c42d2d05b601862695ef7a286c8e5bdb1014329cc9938cba8b6,results_test/UDM10,2.217853669404932,2,2,0.01593966453306095,0,0,26.400939664533063,0.01593966453306095,0.0006041184208095868,0.7820794748580472,0.008179474858047153,0.010569162499091811,0.25261175322436513,0.003411753224365127,-0.013690823532765357,0.12455684311928286,0.007856843119282864,-0.06732513384132703,0.3904191630021218,-0.01638083699787818,-0.04026754424257173,0.5533111583802008,-0.010388841619799138,-0.018429735000530672,4.828300533382016,0.2685005333820163,-0.05888427856090537,31.83058331549655,0.3078833154965501,-0.00976703504130516,3.0532824304796033,0.16218243047960357,0.05609713620407581,65.32081420652328,-0.3453857934767228,-0.005259719512880642,0.315720681509664,-0.006879318490336017,-0.02132460784357104,28.01537849672379,-5.492921503276207,0.16392719127130315,0.5781112819910049,0.020711281991004915,0.03715694652135794,0.9829817533493042,0.004881753349304185,0.004991057508745717,0.10861174687743187,0.005511746877431875,0.053460202496914404,0.7549591370927511,-0.039940862907248964,-0.050246399430430196,83.304,10.198999999999998,0.13951166130907594,1.7849879830464488,0.19268798304644874,-0.1210123613932354
389,2026-07-28T02:52:17+00:00,2026-07-28T02:58:45+00:00,388.228,070081da8a50225af0f8baededa9123a6a41eb837356489de8f47a6b3a81578c,"A clean, vibrant, aesthetically pleasing faithful restoration of the input video, preserving all original content while improving natural sharpness, pleasing color, clear contrast, stable detail, and overall visual quality.","blur, dull, flat contrast, low aesthetic quality, noise, artifacts",3.500000,Low-CFG fidelity prompt with artifact-focused negative prompt.,,prompt_negative_cfg,0,0,completed,,3c4fa3d695e4161aecf16f9b9249f7a73db7bf6bd598b59c76b638783694c1a7,results_test/UDM10,2.2172248948412037,2,2,-0.04406987344065172,0,0,26.34093012655935,-0.04406987344065172,-0.0016702624006311054,0.7809204650147357,0.007020465014735633,0.009071540269719127,0.2531623578119663,0.003962357811966272,-0.015900312247055664,0.12424680513720358,0.0075468051372035855,-0.06466842448332122,0.3876137135009612,-0.019186286499038807,-0.04716392944699805,0.5510255964532975,-0.012674403546702462,-0.022484306451485653,4.793750025523695,0.23395002552369526,-0.051307080469251996,31.530386879658757,0.0076868796587561405,-0.00024385219726597468,3.042107453269343,0.15100745326934328,0.05223183330543506,65.27257110841813,-0.3936288915818693,-0.005994391202504017,0.3142275632148789,-0.008372436785121118,-0.02595299685406422,27.80579361454133,-5.702506385458669,0.17018190673530645,0.5730386257171631,0.015638625717163124,0.028056379112240983,0.9827884554862976,0.0046884554862975936,0.004793431639195986,0.10397818461060523,0.0008781846106052371,0.008517794477257392,0.7557724699372794,-0.03912753006272063,-0.04922321054562917,83.324,10.218999999999994,0.13978524040763277,1.790444053791968,0.19814405379196787,-0.12443889580604652
390,2026-07-28T02:58:48+00:00,2026-07-28T03:05:07+00:00,379.68,427cd1108b8c217f6597b2d19a08ba81f7bbd434dd5257a0f1fb224332542c2f,"A clean, vibrant, aesthetically pleasing faithful restoration of the input video, preserving all original content while improving natural sharpness, pleasing color, clear contrast, stable detail, and overall visual quality.","blur, dull, flat contrast, low aesthetic quality, noise, artifacts",4.000000,Low-CFG fidelity prompt with artifact-focused negative prompt.,,prompt_negative_cfg,0,0,completed,,3418d3d7be79cc2d2b0a9e214dafe01979955d4b38e8eab18086fd2071686f57,results_test/UDM10,3.216360842788835,3,2,-0.11599610728602627,0,0,26.269003892713975,-0.11599610728602627,-0.0043962898346039895,0.7794774705017575,0.005577470501757498,0.0072069653724738305,0.2538200779547614,0.004620077954761409,-0.018539638662766488,0.12401862317515958,0.007318623175159578,-0.0627131377477256,0.38479342537541544,-0.02200657462458455,-0.054096791112548066,0.5493076875325172,-0.014392312467482737,-0.025531865296226253,4.752777829897556,0.19297782989755596,-0.04232155574752313,31.278057429478544,-0.24464257052145655,0.007760838079271653,3.0310771469146975,0.13997714691469776,0.04841657047998954,65.21376058516964,-0.45243941483036565,-0.00688998929175688,0.3124778118104704,-0.01012218818952959,-0.03137690077349532,27.602661920362902,-5.905638079637097,0.17624403743660816,0.5692125916481018,0.011812591648101778,0.02119230650897341,0.9828384637832641,0.004738463783264146,0.004844559639366267,0.10204066112637519,-0.0010593388736248044,-0.010274867833412265,0.7630800109256219,-0.03181998907437811,-0.040030178732391626,83.218,10.113,0.13833527118528144,1.7977790809042442,0.20547908090424416,-0.12904545682612834
391,2026-07-28T03:05:09+00:00,2026-07-28T03:11:25+00:00,376.681,77019142020111753fb4438de33f18aea641b23653c7f5b1183026985d94bc4d,"A clean, vibrant, aesthetically pleasing faithful restoration of the input video, preserving all original content while improving natural sharpness, pleasing color, clear contrast, stable detail, and overall visual quality.","blur, dull, flat contrast, low aesthetic quality, noise, artifacts",4.500000,Low-CFG fidelity prompt with artifact-focused negative prompt.,,prompt_negative_cfg,0,0,completed,,1cd24b45f3ec279b2985a813c7d01d20a7466010f4065b6216e8de33477f8460,results_test/UDM10,3.2150516105169284,3,2,-0.19947432118077657,0,0,26.185525678819225,-0.19947432118077657,-0.0075601410339502205,0.7777810420317735,0.0038810420317734184,0.005014914112641709,0.25469667695222364,0.005496676952223639,-0.022057291140544298,0.12389645403431308,0.007196454034313085,-0.061666272787601416,0.38236085777321166,-0.024439142226788335,-0.060076554146480665,0.5467522866302921,-0.016947713369707906,-0.0300651292703706,4.713714678480961,0.15391467848096063,-0.033754699434396386,31.036239511759202,-0.48646048824079813,0.015432069214908561,3.0237585433067813,0.1326585433067815,0.04588514520659317,65.12582274406188,-0.5403772559381252,-0.008229153749388958,0.31046078219529116,-0.012139217804708835,-0.03762931743555126,27.47532447076613,-6.03297552923387,0.18004421379878627,0.5801006376743316,0.022700637674331614,0.04072593770063081,0.9827820658683777,0.004682065868377716,0.004786898955503237,0.1059665720909834,0.002866572090983399,0.02780380301632783,0.7515737522043581,-0.04332624779564198,-0.054505280910355995,83.16000000000001,10.055000000000007,0.1375418917994666,1.8157570215650292,0.2234570215650291,-0.14033600550463424
392,2026-07-28T03:11:27+00:00,2026-07-28T03:18:00+00:00,393.18,5edc56e9b043f40af29d3a1970c62bb0bd9420f73cf68191dc10d75c4a8acf01,"A clean, vibrant, aesthetically pleasing faithful restoration of the input video, preserving all original content while improving natural sharpness, pleasing color, clear contrast, stable detail, and overall visual quality.","blur, dull, flat contrast, low aesthetic quality, noise, artifacts",5.000000,Low-CFG fidelity prompt with artifact-focused negative prompt.,,prompt_negative_cfg,0,0,completed,,30ef0b78698da3951053c519a0fd2aff293d6c69b03225d06284f5ab60bdbce8,results_test/UDM10,3.3137246551016335,3,3,-0.2939204542098537,0,0,26.091079545790148,-0.2939204542098537,-0.01113967990183262,0.7758408926391357,0.0019408926391356607,0.002507937251758187,0.2557689801819863,0.006568980181986289,-0.02636027360347628,0.12397385643374534,0.00727385643374534,-0.06232953242283925,0.380299887782143,-0.026500112217856975,-0.06514285205962875,0.5441976299208979,-0.01950237007910205,-0.03459707305144944,4.6724371835715965,0.11263718357159647,-0.02470222017886672,30.758151178000123,-0.7645488219998775,0.02425391295795974,3.012429213908411,0.12132921390841123,0.04196645356729661,65.05540071302843,-0.6107992869715702,-0.009301578086924021,0.30833865723782966,-0.014261342762170337,-0.04420751011212132,27.372888971144153,-6.135411028855845,0.18310123249630228,0.5778754562139511,0.020475456213951082,0.036733864754128244,0.9831455111503601,0.005045511150360116,0.0051584819040590086,0.10218393839895726,-0.0009160616010427391,-0.008885175567824822,0.7627265359105659,-0.03217346408943411,-0.04047485732725388,83.00200000000001,9.897000000000006,0.1353806169208673,1.8273060340773857,0.23500603407738563,-0.14758904357054928
393,2026-07-28T03:18:02+00:00,2026-07-28T03:25:31+00:00,449.31,b61ef8b9af76cc9e2113f3bfc463fc1d5733bdd50ff416b49368a333f2eac08d,"A clean, vibrant, aesthetically pleasing faithful restoration of the input video, preserving all original content while improving natural sharpness, pleasing color, clear contrast, stable detail, and overall visual quality.","blur, dull, flat contrast, low aesthetic quality, noise, artifacts",5.500000,Low-CFG fidelity prompt with artifact-focused negative prompt.,,prompt_negative_cfg,0,0,completed,,dc8c93ad6b426e45ba599f63d3f12819af5add758b4f18c403a034720e0d705d,results_test/UDM10,3.311637886546676,3,3,-0.39913289347002845,0,0,25.985867106529973,-0.39913289347002845,-0.015127265244268653,0.7737005291084695,-0.00019947089153049546,-0.0002577476308702616,0.2570610734003206,0.007861073400320578,-0.03154523836404727,0.1242200824522203,0.0075200824522203,-0.0644394383223676,0.37782239716860555,-0.028977602831394444,-0.07123304530824594,0.5413454081742994,-0.022354591825700543,-0.039656895202591,4.6285129468391,0.06871294683910012,-0.015069289626540664,30.52169852940434,-1.0010014705956607,0.03175494074415138,3.003858151743489,0.11275815174348924,0.03900181652087069,64.95277127911967,-0.71342872088033,-0.010864473974134791,0.30589955187132284,-0.01670044812867716,-0.05176828310191308,27.335027485509073,-6.173272514490925,0.1842311461485938,0.5758589982986451,0.018458998298645057,0.03311625098429325,0.9822145640850067,0.004114564085006767,0.004206690609351566,0.1012811627238989,-0.001818837276101104,-0.01764148667411352,0.7577225401308286,-0.037177459869171425,-0.04676998348115665,82.908,9.802999999999997,0.1340947951576499,1.8554488070852435,0.26314880708524346,-0.16526333422423128
394,2026-07-28T03:25:33+00:00,2026-07-28T03:32:04+00:00,391.628,e7c19a1ca4477d7099efd28713745a0cdffac8e6870887de2f8a3ca533436352,"A clean, vibrant, aesthetically pleasing faithful restoration of the input video, preserving all original content while improving natural sharpness, pleasing color, clear contrast, stable detail, and overall visual quality.","blur, dull, flat contrast, low aesthetic quality, noise, artifacts",6.000000,Low-CFG fidelity prompt with artifact-focused negative prompt.,,prompt_negative_cfg,0,0,completed,,7a3be6b148f29e666c56442bec0e5f8ad7a2c9f0ba8d3b96fcd6273205d4d864,results_test/UDM10,3.309236537178028,3,3,-0.5139942218411342,0,0,25.871005778158867,-0.5139942218411342,-0.01948054659242502,0.7713939215885441,-0.002506078411455892,-0.0032382457829899106,0.2586036297582811,0.009403629758281101,-0.03773527190321469,0.12474712864045175,0.008047128640451748,-0.06895568672195157,0.3756861185835254,-0.031113881416474587,-0.07648446759212042,0.5386519804116218,-0.025048019588378212,-0.044435017896714946,4.589175434064112,0.029375434064111694,-0.006442263709836329,30.27201416022918,-1.2506858397708207,0.039675720663865106,2.9906412220770315,0.09954122207703175,0.03443022450867551,64.83977646366243,-0.8264235363375718,-0.012585219433096049,0.3033549339059861,-0.019245066094013885,-0.05965612552391161,27.352468576738907,-6.155831423261091,0.1837106455195009,0.5755327194929123,0.018132719492912286,0.03253089252406223,0.9819673061370849,0.0038673061370849693,0.003953896469772998,0.10166489556431771,-0.0014351044356822884,-0.013919538658412108,0.7612147323265133,-0.033685267673486785,-0.042376736285679686,82.77,9.664999999999992,0.13220709937760744,1.8778572257724586,0.28555722577245857,-0.1793363221581728
395,2026-07-28T03:32:05+00:00,2026-07-28T03:38:31+00:00,385.765,9f8fbf50c16b37079f3537bcf8c64baef9f4a6f133e38deb5dead15e4bff1050,"A clean, vibrant, aesthetically pleasing faithful restoration of the input video, preserving all original content while improving natural sharpness, pleasing color, clear contrast, stable detail, and overall visual quality.","low quality, blurry, dull, artifacts",2.000000,Low-CFG fidelity prompt with artifact-focused negative prompt.,,prompt_negative_cfg,0,0,completed,,f664b5831e3fb29b1e353c256a839be253dcb3c6e17184b4872a2e4d6fd4458b,results_test/UDM10,2.2171718743755258,2,2,0.09534708576817863,0,0,26.48034708576818,0.09534708576817863,0.0036136852669387386,0.783547409510138,0.009647409510137983,0.012465963961930459,0.2524889902482109,0.0032889902482109157,-0.01319819521753979,0.12536457411704524,0.008664574117045243,-0.07424656484186155,0.39289937144325626,-0.013900628556743733,-0.03417067000182825,0.5557839713750348,-0.00791602862496521,-0.014042981417358897,4.874411996316069,0.31461199631606895,-0.06899688502041075,32.00577721901603,0.48307721901603173,-0.015324741187018615,3.0475255846977234,0.1564255846977236,0.05410590595196417,65.35068028357722,-0.3155197164227843,-0.004804902924530189,0.31584052969851806,-0.00675947030148194,-0.0209531007485491,28.301324266003025,-5.206975733996973,0.15539361095600115,0.569469103217125,0.012069103217124955,0.021652499492509785,0.982507735490799,0.004407735490798981,0.004506426225129313,0.10626127421855927,0.0031612742185592735,0.030662213565075397,0.7526494757278882,-0.042250524272111845,-0.053151999335906204,83.25299999999999,10.147999999999982,0.1388140346077557,1.780518944869982,0.18821894486998203,-0.11820570550146456
396,2026-07-28T03:38:34+00:00,2026-07-28T03:45:06+00:00,392.137,73b99c361f6057645de0e11cdf01b5dd571e2c5d0e684af409ece09cda579ad6,"A clean, vibrant, aesthetically pleasing faithful restoration of the input video, preserving all original content while improving natural sharpness, pleasing color, clear contrast, stable detail, and overall visual quality.","low quality, blurry, dull, artifacts",2.500000,Low-CFG fidelity prompt with artifact-focused negative prompt.,,prompt_negative_cfg,0,0,completed,,ae6240eba427bd9fbe6332daf15635ab84be1d2eae280f9ea612a74723065d09,results_test/UDM10,2.2164172116649916,2,2,0.0512737532584886,0,0,26.43627375325849,0.0512737532584886,0.0019432917664767328,0.7827566200068765,0.008856620006876481,0.011444140078661947,0.25336219745297583,0.00416219745297583,-0.016702236970207986,0.12543126633090357,0.00873126633090357,-0.07481804910799975,0.3900313584073897,-0.016768641592610267,-0.041220849539356605,0.5539464277605857,-0.00975357223941431,-0.017302771402189658,4.831594612474489,0.2717946124744888,-0.05960669601177437,31.77704462998243,0.25434462998243035,-0.008068618169840475,3.0210180397956607,0.12991803979566097,0.04493723489179239,65.28456620247132,-0.38163379752867854,-0.005811723497456508,0.3141839414113952,-0.00841605858860478,-0.026088216331694915,27.862974892893146,-5.645325107106853,0.16847542570368695,0.5656101763248443,0.008210176324844332,0.01472941572451441,0.9831030368804932,0.005003036880493195,0.005115056620481745,0.10092279016971588,-0.0021772098302841186,-0.02111745713175673,0.7662025108673645,-0.02869748913263559,-0.03610201174064107,83.11099999999999,10.005999999999986,0.13687162300800199,1.772120636451291,0.17982063645129087,-0.11293138004854039
397,2026-07-28T03:45:08+00:00,2026-07-28T03:51:45+00:00,397.103,17bcf70bfbd89939dabe9e8415252e9fa39ceb499a04f8a3cb0a5efd9d73be16,"A clean, vibrant, aesthetically pleasing faithful restoration of the input video, preserving all original content while improving natural sharpness, pleasing color, clear contrast, stable detail, and overall visual quality.","low quality, blurry, dull, artifacts",3.000000,Low-CFG fidelity prompt with artifact-focused negative prompt.,,prompt_negative_cfg,0,0,completed,,d2805490fd517a4d915f8dc5475bc3ca25f0be4b1e6158e70b50f9261d9d5fb9,results_test/UDM10,2.2150451047435005,2,2,-0.00972467114848996,0,0,26.37527532885151,-0.00972467114848996,-0.00036856816935720903,0.7816688690510327,0.00776886905103269,0.01003859549170783,0.25436668201319634,0.005166682013196339,-0.02073307388923089,0.12553434583448592,0.008834345834485918,-0.07570133534263855,0.3868155410212855,-0.01998445897871448,-0.04912600535573865,0.5518613001992625,-0.011838699800737484,-0.02100177363976847,4.787220350878688,0.22742035087868828,-0.04987507146775917,31.5554049783822,0.0327049783821991,-0.0010375056191950277,2.9959501635643746,0.10485016356437482,0.036266529543901915,65.21851346415858,-0.44768653584142726,-0.006817609909533782,0.3120591175892661,-0.01054088241073392,-0.03267477498677595,27.48662818170363,-6.021671818296369,0.17970687317161327,0.5695562124252319,0.012156212425231905,0.02180877722503033,0.9832783937454224,0.005178393745422394,0.005294339786752269,0.10115806013345718,-0.0019419398665428134,-0.018835498220589848,0.7575900702913965,-0.037309929708603584,-0.046936633172227425,82.85500000000002,9.750000000000014,0.13336981054647443,1.7688393110923546,0.17653931109235454,-0.1108706343605819
398,2026-07-28T03:51:46+00:00,2026-07-28T03:58:09+00:00,383.516,db0f9b1a42d2ee520647104f57c18a2a28932b0309cc3986c1ddcee0bac701e4,"A clean, vibrant, aesthetically pleasing faithful restoration of the input video, preserving all original content while improving natural sharpness, pleasing color, clear contrast, stable detail, and overall visual quality.","low quality, blurry, dull, artifacts",3.500000,Low-CFG fidelity prompt with artifact-focused negative prompt.,,prompt_negative_cfg,0,0,completed,,7c7e29a9acfdcb97ab02def8f26671b094b96726803a6bc6ae7032659061c06b,results_test/UDM10,3.213325089846058,3,2,-0.08752264084354877,0,0,26.297477359156453,-0.08752264084354877,-0.003317136283628909,0.7802630278611467,0.0063630278611466196,0.008222028506456414,0.25548909457941205,0.006289094579412041,-0.02523713715654912,0.12567780248580437,0.008977802485804376,-0.07693061256044881,0.3834097675258114,-0.023390232474188588,-0.05749811326005061,0.5495036350142571,-0.014196364985742838,-0.025184255784535814,4.741101900610206,0.18130190061020635,-0.039760932630862396,31.272233627915504,-0.25046637208449596,0.007945587531667526,2.9703324060286245,0.07923240602862469,0.02740562624213092,65.12426282821164,-0.5419371717883621,-0.00825290898191706,0.3095143143448137,-0.013085685655186308,-0.04056319173957318,27.161061145413306,-6.347238854586692,0.1894228849146836,0.5789781242609024,0.021578124260902443,0.038712099499286765,0.9832361280918122,0.0051361280918121865,0.005251127790422438,0.10535519793629647,0.0022551979362964714,0.021873888809859084,0.770927639769178,-0.023972360230822054,-0.030157705662123602,82.519,9.414000000000001,0.12877368169071884,1.7647922024480067,0.17249220244800667,-0.10832895964831167
399,2026-07-28T03:58:10+00:00,2026-07-28T04:04:24+00:00,374.589,4cb70206a2cbf144dceafe6ea0dd83c604bccf04b1e2224f19c0188657db81d3,"A clean, vibrant, aesthetically pleasing faithful restoration of the input video, preserving all original content while improving natural sharpness, pleasing color, clear contrast, stable detail, and overall visual quality.","low quality, blurry, dull, artifacts",4.000000,Low-CFG fidelity prompt with artifact-focused negative prompt.,,prompt_negative_cfg,0,0,completed,,815dc42325908dbfa503723dab595e6a357d15b0ac081ab4914f213961a910a3,results_test/UDM10,3.1116844150060485,3,1,-0.18164542905745762,0,0,26.203354570942544,-0.18164542905745762,-0.006884420278850014,0.7785183349874398,0.004618334987439798,0.005967612078356116,0.2567976349303799,0.007597634930379876,-0.03048810164678923,0.12593015739994665,0.009230157399946648,-0.07909303684615808,0.3802467322637958,-0.0265532677362042,-0.06527351950885989,0.5472064935391948,-0.016493506460805163,-0.029259369275865112,4.68692031002159,0.1271203100215903,-0.0278784837101606,30.966266345826273,-0.5564336541737269,0.01765183991770143,2.94795802908559,0.05685802908559001,0.019666572960323064,65.0219429631387,-0.6442570368613048,-0.009811090589394616,0.30680752249975357,-0.015792477500246427,-0.048953743026182356,26.881356319304437,-6.626943680695561,0.19777021456461716,0.5761098474264145,0.01870984742641446,0.03356628530034887,0.9833873689174653,0.005287368917465285,0.005405754950889771,0.10404242873191834,0.0009424287319183405,0.009140918835289433,0.7797777460291713,-0.01512225397082878,-0.019024096076020607,82.267,9.161999999999992,0.12532658504890215,1.7615990995545872,0.1692990995545871,-0.10632361964113993
400,2026-07-28T04:04:25+00:00,2026-07-28T04:10:44+00:00,379.113,9552176321a3080838d55c305d464029d118e1f66b2914680ad5fa3bed049d13,"A clean, vibrant, aesthetically pleasing faithful restoration of the input video, preserving all original content while improving natural sharpness, pleasing color, clear contrast, stable detail, and overall visual quality.","low quality, blurry, dull, artifacts",4.500000,Low-CFG fidelity prompt with artifact-focused negative prompt.,,prompt_negative_cfg,0,0,completed,,37b9d93d5f811bb3a3da70d4d8cf86c666986a4fff8f216c4467b8b6b6ff5552,results_test/UDM10,3.2090171410724317,3,2,-0.2915782423942339,0,0,26.093421757605768,-0.2915782423942339,-0.01105090931947068,0.7764244757939582,0.002524475793958203,0.0032620180823855834,0.25834903717041013,0.00914903717041013,-0.03671363230501657,0.12642059768399885,0.009720597683998855,-0.08329560997428324,0.37685943572751934,-0.029940564272480652,-0.0736002071594903,0.543954038043176,-0.019745961956823987,-0.035029203400432835,4.632841263672459,0.07304126367245889,-0.01601852354762465,30.711518454296492,-0.8111815457035085,0.02573325082253451,2.9237254246588673,0.03262542465886753,0.011284779031810568,64.89058846504459,-0.7756115349554165,-0.01181142711098581,0.30379855486173785,-0.01880144513826215,-0.05828098306962849,26.645003386466733,-6.863296613533265,0.204823778393212,0.5745256274938584,0.017125627493858375,0.030724125392641504,0.9831492304801941,0.005049230480194122,0.005162284510984687,0.10098353996872902,-0.0021164600312709725,-0.020528225327555504,0.7642181238201136,-0.03068187617988649,-0.03859841008917661,82.118,9.012999999999991,0.12328842076465345,1.7697023080351453,0.17740230803514523,-0.11141261573519137
401,2026-07-28T04:10:45+00:00,2026-07-28T04:17:18+00:00,393.12,735617c205ffb64556131eac2a8889a5faa993f1279ac4c34e7955f6c883dd03,"A clean, vibrant, aesthetically pleasing faithful restoration of the input video, preserving all original content while improving natural sharpness, pleasing color, clear contrast, stable detail, and overall visual quality.","low quality, blurry, dull, artifacts",5.000000,Low-CFG fidelity prompt with artifact-focused negative prompt.,,prompt_negative_cfg,0,0,completed,,d502dfc48190712db4a7c0e7868cbd026760ae2f26eb63af9ae6f0c029f5d918,results_test/UDM10,3.206111726710796,3,2,-0.4163395223309969,0,0,25.968660477669005,-0.4163395223309969,-0.015779402021261962,0.77401641189893,0.00011641189892996895,0.00015042240461295896,0.2601833501890783,0.010983350189078284,-0.044074438960988296,0.12724155418334468,0.010541554183344681,-0.09033037003722949,0.37402170747518537,-0.03277829252481462,-0.0805759403264863,0.5410093614170628,-0.022690638582937184,-0.040253039884579005,4.579537860575597,0.019737860575596677,-0.0043286680502646335,30.472786488304177,-1.0499135116958236,0.033306585784080155,2.899395767334969,0.008295767334969284,0.002869415563269788,64.72506117051647,-0.9411388294835348,-0.014332165246101262,0.30055479887993103,-0.02204520112006897,-0.06833602331081516,26.468097120715726,-7.040202879284273,0.21010325439620253,0.5813694149255753,0.02396941492557525,0.04300217962966496,0.9831214964389801,0.005021496438980089,0.0051339294949188105,0.10272635333240032,-0.00037364666759967524,-0.0036241189873877327,0.7697837263026186,-0.025116273697381453,-0.0315967715402962,81.977,8.872,0.12135968811982764,1.7748864222327636,0.18258642223276356,-0.11466835535562617
402,2026-07-28T04:17:18+00:00,2026-07-28T04:23:36+00:00,377.827,1e13cfd36610497ac84e9c089c5fcc8af1cc88d250c373caa5d8d2bfce4d237b,"A clean, vibrant, aesthetically pleasing faithful restoration of the input video, preserving all original content while improving natural sharpness, pleasing color, clear contrast, stable detail, and overall visual quality.","low quality, blurry, dull, artifacts",5.500000,Low-CFG fidelity prompt with artifact-focused negative prompt.,,prompt_negative_cfg,0,0,completed,,e40047ae6f14355a1b32de1544c3bf30f9bf40a6d82015f2066829b5795294f8,results_test/UDM10,2.203348472646312,2,2,-0.5551116254252797,0,0,25.829888374574722,-0.5551116254252797,-0.02103890943434829,0.77130576586417,-0.0025942341358300425,-0.003352156784894744,0.2623344731427008,0.013134473142700803,-0.05270655354213805,0.12828954669737044,0.011589546697370445,-0.0993105972353937,0.3718636676669121,-0.034936332333087905,-0.0858808562760273,0.5378170350866933,-0.02588296491330666,-0.045916205274625976,4.522694803259293,-0.03710519674070678,0.008137461454604759,30.136967148934854,-1.3857328510651463,0.04395984008556204,2.874514921634428,-0.01658507836557188,-0.005736597961181517,64.54491732197422,-1.1212826780257785,-0.01707549208003171,0.29712593026699563,-0.025474069733004367,-0.07896487827961676,26.369239462575603,-7.139060537424395,0.21305349831010215,0.5758843064308167,0.018484306430816666,0.0331616548812642,0.982838386297226,0.004738386297226005,0.004844480418388718,0.09864464551210403,-0.004455354487895968,-0.04321391355864179,0.7709377189456887,-0.023962281054311307,-0.030145025857732176,81.846,8.741,0.11956774502428014,1.8053695081471237,0.21306950814712367,-0.1338124148383619
403,2026-07-28T04:23:36+00:00,2026-07-28T04:29:44+00:00,367.902,d6e451adbf783b42f27669a15ceee3094e112604592d2e4f2a300eb18f15cc8a,"A clean, vibrant, aesthetically pleasing faithful restoration of the input video, preserving all original content while improving natural sharpness, pleasing color, clear contrast, stable detail, and overall visual quality.","low quality, blurry, dull, artifacts",6.000000,Low-CFG fidelity prompt with artifact-focused negative prompt.,,prompt_negative_cfg,0,0,completed,,c239991f1bbca880b9bfaeb5a51355fc9546c9c72aabc2fc196495a93712059c,results_test/UDM10,2.1998137007691843,2,2,-0.7064914998700544,0,0,25.678508500129947,-0.7064914998700544,-0.02677625544324633,0.7683218030031882,-0.005578196996811835,-0.0072079041178599755,0.2648972533162563,0.015697253316256293,-0.06299058313104451,0.12968566340784873,0.012985663407848735,-0.11127389381190005,0.3689506607190255,-0.0378493392809745,-0.09304164031704647,0.5342417442990888,-0.029458255700911207,-0.05225874703017777,4.4678492862440375,-0.09195071375596253,0.020165514662038364,29.80543889903218,-1.7172611009678214,0.054476967422454975,2.849054068903769,-0.04204593109623067,-0.01454322959988609,64.3486362211166,-1.3175637788833967,-0.020064565619502827,0.2936937354264721,-0.028906264573527907,-0.08960404393530039,26.346532021799398,-7.161767978200601,0.21373116446374782,0.5773804247379303,0.01998042473793027,0.03584575661630834,0.982170557975769,0.004070557975769051,0.004161699187985943,0.09973428212106228,-0.0033657178789377185,-0.032645178263217445,0.7745661655484264,-0.020333834451573662,-0.025580367909892644,81.572,8.466999999999999,0.115819711374051,1.813655536995308,0.22135553699530797,-0.1390162262107065
404,2026-07-28T04:29:45+00:00,2026-07-28T04:35:59+00:00,373.962,016c979ea421db53a31af1d7f302603f765ff644342bf703b81a2414adb246d9,"A clean, vibrant, aesthetically pleasing faithful restoration of the input video, preserving all original content while improving natural sharpness, pleasing color, clear contrast, stable detail, and overall visual quality.","blur, dull color, low contrast, flicker, ghosting",2.000000,Low-CFG fidelity prompt with artifact-focused negative prompt.,,prompt_negative_cfg,0,0,completed,,1f055a28c219e9f7a5f58c1c34d52eab5e6a7ce4ff824584a6043214b7312f53,results_test/UDM10,2.2170981564880377,2,2,0.10373975815311454,0,0,26.488739758153116,0.10373975815311454,0.0039317702540502,0.7837129823376354,0.00981298233763539,0.012679909985315143,0.2513346292799519,0.0021346292799519218,-0.00856592808969471,0.12480698477837346,0.00810698477837346,-0.06946859278811877,0.3942446441900346,-0.012555355809965418,-0.030863706514172612,0.5560493879741237,-0.007650612025876247,-0.013572134159794655,4.8816103354003655,0.3218103354003654,-0.07057553739207101,32.12821525038056,0.605515250380563,-0.019208863783259776,3.07405702529415,0.18295702529415037,0.06328284227254345,65.4299367720081,-0.23626322799189836,-0.00359794274667787,0.3166689317553274,-0.005931068244672599,-0.0183852084459783,28.749045488911293,-4.759254511088706,0.14203210879360356,0.5647143870592117,0.007314387059211724,0.01312233056909172,0.9815494239330291,0.003449423933029161,0.0035266577374799724,0.10528686605393886,0.002186866053938863,0.021211115945090814,0.7542563108645589,-0.04064368913544114,-0.05113056879537192,83.568,10.462999999999994,0.1431229054100266,1.7953234403345655,0.20302344033456543,-0.1275032596461505
405,2026-07-28T04:36:00+00:00,2026-07-28T04:42:09+00:00,368.938,0aa294f80c5c851af103ad9a07ce636162585f80a143b7dd84bf8d502a5c8292,"A clean, vibrant, aesthetically pleasing faithful restoration of the input video, preserving all original content while improving natural sharpness, pleasing color, clear contrast, stable detail, and overall visual quality.","blur, dull color, low contrast, flicker, ghosting",2.500000,Low-CFG fidelity prompt with artifact-focused negative prompt.,,prompt_negative_cfg,0,0,completed,,69b69ab926011784862ed38d435e424268f97063f50788fd71c316c289ea3813,results_test/UDM10,2.2176183635982296,2,2,0.07502627341977686,0,0,26.46002627341978,0.07502627341977686,0.002843519932528969,0.7831433118558082,0.009243311855808178,0.011943806507052821,0.2516073180542838,0.002407318054283819,-0.009660184808522548,0.12444559854845846,0.0077455985484584655,-0.06637188130641358,0.3929778743174769,-0.013822125682523112,-0.03397769341819841,0.5548585221652063,-0.00884147783479372,-0.015684722076980167,4.850398103712087,0.29059810371208705,-0.0637304495179804,31.85611686201712,0.3334168620171205,-0.010577040101803478,3.062761378288269,0.17166137828826944,0.05937580100593873,65.41007745804325,-0.2561225419567563,-0.003900370996901851,0.31568417174200863,-0.006915828257991363,-0.021437781332893254,28.49779210244456,-5.0105078975554385,0.14953035210844592,0.5673481494188308,0.00994814941883082,0.01784741553432153,0.9823126196861267,0.0042126196861267395,0.004306941709566241,0.10541873723268509,0.0023187372326850947,0.022490176844666292,0.7653299636199489,-0.02957003638005118,-0.03719969352126202,83.546,10.441000000000003,0.14282196840161415,1.7891251814338223,0.19682518143382222,-0.12361061447831577
406,2026-07-28T04:42:09+00:00,2026-07-28T04:48:24+00:00,375.186,bdd1c7507914a77ad3543ab80266fbd55e0b062014350ef70549ec076f4cf925,"A clean, vibrant, aesthetically pleasing faithful restoration of the input video, preserving all original content while improving natural sharpness, pleasing color, clear contrast, stable detail, and overall visual quality.","blur, dull color, low contrast, flicker, ghosting",3.000000,Low-CFG fidelity prompt with artifact-focused negative prompt.,,prompt_negative_cfg,0,0,completed,,90d7d36a260c29782b04955d62e2f7a85de3d4683b50e963b1e2ac9041cfba06,results_test/UDM10,2.217074615269324,2,2,0.036762983260615556,0,0,26.421762983260617,0.036762983260615556,0.0013933289088730548,0.7823633962988237,0.008463396298823644,0.010936033465336148,0.25188018554641356,0.002680185546413555,-0.010755158693473333,0.12410020212973319,0.007400202129733191,-0.06341218620165545,0.3909572431637395,-0.01584275683626052,-0.038944829980974725,0.55346798137311,-0.010232018626889938,-0.018151532068280893,4.818871746675443,0.25907174667544286,-0.056816471484592054,31.60908305891247,0.086383058912471,-0.0027403445425826785,3.047718834492468,0.15661883449246838,0.054172748951080346,65.39468083535472,-0.2715191646452837,-0.004134838998530198,0.3143055272438834,-0.008294472756116611,-0.02571132286458962,28.3134269468246,-5.1948730531753995,0.15503242638914536,0.5703884929418563,0.012988492941856333,0.023301924904657937,0.9819009363651275,0.003800936365127572,0.0038860406554826416,0.10727195851504803,0.004171958515048035,0.04046516503441354,0.7680611519705807,-0.026838848029419382,-0.03376380428911735,83.165,10.060000000000002,0.13761028657410576,1.7938443541303666,0.20154435413036653,-0.12657436044110187
407,2026-07-28T04:49:02+00:00,2026-07-28T04:55:19+00:00,377.307,1c358e4cc125f13f532a37f17e88f0cdf3cb1be9297685ccd5c21ff31f424fd2,"best quality, high quality, sharp and clear video, vivid natural colors, pleasing contrast, clean details, stable frames, faithful to the input content",,0.500000,Low-CFG fidelity prompt with artifact-focused negative prompt.,,prompt_negative_cfg,0,0,completed,,cee56bb991a7ba945118cf47c3c3a1be2201bc753702b6a577358d0a87126463,results_test/UDM10,2.2096920979022148,2,2,0.11334861755370795,0,0,26.49834861755371,0.11334861755370795,0.004295949120853059,0.7834037162635038,0.00950371626350377,0.012280289783568639,0.2505845773123926,0.001384577312392582,-0.005556088733517584,0.12596094416033837,0.009260944160338375,-0.07935684798918916,0.3931011357134388,-0.013698864286561196,-0.03367469096991445,0.5559848361438321,-0.007715163856167884,-0.013686648671576875,4.958631577689007,0.39883157768900723,-0.08746690155028888,32.70448450202924,1.1817845020292381,-0.037489951749984554,3.113923610410383,0.22282361041038312,0.0770722598354893,65.37140512774067,-0.294794872259331,-0.0044892939177130844,0.31755879050300967,-0.005041209496990329,-0.015626811831960102,30.300221301663306,-3.208078698336692,0.09573982262116229,0.5371220648288727,-0.020277935171127304,-0.036379503356884293,0.977421635389328,-0.0006783646106719443,-0.0006935534308066091,0.10173244252800942,-0.001367557471990577,-0.013264378971780573,0.7471104476404796,-0.047789552359520426,-0.06012020676754362,83.89899999999999,10.793999999999983,0.14765063949114263,1.8188239086399942,0.22652390863999416,-0.14226207915593428
408,2026-07-28T04:55:20+00:00,2026-07-28T05:01:05+00:00,345.185,73153009f0c17663eadb80c4b9206414b0d8ad64b65887b88293132606690e3b,"best quality, high quality, sharp and clear video, vivid natural colors, pleasing contrast, clean details, stable frames, faithful to the input content",,1.000000,Low-CFG fidelity prompt with artifact-focused negative prompt.,,prompt_negative_cfg,0,0,completed,,c5110d04e7851e182173556db01b5968ec696210ba991c6fbf660792fbe42fb3,results_test/UDM10,2.2147247386452955,2,2,0.11613762271019468,0,0,26.501137622710196,0.11613762271019468,0.0044016533147695535,0.7834640733587905,0.009564073358790504,0.012358280603166434,0.2504944081748685,0.0012944081748685055,-0.005194254313276507,0.12546930140064608,0.008769301400646079,-0.07514397087100325,0.39481598470480217,-0.011984015295197825,-0.02945923130579603,0.5576139750980562,-0.006086024901943765,-0.010796567149093073,4.946351332069226,0.3865513320692262,-0.08477374710935265,32.559139854748366,1.036439854748366,-0.03287915866180137,3.1270365057453033,0.23593650574530356,0.08160786750555275,65.51508562641759,-0.1511143735824163,-0.002301250469532519,0.31886364719079385,-0.003736352809206145,-0.011581998788611733,29.87320202242943,-3.6350979775705667,0.10848350938634807,0.5636549323797226,0.006254932379722633,0.011221622496811325,0.9808834910392761,0.002783491039276109,0.002845814374068203,0.10894562043249607,0.0058456204324960764,0.05669854929676117,0.7567577491435034,-0.038142250856496696,-0.04798370972008642,83.978,10.87299999999999,0.14873127693044239,1.8211986702711633,0.22889867027116328,-0.14375348255426948
409,2026-07-28T05:01:06+00:00,2026-07-28T05:07:10+00:00,363.788,41a59e32d7dca8d6db99ca960fa6a6ba5db50ba4bde022077888321cb39972d2,"best quality, high quality, sharp and clear video, vivid natural colors, pleasing contrast, clean details, stable frames, faithful to the input content",,1.500000,Low-CFG fidelity prompt with artifact-focused negative prompt.,,prompt_negative_cfg,0,0,completed,,ddb797f7ae4cd6f38433d4399babbeffdb541b24be3ed9d6908acf12becbc749,results_test/UDM10,3.218880955102003,3,2,0.10021550086236175,0,0,26.485215500862363,0.10021550086236175,0.003798199767381533,0.7831744965279832,0.009274496527983178,0.011984101987315128,0.25052838726870474,0.0013283872687047393,-0.005330607017274234,0.1249623348636012,0.0082623348636012,-0.07079978460669409,0.39611301768210627,-0.010686982317893723,-0.026270851322255956,0.5586788937930137,-0.005021106206986259,-0.008907408563041085,4.926566645600641,0.36676664560064065,-0.08043480977249894,32.40173354420107,0.8790335442010715,-0.02788573136822263,3.133371541577001,0.24227154157700115,0.08379908739822253,65.67900629351217,0.012806293512170441,0.000195021084091518,0.3198195308687225,-0.0027804691312774965,-0.008618937170729996,29.492145759828635,-4.016154240171364,0.11985550565595282,0.5651567637920379,0.007756763792037935,0.013915973792676596,0.9823756277561188,0.004275627756118783,0.004371360552212231,0.10470378138124943,0.0016037813812494334,0.015555590506784029,0.762510262264965,-0.03238973773503506,-0.04074693387222929,83.747,10.641999999999996,0.1455714383421106,1.8310731762176142,0.23877317621761418,-0.1499548930588546
410,2026-07-28T05:07:10+00:00,2026-07-28T05:13:20+00:00,369.937,e4b53d78562ab069f80f5914b5eea4cc988f0b839ee5ff02259545ecaf72ff7d,"best quality, high quality, sharp and clear video, vivid natural colors, pleasing contrast, clean details, stable frames, faithful to the input content",,2.000000,Low-CFG fidelity prompt with artifact-focused negative prompt.,,prompt_negative_cfg,0,0,completed,,11f84b3d253dcafc4c31ff0eb38bcd4031b9d59fe6beefbd1a17aa2921d77bb4,results_test/UDM10,3.2225594851910206,3,2,0.06564141673426249,0,0,26.450641416734264,0.06564141673426249,0.002487830840790695,0.7825295851421472,0.008629585142147178,0.011150775477642044,0.25071144803397116,0.0015114480339711578,-0.0060652007783754324,0.12435992590842708,0.0076599259084270815,-0.06563775414247713,0.39612081949749306,-0.010679180502506935,-0.026251672818355297,0.5593426961091257,-0.004357303890874298,-0.007729827729065634,4.902322732444448,0.342522732444448,-0.07511792895399973,32.171419514465164,0.6487195144651636,-0.020579440037343362,3.141929844117934,0.2508298441179342,0.08675931102968912,65.82693796465473,0.16073796465472867,0.002447803659336594,0.3203317168739534,-0.0022682831260465997,-0.007031255815395535,29.14211898311492,-4.366181016885079,0.13030147804827696,0.5746816754341125,0.01728167543411252,0.031004082228404235,0.9833405554294586,0.005240555429458671,0.005357893292565864,0.10574520826339721,0.002645208263397217,0.025656724184260106,0.7583426606722562,-0.036557339327743854,-0.04598985951408209,83.756,10.650999999999996,0.1456945489364612,1.8393443241802743,0.24704432418027422,-0.15514935890238912
411,2026-07-28T05:13:20+00:00,2026-07-28T05:19:25+00:00,364.263,913f69d98545378df812c83609f358482543832eda4db91a1559e4e8e9d50d8a,"best quality, high quality, sharp and clear video, vivid natural colors, pleasing contrast, clean details, stable frames, faithful to the input content",,2.500000,Low-CFG fidelity prompt with artifact-focused negative prompt.,,prompt_negative_cfg,0,0,completed,,e4900690aeeab534cac4da0f45886ce99948d301c743d57bd091e64088a2739e,results_test/UDM10,3.225560884137259,3,2,0.011140910733132614,0,0,26.396140910733134,0.011140910733132614,0.0004222441058606259,0.7815158578761661,0.007615857876166032,0.009840881090794718,0.25102693414495836,0.0018269341449583532,-0.007331196408340101,0.12372485995292663,0.007024859952926635,-0.060195886486089416,0.39542849131168856,-0.011371508688311438,-0.027953561180706583,0.5594490087801411,-0.004250991219858835,-0.007541229767356458,4.8735141664224795,0.3137141664224794,-0.0687999838638711,31.939025458811464,0.416325458811464,-0.01320716368875331,3.1499365991161716,0.25883659911617185,0.08952876037361969,65.98776900999007,0.3215690099900712,0.004897024801040279,0.32057725647764823,-0.0020227435223517665,-0.006270128711567782,28.8348140593498,-4.673485940650199,0.1394724871345368,0.5873821586370468,0.029982158637046785,0.053789305053905244,0.9846326112747192,0.006532611274719269,0.006678878718657876,0.10835703052580356,0.005257030525803563,0.050989626826416716,0.7719108370039712,-0.022989162996028822,-0.028920823998023426,83.62199999999999,10.516999999999982,0.14386156897612998,1.8533907397068101,0.26109073970681007,-0.16397082189713627
412,2026-07-28T05:19:25+00:00,2026-07-28T05:25:36+00:00,371.412,46e049d11fbcb6d27bf555c7c8eeff0869621188249a2458dcc20971ae39017a,"best quality, high quality, sharp and clear video, vivid natural colors, pleasing contrast, clean details, stable frames, faithful to the input content",,3.000000,Low-CFG fidelity prompt with artifact-focused negative prompt.,,prompt_negative_cfg,0,0,completed,,68c0c88543a5844bbae79a85d071a775d882bd5274bb3efeb5463e8e88b0ff30,results_test/UDM10,3.2279529363754405,3,2,-0.06253132235619674,0,0,26.322468677643805,-0.06253132235619674,-0.002369957261936583,0.7801404757232279,0.006240475723227834,0.008063671951450878,0.25161425038691493,0.0024142503869149234,-0.00968800315776454,0.12313912376280753,0.00643912376280753,-0.05517672461703111,0.39382679404750953,-0.012973205952490463,-0.031890870089701234,0.5587299789151838,-0.004970021084816145,-0.00881678390068502,4.831234502384865,0.27143450238486455,-0.05952772103707719,31.675739740380415,0.15303974038041446,-0.004854905841835073,3.159036780557325,0.26793678055732517,0.09267641401450147,66.14512282340756,0.478922823407558,0.007293292796104509,0.32050382357931906,-0.0020961764206809397,-0.006497757038688592,28.557074565272178,-4.951225434727821,0.1477611646883853,0.5958483129739761,0.038448312973976106,0.06897795653745264,0.9850164830684662,0.0069164830684662615,0.007071345535698049,0.1104585874825716,0.0073585874825716074,0.07137330244977311,0.7574180499251808,-0.03748195007481925,-0.04715303821212636,83.776,10.670999999999992,0.14596812803501802,1.8705069837111903,0.27820698371119024,-0.1747202058099543
413,2026-07-28T05:25:37+00:00,2026-07-28T05:31:48+00:00,370.976,0f67c6752567638a55240beeda9a1ee5db1ee6481d4a46de3d2b16d8956e05ff,"best quality, high quality, sharp and clear video, vivid natural colors, pleasing contrast, clean details, stable frames, faithful to the input content",,3.500000,Low-CFG fidelity prompt with artifact-focused negative prompt.,,prompt_negative_cfg,0,0,completed,,fc4de8f05d4a2cd9910c6e6bc7776e6123a3c9c90f9be6d40f44b0c84f36ac62,results_test/UDM10,4.2300583881360625,4,2,-0.1558702210457099,0,0,26.22912977895429,-0.1558702210457099,-0.0059075315916509346,0.778409361597525,0.004509361597525019,0.005826801392331075,0.2524452333008089,0.0032452333008089196,-0.013022605540966771,0.12259330441874842,0.005893304418748427,-0.050499609415153614,0.39228467475022033,-0.014515325249779665,-0.03568172381951737,0.5577459926566769,-0.005954007343323076,-0.010562368890053355,4.792025633357935,0.23222563335793467,-0.05092890770602541,31.359287916690285,-0.16341208330971568,0.005183949449435349,3.1648159107854292,0.27371591078542945,0.09467535221383884,66.28550519635601,0.6193051963560094,0.009431110622451267,0.32004174496377674,-0.002558255036223256,-0.007930114805403768,28.3047119140625,-5.203588085937497,0.15529251218168327,0.5992697596549987,0.04186975965499873,0.07511618165590012,0.9852870047092438,0.007187004709243827,0.007347924250325966,0.10572470352053642,0.0026247035205364255,0.02545784210025631,0.770939480035579,-0.023960519964421056,-0.03014281037164556,83.98800000000001,10.88300000000001,0.14886806647972106,1.8932594053815894,0.3009594053815894,-0.1890092353084151
414,2026-07-28T05:31:48+00:00,2026-07-28T05:38:01+00:00,373.265,f0473efa17627b997a8142bcd3466818190a4d226ef94d866a34426e861ab21a,"best quality, high quality, sharp and clear video, vivid natural colors, pleasing contrast, clean details, stable frames, faithful to the input content",,4.000000,Low-CFG fidelity prompt with artifact-focused negative prompt.,,prompt_negative_cfg,0,0,completed,,62e197e319d09aba90f991e33e3b3b50650b58cae3c5a610d6d9a2919c01d636,results_test/UDM10,4.231860247592827,4,2,-0.26793620078794333,0,0,26.11706379921206,-0.26793620078794333,-0.010154868326243825,0.7763263488627493,0.0024263488627492835,0.0031352227196656977,0.25357421867309077,0.004374218673090763,-0.017553044434553623,0.1222146568759795,0.005514656875979504,-0.047254986083800375,0.39076801086625745,-0.01603198913374254,-0.03941000278697773,0.5566925386267323,-0.007007461373267687,-0.012431189237657774,4.745392521645913,0.1855925216459129,-0.04070189956706717,31.046003485931674,-0.47669651406832614,0.015122324993364342,3.171562594752158,0.2804625947521582,0.09700895671272464,66.42392886992425,0.7577288699242501,0.011539100327478216,0.31934005533975934,-0.0032599446602406545,-0.010105222133418024,28.103486091859878,-5.40481390814012,0.16129776527427891,0.6094842433929444,0.052084243392944374,0.09344141261741007,0.9860029816627502,0.007902981662750275,0.008079932177436126,0.10946507453918457,0.00636507453918457,0.06173690144698905,0.7756928504249523,-0.019207149575047766,-0.024162975940429945,84.057,10.951999999999998,0.14981191436974212,1.9246196112120137,0.3323196112120137,-0.20870414570873183
415,2026-07-28T05:38:02+00:00,2026-07-28T05:44:14+00:00,372.564,82618ed7b591e4d42526e929f20c50a883c582e41bb3cafc82d2e92743255d3c,"best quality, high quality, sharp and clear video, vivid natural colors, pleasing contrast, clean details, stable frames, faithful to the input content",,4.500000,Low-CFG fidelity prompt with artifact-focused negative prompt.,,prompt_negative_cfg,0,0,completed,,1ee90ea376c6698605c6c8b9977773438d65b337634a79a386f7bec4693a87ee,results_test/UDM10,4.333325906575209,4,3,-0.3976909132926707,0,0,25.98730908670733,-0.3976909132926707,-0.015072613731008933,0.773894403275425,-5.5967245750077055e-06,-7.231844650481593e-06,0.2549359213440649,0.005735921344064893,-0.02301734086703408,0.12204727357433687,0.005347273574336869,-0.04582068187092433,0.390006373630416,-0.01679362636958398,-0.04128226737852503,0.5555139633917039,-0.008186036608296088,-0.014521973759616974,4.704828659956493,0.14502865995649294,-0.03180592568895411,30.76741080396939,-0.7552891960306098,0.023960168260669608,3.17852274833187,0.2874227483318701,0.09941639802562005,66.50743943491291,0.8412394349129073,0.01281084385746255,0.31836836914862354,-0.0042316308513764556,-0.013117268603150824,27.945404643397175,-5.562895356602823,0.1660154456240043,0.6091392546892166,0.051739254689216585,0.09282248778115641,0.9856515288352966,0.007551528835296639,0.007720610198647009,0.10648275166749954,0.003382751667499545,0.03281039444713429,0.7763455008893472,-0.018554499110652878,-0.02334192868367452,84.154,11.048999999999992,0.15113877299774287,1.9588244706877351,0.3665244706877351,-0.23018556219791186
416,2026-07-28T05:44:15+00:00,2026-07-28T05:50:29+00:00,373.908,3cac27be6b04df70da960e87f1adba4039e09db6b5c38b77fda557f542f5cbd7,"best quality, high quality, sharp and clear video, vivid natural colors, pleasing contrast, clean details, stable frames, faithful to the input content",,5.000000,Low-CFG fidelity prompt with artifact-focused negative prompt.,,prompt_negative_cfg,0,0,completed,,c912acb8d4e9378553ef4ba35e821090dd069ec9ce58734f7878667f011c1246,results_test/UDM10,4.334438608896079,4,3,-0.5434840528426648,0,0,25.841515947157337,-0.5434840528426648,-0.02059822068761284,0.7711418738165966,-0.002758126183403431,-0.0035639309773916926,0.2566105892340983,0.0074105892340982915,-0.02973751699076361,0.12205386373304554,0.005353863733045541,-0.04587715281101578,0.3890738149323771,-0.017726185067622913,-0.0435746928899285,0.5541363638254905,-0.009563636174509504,-0.01696582610344067,4.662010481206169,0.1022104812061686,-0.022415562350578667,30.46431012500193,-1.0583898749980705,0.03357548290590814,3.183755484704048,0.29265548470404834,0.10122634454154071,66.55928082619944,0.8930808261994372,0.013600312279368034,0.3172154100191209,-0.005384589980879095,-0.01669122746707717,27.81524421938004,-5.693055780619957,0.16989986900618526,0.6148239254951477,0.05742392549514774,0.10302103605157471,0.9856230854988098,0.007523085498809867,0.007691530005939953,0.10940281264483928,0.006302812644839284,0.06113300334470693,0.7854424066568841,-0.009457593343115911,-0.011897840411518317,84.111,11.006,0.1505505779358457,2.0068376277292073,0.4145376277292072,-0.26033889827872086
417,2026-07-28T05:50:29+00:00,2026-07-28T05:56:42+00:00,373.209,5489c60191b484ea80f7920b7d5a1f6237372b8f6689b8072987a4056fa59a38,"best quality, high quality, sharp and clear video, vivid natural colors, pleasing contrast, clean details, stable frames, faithful to the input content",low quality,0.500000,Low-CFG fidelity prompt with artifact-focused negative prompt.,,prompt_negative_cfg,0,0,completed,,af4f109e7525358d984121524ded386632213304bab2418851b8399a02f26204,results_test/UDM10,2.2131371949557606,2,2,0.107798294559597,0,0,26.4927982945596,0.107798294559597,0.004085590091324502,0.7834009097648366,0.00950090976483653,0.012276663347766545,0.25022280665655294,0.0010228066565529381,-0.00410436058006797,0.1257413398834967,0.009041339883496702,-0.07747506326903772,0.39482135099749416,-0.011978649002505837,-0.029446039829168724,0.5574589071735259,-0.006241092826474115,-0.011071656601869994,4.954926769482592,0.39512676948259173,-0.08665440797460233,32.640255951362036,1.1175559513620357,-0.03545241845914327,3.132474538203209,0.2413745382032091,0.08348882370143167,65.4835345729705,-0.18266542702950517,-0.0027817267792183066,0.31878240757411525,-0.0038175924258847527,-0.011833826490653294,30.189061318674398,-3.3192386813256007,0.09905720914894521,0.5523872613906861,-0.005012738609313949,-0.00899307249607813,0.980397516489029,0.0022975164890289834,0.0023489586842132537,0.1037422265857458,0.0006422265857458087,0.006229161840405516,0.7539422885121088,-0.04095771148789129,-0.051525615156486716,84.06,10.954999999999998,0.14985295123452566,1.8261811137684465,0.23388111376844645,-0.14688256846602177
418,2026-07-28T05:56:43+00:00,2026-07-28T06:02:49+00:00,366.732,a07beadb4768dcf9498713dac54e922d419614e198cfbe060009e98f3e9aeea0,"best quality, high quality, sharp and clear video, vivid natural colors, pleasing contrast, clean details, stable frames, faithful to the input content",low quality,1.000000,Low-CFG fidelity prompt with artifact-focused negative prompt.,,prompt_negative_cfg,0,0,completed,,5aefd4990a03a1396e8ac3cd4d97f4ab5de0f8130cf7b480a9c4e4f25d6ef53e,results_test/UDM10,2.2147247386452955,2,2,0.11613762271019468,0,0,26.501137622710196,0.11613762271019468,0.0044016533147695535,0.7834640733587905,0.009564073358790504,0.012358280603166434,0.2504944081748685,0.0012944081748685055,-0.005194254313276507,0.12546930140064608,0.008769301400646079,-0.07514397087100325,0.39481598470480217,-0.011984015295197825,-0.02945923130579603,0.5576139750980562,-0.006086024901943765,-0.010796567149093073,4.946351332069226,0.3865513320692262,-0.08477374710935265,32.559139854748366,1.036439854748366,-0.03287915866180137,3.1270365057453033,0.23593650574530356,0.08160786750555275,65.51508562641759,-0.1511143735824163,-0.002301250469532519,0.31886364719079385,-0.003736352809206145,-0.011581998788611733,29.87320202242943,-3.6350979775705667,0.10848350938634807,0.5526499927043915,-0.004750007295608483,-0.008521721018314464,0.9808834910392761,0.002783491039276109,0.002845814374068203,0.10183746330440044,-0.0012625366955995587,-0.012245748744903577,0.7567589295647268,-0.03814107043527326,-0.04798222472672444,83.98100000000001,10.876000000000005,0.1487723137952261,1.8211986702711633,0.22889867027116328,-0.14375348255426948
419,2026-07-28T06:02:51+00:00,2026-07-28T06:09:11+00:00,379.417,a4bd72b7d1088403b25564eeafca9d2065af1c2a2618c58d864035ca9ad95a69,"best quality, high quality, sharp and clear video, vivid natural colors, pleasing contrast, clean details, stable frames, faithful to the input content",low quality,1.500000,Low-CFG fidelity prompt with artifact-focused negative prompt.,,prompt_negative_cfg,0,0,completed,,c03effd1a22df52d74ef40eebbaed0fbd7630a74a810cedaa08d41b450f8d6e6,results_test/UDM10,2.2162582741194723,2,2,0.11500631886143609,0,0,26.500006318861438,0.11500631886143609,0.00435877653444897,0.7833261503348787,0.009426150334878702,0.012180062456232979,0.2507906733741683,0.001590673374168322,-0.006383119479006108,0.1251044265685543,0.008404426568554307,-0.07201736562600092,0.3950076012842117,-0.0117923987157883,-0.028988197433107914,0.557831784121452,-0.005868215878548022,-0.010410175409877634,4.931144851567128,0.3713448515671276,-0.08143884634570103,32.44777106472608,0.9250710647260831,-0.02934618750062917,3.1184062134835027,0.22730621348350288,0.07862274341375355,65.53766697299098,-0.12853302700902702,-0.0019573696514953967,0.3187784855404208,-0.0038215144595791783,-0.011845984065651514,29.56326431766633,-3.9450356823336676,0.11773308948331213,0.5595005780458451,0.0021005780458450696,0.003768528966352834,0.9810590445995331,0.0029590445995331116,0.0030252986397434943,0.10597653575241565,0.002876535752415657,0.02790044376736816,0.7627823917909657,-0.03211760820903431,-0.04040458951947957,83.762,10.656999999999996,0.14577662266602825,1.8235825522666953,0.23128255226669525,-0.14525061374533393
420,2026-07-28T06:09:12+00:00,2026-07-28T06:15:20+00:00,367.96,bff0db83037c2673ec6f76c77a6cb6a32f5cd81eac81daddb1ef5e05cdbabade,"best quality, high quality, sharp and clear video, vivid natural colors, pleasing contrast, clean details, stable frames, faithful to the input content",low quality,2.000000,Low-CFG fidelity prompt with artifact-focused negative prompt.,,prompt_negative_cfg,0,0,completed,,d59f2988a1dea02385495e95596120c1e3489dbda7558ce228675b6a7da2f692,results_test/UDM10,2.2169206780177912,2,2,0.1043022844868311,0,0,26.489302284486833,0.1043022844868311,0.003953090183317457,0.7829511894282857,0.009051189428285644,0.011695554242519245,0.251105618164424,0.001905618164424,-0.007646942874895666,0.12465759054307016,0.007957590543070159,-0.06818843653016417,0.39357027406654044,-0.013229725933459557,-0.03252145018057905,0.5570623897737071,-0.006637610226292834,-0.011775075796155462,4.912274352902061,0.3524743529020613,-0.07730039758367939,32.3512316030107,0.8285316030107026,-0.0262836496559845,3.1116790456156576,0.22057904561565778,0.07629588932090131,65.57894498763547,-0.08725501236453681,-0.001328765976477043,0.31847873842043256,-0.004121261579567437,-0.012775144387995775,29.258343702746977,-4.249956297253021,0.1268329428008291,0.5605610311031342,0.0031610311031341487,0.005671028172110062,0.9810827732086181,0.0029827732086181724,0.0030495585406585955,0.10558521784842015,0.0024852178484201515,0.02410492578487053,0.7607877689588778,-0.034112231041122265,-0.04291386468879389,83.56500000000001,10.460000000000008,0.14308186854524324,1.8218901233679694,0.22959012336796936,-0.14418773055829262
421,2026-07-28T06:15:21+00:00,2026-07-28T06:21:30+00:00,369.155,5af7e4cb22492f7d7ec2e5d76d43fce08bc01d596d722aa426f942e059a08ceb,"best quality, high quality, sharp and clear video, vivid natural colors, pleasing contrast, clean details, stable frames, faithful to the input content",low quality,2.500000,Low-CFG fidelity prompt with artifact-focused negative prompt.,,prompt_negative_cfg,0,0,completed,,d2a71f872bf5f1e04f330054a8bea7d778d64885e054eaf97e4758b18c7d5abe,results_test/UDM10,2.217501947903895,2,2,0.08339291972498586,0,0,26.468392919724987,0.08339291972498586,0.003160618522834408,0.7823178055847626,0.008417805584762572,0.01087712312283573,0.2514419600607887,0.0022419600607887225,-0.00899662945741863,0.12411763475787255,0.007417634757872549,-0.06356156604860796,0.3909590269288709,-0.015840973071129083,-0.038940445110936785,0.5560258665392476,-0.007674133460752408,-0.01361386102670287,4.893993054695974,0.33419305469597393,-0.07329116511600814,32.10939040481054,0.5866904048105397,-0.018611679989675365,3.105387936484429,0.21428793648442923,0.07411986319547205,65.59470975322108,-0.07149024677892157,-0.0010886916979956443,0.31782013504735884,-0.004779864952641155,-0.014816692351646482,28.969093371975806,-4.539206628024193,0.13546514230874718,0.5543368399143219,-0.003063160085678085,-0.005495443282522578,0.9814774990081787,0.0033774990081787415,0.0034531223884865982,0.10186692886054516,-0.0012330711394548388,-0.011959952856012016,0.7576684515863622,-0.03723154841363785,-0.046838027945197945,83.408,10.302999999999997,0.14093427262157165,1.8231917878923316,0.23089178789233156,-0.14500520498168157
422,2026-07-28T06:21:30+00:00,2026-07-28T06:27:40+00:00,369.792,2a8d90e14928ed9de86b81cc987b58791ec43c752d05973d44b898c8b4708833,"best quality, high quality, sharp and clear video, vivid natural colors, pleasing contrast, clean details, stable frames, faithful to the input content",low quality,3.000000,Low-CFG fidelity prompt with artifact-focused negative prompt.,,prompt_negative_cfg,0,0,completed,,d52064a8fb226ea0cba6db59a8fb2c9b40723ef643437ca0f84fdba332a7baa4,results_test/UDM10,2.218072462901058,2,2,0.0523358818792552,0,0,26.437335881879257,0.0523358818792552,0.0019835467833714303,0.7814262688875904,0.007526268887590337,0.00972511808707887,0.2519033526460971,0.0027033526460970847,-0.010848124583054113,0.12351259070058022,0.006812590700580226,-0.058376955446274435,0.38859823355751655,-0.018201766442483447,-0.044743771982506016,0.5548236153779491,-0.00887638462205087,-0.015746646482261612,4.871629921665366,0.3118299216653657,-0.06838675417021925,31.78776888234047,0.26506888234046855,-0.008408825460397382,3.0964032811503257,0.20530328115032592,0.07101216877670297,65.61083413400958,-0.05536586599042437,-0.0008431410069476285,0.3169711789777202,-0.005628821022279795,-0.017448298271171093,28.727142924647183,-4.781157075352816,0.1426857547339858,0.5599541246891022,0.0025541246891022107,0.004582211498209922,0.9815224766731262,0.003422476673126229,0.003499107119033053,0.10461195968091488,0.0015119596809148872,0.014664982356109479,0.7607316134941,-0.03416838650590004,-0.042984509379670445,83.49199999999999,10.386999999999986,0.14208330483551038,1.8351600364743106,0.24286003647431054,-0.15252153267243015
423,2026-07-28T06:27:41+00:00,2026-07-28T06:33:53+00:00,371.855,4d827231dfdcc7f6dd22612b1e00bf4c6abfa40870ea93baf791117cfcc36de2,"best quality, high quality, sharp and clear video, vivid natural colors, pleasing contrast, clean details, stable frames, faithful to the input content",low quality,3.500000,Low-CFG fidelity prompt with artifact-focused negative prompt.,,prompt_negative_cfg,0,0,completed,,0002642648dc6d1667067d7d6de43a95373908e13487dd017bf1d9821f773d14,results_test/UDM10,2.218225655368842,2,2,0.010679646153601396,0,0,26.395679646153603,0.010679646153601396,0.00040476202969874533,0.7802831518948101,0.006383151894810091,0.008248031909562076,0.25243545193826,0.0032354519382599978,-0.01298335448739967,0.12296894269604834,0.0062689426960483435,-0.053718446410011514,0.38678221452620726,-0.020017785473792737,-0.04920792889329582,0.5536807981229599,-0.010019201877040085,-0.017773996588682076,4.850231834765994,0.290431834765994,-0.06369398543050002,31.553848641278904,0.03114864127890371,-0.0009881336712560698,3.088462716148746,0.19736271614874612,0.06826561383167173,65.62950277020853,-0.036697229791471386,-0.0005588450343018385,0.31586981370083744,-0.006730186299162555,-0.02086232578785665,28.525441422001006,-4.982858577998993,0.14870520372561405,0.5623165369033813,0.004916536903381341,0.008820482424437281,0.9812317848205566,0.003131784820556649,0.0032019065745390544,0.10523679964244366,0.0021367996424436625,0.020725505746301286,0.7682243849640985,-0.026675615035901545,-0.033558453938736375,83.232,10.126999999999995,0.13852677655427117,1.8446557665932535,0.2523557665932534,-0.15848506348882335
424,2026-07-28T06:33:54+00:00,2026-07-28T06:40:01+00:00,367.108,94059515f33405dd3bd9857ce610928273faa1e59b4209818d06f1de397a6f33,"best quality, high quality, sharp and clear video, vivid natural colors, pleasing contrast, clean details, stable frames, faithful to the input content",low quality,4.000000,Low-CFG fidelity prompt with artifact-focused negative prompt.,,prompt_negative_cfg,0,0,completed,,3db5e4f0db5f587637cf96e3b0ec39043864c94e4a873759c2efef301d62d496,results_test/UDM10,3.2177605660269752,3,2,-0.04181891287527151,0,0,26.34318108712473,-0.04181891287527151,-0.0015849502700500855,0.7789028840948926,0.005002884094892579,0.006464509749182812,0.25310558328224764,0.003905583282247632,-0.01567248508125053,0.1224275481316351,0.005727548131635105,-0.04907924705771298,0.38405464450197835,-0.022745355498021647,-0.055912869955805425,0.5519709082380417,-0.011729091761958244,-0.020807329717860996,4.824788573781365,0.2649885737813653,-0.0581140782010977,31.315270164387186,-0.20742983561281392,0.0065803321293167755,3.080381829123343,0.18928182912334313,0.06547052302699427,65.65695547288463,-0.009244527115370715,-0.00014078060121296368,0.3146239072565109,-0.007976092743489094,-0.024724404040573758,28.35276351436492,-5.1555364856350785,0.1538584913479669,0.5662017077207565,0.008801707720756502,0.015790648942871372,0.9816863536834717,0.0035863536834717102,0.003666653392773449,0.10610314272344112,0.0030031427234411268,0.029128445426199096,0.7662627095059936,-0.02863729049400643,-0.036026280656694464,83.18700000000001,10.082000000000008,0.1379112235825184,1.861712022170347,0.2694120221703469,-0.1691967733281083
425,2026-07-28T06:40:01+00:00,2026-07-28T06:46:24+00:00,382.982,791e0c80aca4962ace3aaa5bcf00f21fa4710fe1779ea2eca0bd0a63dcf9bd27,"best quality, high quality, sharp and clear video, vivid natural colors, pleasing contrast, clean details, stable frames, faithful to the input content",low quality,4.500000,Low-CFG fidelity prompt with artifact-focused negative prompt.,,prompt_negative_cfg,0,0,completed,,9d560a05de2fde5d905517691666ac1fd77925275ad11359a9aa074f2e0758fb,results_test/UDM10,3.2168216943395542,3,2,-0.1051980098601355,0,0,26.279801990139866,-0.1051980098601355,-0.003987038463526075,0.7773308049052355,0.003430804905235507,0.0044331372337970115,0.25391939450656215,0.004719394506562141,-0.018938180202897836,0.12197275007924727,0.005272750079247268,-0.04518209151025937,0.3808254482765351,-0.02597455172346491,-0.06385091377449585,0.5497571127068613,-0.01394288729313864,-0.024734588066593295,4.797442147240219,0.23764214724021926,-0.05211679179793396,31.081050601488887,-0.44164939851111384,0.014010519356245303,3.0744541637359126,0.18335416373591285,0.06342020813389812,65.6475894681869,-0.018610531813109787,-0.00028341112799445966,0.3132941097742127,-0.009305890225787317,-0.02884652890820619,28.212763041834677,-5.2955369581653216,0.1580365747640233,0.56222163438797,0.0048216343879700085,0.008650223157463237,0.9813581883907319,0.0032581883907318865,0.003331140364719238,0.10281052440404892,-0.0002894755959510775,-0.0028077167405536133,0.7707831718078066,-0.024116828192193407,-0.030339449229077123,83.172,10.066999999999993,0.13770603925860053,1.8823345085062708,0.29003450850627077,-0.1821481558162851
426,2026-07-28T06:46:25+00:00,2026-07-28T06:53:15+00:00,410.127,981534bd57e56bbbc64a730f7638cc93460e5de58847a2b52c2065dd85a3e351,"best quality, high quality, sharp and clear video, vivid natural colors, pleasing contrast, clean details, stable frames, faithful to the input content",low quality,5.000000,Low-CFG fidelity prompt with artifact-focused negative prompt.,,prompt_negative_cfg,0,0,completed,,333e80def4a4e5271a73831cd072edf9c2fbc237a982bc53ccb55791efd6038b,results_test/UDM10,3.3164414406270737,3,3,-0.17925607496692209,0,0,26.20574392503308,-0.17925607496692209,-0.0067938629890817535,0.775629224475299,0.001729224475298996,0.002234428834861088,0.2549178338098911,0.005717833809891076,-0.02294475846665761,0.1215978785868614,0.004897878586861401,-0.04196982508021766,0.37829572991017374,-0.028504270089826256,-0.07006949382946474,0.5486570812040759,-0.01504291879592412,-0.026686036537030552,4.76382491593178,0.20402491593177974,-0.04474426859331105,30.78847824466314,-0.7342217553368613,0.023291842238668047,3.0662223904363572,0.17512239043635747,0.0605729274104519,65.66044552710748,-0.005754472892519402,-8.763218965798846e-05,0.31172018084795244,-0.010879819152047554,-0.033725415846396635,28.086861690398184,-5.421438309601815,0.16179389314294712,0.565364682674408,0.007964682674407975,0.014288989369228516,0.9816054284572602,0.003505428457260207,0.003583916222533695,0.1035266436636448,0.0004266436636447962,0.004138153866583862,0.771407747757291,-0.02349225224270901,-0.029553720270108202,83.065,9.959999999999994,0.1362423910813213,1.896232689008078,0.303932689008078,-0.19087652390132387
427,2026-07-28T06:53:16+00:00,2026-07-28T06:59:21+00:00,365.359,1fb3709789c3242468c50e08fac184536b6e283b26fdeeb8d413c66e092a81d5,"best quality, high quality, sharp and clear video, vivid natural colors, pleasing contrast, clean details, stable frames, faithful to the input content","blurry, dull, low quality",0.500000,Low-CFG fidelity prompt with artifact-focused negative prompt.,,prompt_negative_cfg,0,0,completed,,2c9244cf3b2ed450cfd7b151bfc84adf2a6c2e96711dcc9cfe0ed392492649a6,results_test/UDM10,2.214148294814569,2,2,0.112665922103389,0,0,26.49766592210339,0.112665922103389,0.004270074743353761,0.7834751210935028,0.00957512109350278,0.012372556006593592,0.24992533854899865,0.0007253385489986441,-0.002910668334665506,0.12510549099214616,0.008405490992146158,-0.07202648665078114,0.3945796927617442,-0.01222030723825579,-0.030040086623047666,0.5576108463348881,-0.006089153665111868,-0.01080211755386175,4.947092059888497,0.38729205988849724,-0.08493619454548385,32.55280632794181,1.0301063279418088,-0.032678239108382495,3.13598389356367,0.24488389356367035,0.08470267149654816,65.5936267852783,-0.0725732147217002,-0.0011051837128035456,0.31901892851437286,-0.003581071485627141,-0.01110065556611017,30.155403383316536,-3.352896616683463,0.10006167476963806,0.5602886945009231,0.0028886945009231058,0.005182444386299077,0.9808853566646576,0.0027853566646576233,0.0028477217714524316,0.10884500481188297,0.0057450048118829755,0.05572264609003856,0.7542420206558114,-0.04065797934418869,-0.05114854616201873,84.08099999999999,10.975999999999985,0.15014020928801017,1.8307979752232009,0.23849797522320082,-0.14978206068153038
428,2026-07-28T06:59:22+00:00,2026-07-28T07:05:21+00:00,359.154,c071649625739db2bb0b97ab23b31e3bd61973a49510cb12e1d83b4434e72a39,"best quality, high quality, sharp and clear video, vivid natural colors, pleasing contrast, clean details, stable frames, faithful to the input content","blurry, dull, low quality",1.000000,Low-CFG fidelity prompt with artifact-focused negative prompt.,,prompt_negative_cfg,0,0,completed,,0a5dad0b5d260abf5515f199585e4be72c1a9f1aff87502c5be5420800693d10,results_test/UDM10,2.2147247386452955,2,2,0.11613762271019468,0,0,26.501137622710196,0.11613762271019468,0.0044016533147695535,0.7834640733587905,0.009564073358790504,0.012358280603166434,0.2504944081748685,0.0012944081748685055,-0.005194254313276507,0.12546930140064608,0.008769301400646079,-0.07514397087100325,0.39481598470480217,-0.011984015295197825,-0.02945923130579603,0.5576139750980562,-0.006086024901943765,-0.010796567149093073,4.946351332069226,0.3865513320692262,-0.08477374710935265,32.559139854748366,1.036439854748366,-0.03287915866180137,3.1270365057453033,0.23593650574530356,0.08160786750555275,65.51508562641759,-0.1511143735824163,-0.002301250469532519,0.31886364719079385,-0.003736352809206145,-0.011581998788611733,29.87320202242943,-3.6350979775705667,0.10848350938634807,0.5530853062868119,-0.004314693713188156,-0.0077407493957448075,0.9808834910392761,0.002783491039276109,0.002845814374068203,0.10298335291445256,-0.00011664708554744163,-0.001131397531982945,0.7554155109510302,-0.03948448904896984,-0.049672272045502376,83.98100000000001,10.876000000000005,0.1487723137952261,1.8211986702711633,0.22889867027116328,-0.14375348255426948
429,2026-07-28T07:05:22+00:00,2026-07-28T07:11:31+00:00,369.117,a36fa78248967a489d589381a8174fc641367b9082179088d0262a913a044372,"best quality, high quality, sharp and clear video, vivid natural colors, pleasing contrast, clean details, stable frames, faithful to the input content","blurry, dull, low quality",1.500000,Low-CFG fidelity prompt with artifact-focused negative prompt.,,prompt_negative_cfg,0,0,completed,,c1ed70e453c67950806e744b3bd17806c5de25fb106aa1fd7910aed01de65fed,results_test/UDM10,2.214802539912877,2,2,0.11323547486335883,0,0,26.49823547486336,0.11323547486335883,0.004291660976439599,0.7833318658357706,0.009431865835770603,0.012187447778486371,0.2510709412155613,0.0018709412155612781,-0.007507789789571742,0.12579694063432753,0.009096940634327533,-0.07795150500709111,0.39451333640083186,-0.012286663599168135,-0.030203204521062278,0.5574526684899483,-0.006247331510051635,-0.01108272398448046,4.943298040449272,0.3834980404492718,-0.08410413624485105,32.56883362062661,1.0461336206266125,-0.03318667565362778,3.1160470747178595,0.22494707471785969,0.07780674301057026,65.44808131187195,-0.21811868812805812,-0.00332162799321505,0.31851593623718905,-0.004084063762810952,-0.012659838074429487,29.61245392830141,-3.895846071698589,0.11626510660638079,0.558463168144226,0.0010631681442260232,0.0019073701905741357,0.9808286011219025,0.0027286011219025408,0.002789695452308088,0.10554136410355568,0.0024413641035556793,0.02367957423429369,0.7499003540665174,-0.0449996459334826,-0.056610449029415776,83.809,10.703999999999994,0.14641953354763687,1.8224907625456883,0.23019076254568827,-0.14456494539074813
430,2026-07-28T07:11:31+00:00,2026-07-28T07:17:39+00:00,367.89,2c5f251d19498ff136a9a8b4c2e73bf13be80c1b5866f1da1dd4c813169748cb,"best quality, high quality, sharp and clear video, vivid natural colors, pleasing contrast, clean details, stable frames, faithful to the input content","blurry, dull, low quality",2.000000,Low-CFG fidelity prompt with artifact-focused negative prompt.,,prompt_negative_cfg,0,0,completed,,f21795100292002b7b0e3f6e58790e7a2d0f295d5609e9c65dd75b087e514f35,results_test/UDM10,2.214718689913095,2,2,0.1038625052667399,0,0,26.48886250526674,0.1038625052667399,0.003936422409199921,0.7830688314867188,0.009168831486718765,0.011847566205864794,0.2516529277928414,0.0024529277928413695,-0.00984320944157853,0.12603786183941748,0.009337861839417483,-0.08001595406527406,0.3937420099492996,-0.013057990050700408,-0.03209928724360966,0.5568030242958375,-0.006896975704162478,-0.012235188405468295,4.933945672203178,0.37414567220317796,-0.08205308833790473,32.469020905318516,0.9463209053185153,-0.03002029982579269,3.103143496282639,0.2120434962826394,0.07334353577622338,65.3708250968687,-0.29537490313130377,-0.004498126937927028,0.3180005027642173,-0.004599497235782679,-0.01425758597576776,29.393555081275203,-4.114744918724796,0.12279778200400486,0.5589915424585342,0.001591542458534212,0.0028552968398532688,0.9801686525344848,0.0020686525344848494,0.002114970385936867,0.10819269716739655,0.005092697167396548,0.04939570482440881,0.7558223591302817,-0.03907764086971832,-0.04916044894919904,83.641,10.536000000000001,0.14412146911975926,1.8150063440407394,0.2227063440407393,-0.13986456323603547
431,2026-07-28T07:17:40+00:00,2026-07-28T07:23:52+00:00,372.741,216c7bf557ae7c69fb43792f7a1ac2ea833af08b39771dbbf279ce558e8c8e67,"best quality, high quality, sharp and clear video, vivid natural colors, pleasing contrast, clean details, stable frames, faithful to the input content","blurry, dull, low quality",2.500000,Low-CFG fidelity prompt with artifact-focused negative prompt.,,prompt_negative_cfg,0,0,completed,,6e22e05edd627ff8213976b8040c57a866d3a19203e1261fa03b640b76062688,results_test/UDM10,2.2141677196792093,2,2,0.08749865993376815,0,0,26.47249865993377,0.08749865993376815,0.0033162273994227077,0.7826590151132296,0.008759015113229518,0.011318019270228089,0.2522516439758962,0.0030516439758962177,-0.012245762343082736,0.12616015134319186,0.009460151343191864,-0.08106385041295514,0.3919326693300277,-0.014867330669972312,-0.036547027212321316,0.5555872777777333,-0.008112722222266666,-0.014391914533025841,4.922896931471104,0.36309693147110433,-0.07963001260386515,32.35453806286309,0.8318380628630919,-0.026388541047026173,3.091260544715389,0.20016054471538913,0.06923335225879047,65.27814631308279,-0.38805368691721753,-0.005909489005260202,0.31733227494743566,-0.005267725052564343,-0.01632896792487397,29.168753150201617,-4.339546849798381,0.1295066252181812,0.5462483018636703,-0.011151698136329657,-0.020006634618460094,0.9797320246696473,0.0016320246696472918,0.001668566270981793,0.10013237558305263,-0.0029676244169473676,-0.028783941968451673,0.7436829373702026,-0.051217062629797416,-0.06443208281519362,83.486,10.381,0.1420012311059435,1.8155688466019153,0.22326884660191526,-0.14021782742065894
432,2026-07-28T07:23:54+00:00,2026-07-28T07:30:10+00:00,375.681,c6e60ccea269baaf130381a7438e00d3261b414c92ba299d4f9d604bc78b9211,"best quality, high quality, sharp and clear video, vivid natural colors, pleasing contrast, clean details, stable frames, faithful to the input content","blurry, dull, low quality",3.000000,Low-CFG fidelity prompt with artifact-focused negative prompt.,,prompt_negative_cfg,0,0,completed,,c34ebb522c53b0ffa3fd61b6942ee0282208ae97acf303908c06d0b8ad59c609,results_test/UDM10,2.2131507563730364,2,2,0.06402403431553694,0,0,26.44902403431554,0.06402403431553694,0.0024265315260768214,0.7821238240794257,0.008223824079425679,0.010626468638616977,0.2528690503489587,0.0036690503489586745,-0.014723316007057282,0.12623159885406493,0.009531598854064932,-0.08167608272549214,0.3899531815801897,-0.016846818419810283,-0.04141302463080208,0.5544321076523873,-0.009267892347612716,-0.016441178548186476,4.9112747748344905,0.3514747748344904,-0.07708118225239932,32.28289024085619,0.7601902408561898,-0.0241156449433643,3.0776152910724766,0.18651529107247677,0.06451360764846487,65.19090564481675,-0.4752943551832516,-0.0072380365421366175,0.31638336592624267,-0.006216634073757332,-0.019270409404083484,28.950501669606854,-4.557798330393144,0.1360199810313607,0.5455104768276214,-0.011889523172378569,-0.02133032503117791,0.9796494305133819,0.0015494305133819664,0.0015841228027624644,0.10129120331257582,-0.0018087966874241745,-0.01754409978102982,0.7605197820912198,-0.03438021790878021,-0.04325099749500592,83.408,10.302999999999997,0.14093427262157165,1.8212574245262663,0.22895742452626622,-0.143790381540078
433,2026-07-28T07:30:10+00:00,2026-07-28T07:36:33+00:00,382.744,4026cbebcf69a20902073ec6e7ddf01ebcfca19ae37cbda20ca7792b943c9cb5,"best quality, high quality, sharp and clear video, vivid natural colors, pleasing contrast, clean details, stable frames, faithful to the input content","blurry, dull, low quality",3.500000,Low-CFG fidelity prompt with artifact-focused negative prompt.,,prompt_negative_cfg,0,0,completed,,737de5ac4b5afd92b8378864d1ea9b7add363310cb6394b3722e84fb6b22c64b,results_test/UDM10,2.2118873862141495,2,2,0.03278782260033708,0,0,26.41778782260034,0.03278782260033708,0.0012426690392396088,0.7814435603650571,0.0075435603650571,0.009747461383973512,0.2534669342540925,0.004266934254092497,-0.017122529109520453,0.12619696221043988,0.009496962210439885,-0.08137928200891076,0.3872590139027564,-0.019540986097243584,-0.048035855696272334,0.5529370019512792,-0.010762998048720829,-0.019093485983184014,4.890567934814712,0.3307679348147117,-0.07254000938960298,32.13655885094653,0.6138588509465279,-0.019473549250112708,3.06433082126802,0.17323082126802003,0.059918654238186174,65.0713500545871,-0.5948499454129035,-0.009058692986847167,0.3152285292023612,-0.0073714707976387794,-0.022850188461372534,28.756661495085687,-4.751638504914311,0.14180482163864808,0.5518870621919632,-0.005512937808036855,-0.009890451754640931,0.9795156598091126,0.0014156598091126238,0.0014473569257873672,0.10624360255897045,0.0031436025589704486,0.030490810465280783,0.763448732213144,-0.03145126778685603,-0.039566320023721256,83.309,10.203999999999994,0.1395800560837151,1.8281663931702496,0.2358663931702496,-0.1481293683164288
434,2026-07-28T07:36:34+00:00,2026-07-28T07:42:55+00:00,380.957,f5110425cc5ce287788e3326e06344b5b1032bcefef3ee440c5b23a2525c503f,"best quality, high quality, sharp and clear video, vivid natural colors, pleasing contrast, clean details, stable frames, faithful to the input content","blurry, dull, low quality",4.000000,Low-CFG fidelity prompt with artifact-focused negative prompt.,,prompt_negative_cfg,0,0,completed,,d22be9a1ea8f6388836880ffe3728a369d83fdfb7dbb8dc6604f7d29d7731e03,results_test/UDM10,2.210732741368978,2,2,-0.006420066587388362,0,0,26.378579933412613,-0.006420066587388362,-0.0002433225919040501,0.7806267520187007,0.006726752018700655,0.008692017080631418,0.25411798374787453,0.004917983747874527,-0.019735087270764555,0.12609485407029428,0.009394854070294278,-0.08050431936841712,0.38466490910899254,-0.02213509089100746,-0.05441271113816976,0.5515966758612664,-0.012103324138733607,-0.02147121543149478,4.875321103121517,0.31552110312151704,-0.06919625929240691,31.95309370378656,0.43039370378656017,-0.013653453028660622,3.05032786246269,0.15922786246269016,0.05507518330832215,64.97435883552798,-0.6918411644720237,-0.010535727124030683,0.31387601333760445,-0.008723986662395544,-0.027042736089260833,28.576888545866932,-4.931411454133066,0.14716984908613884,0.550413453578949,-0.00698654642105101,-0.01253417011311627,0.9786354064941406,0.0005354064941406333,0.0005473944322059435,0.10588403902947903,0.0027840390294790324,0.027003288355761712,0.7432444789245394,-0.051655521075460675,-0.06498367225495115,83.249,10.143999999999991,0.13875931878804446,1.8395225596759701,0.24722255967597007,-0.15526129477860331
435,2026-07-28T07:42:57+00:00,2026-07-28T07:49:23+00:00,385.806,73df2e3532dd511c97f0316dc21bca6951ddf0dbdca7eacaadeb3ee3dddfe320,"best quality, high quality, sharp and clear video, vivid natural colors, pleasing contrast, clean details, stable frames, faithful to the input content","blurry, dull, low quality",4.500000,Low-CFG fidelity prompt with artifact-focused negative prompt.,,prompt_negative_cfg,0,0,completed,,79aa17f7f0dad2580db61fb586705e8afca0b397679ddb72c278b79699bab0aa,results_test/UDM10,2.2093345754264964,2,2,-0.05332992184547081,0,0,26.33167007815453,-0.05332992184547081,-0.002021221218323699,0.7796642730845367,0.005764273084536642,0.007448343564461354,0.25479205969360563,0.005592059693605628,-0.02244004692458117,0.1259584867185162,0.009258486718516201,-0.07933579021864783,0.38255377666604135,-0.02424622333395865,-0.05960231891336935,0.5497969005377062,-0.013903099462293733,-0.024664004722891136,4.854128844701597,0.2943288447015968,-0.06454863035694478,31.78413957713236,0.26143957713236077,-0.008293692390955114,3.035131742492799,0.14403174249279926,0.049819010927605156,64.86309394836427,-0.8031060516357371,-0.01223012831008551,0.31238762075381893,-0.01021237924618107,-0.03165647627458484,28.416055790070565,-5.092244209929433,0.15196963766975446,0.5487748891115188,-0.008625110888481169,-0.015473826495301702,0.9783209443092347,0.0002209443092346941,0.00022589132934740222,0.10571820437908172,0.0026182043790817233,0.025394804840753866,0.7560162723407993,-0.038883727659200784,-0.04891650227601054,83.16300000000001,10.058000000000007,0.13758292866425015,1.8466284747410096,0.2543284747410095,-0.15972396831062582
436,2026-07-28T07:49:25+00:00,2026-07-28T07:56:06+00:00,401.214,ae29e7c208c410bb13079fce619246ff71ea00b630977ea3a3b9c034816c056e,"best quality, high quality, sharp and clear video, vivid natural colors, pleasing contrast, clean details, stable frames, faithful to the input content","blurry, dull, low quality",5.000000,Low-CFG fidelity prompt with artifact-focused negative prompt.,,prompt_negative_cfg,0,0,completed,,a4949e5ebc49f2bec194a667e2addddab9aa1596ed1fc8b5b2e0d1d463ab8264,results_test/UDM10,2.207812953747416,2,2,-0.10732926276422816,0,0,26.277670737235773,-0.10732926276422816,-0.004067813635180146,0.7785625963937117,0.004662596393711693,0.0060248047470108455,0.2554793988745059,0.006279398874505876,-0.025198229833490675,0.12584011996946026,0.009140119969460264,-0.07832150787883688,0.3800483382036609,-0.026751661796339088,-0.06576121385530749,0.5476626601911361,-0.016037339808863904,-0.028450132710420267,4.830842998272169,0.2710429982721685,-0.05944186110622582,31.55664943658523,0.0339494365852282,-0.0010769837794740995,3.021804493088876,0.1307044930888761,0.04520926051982848,64.75807886431294,-0.9081211356870682,-0.013829354153081314,0.31062463120587414,-0.011975368794125862,-0.037121415976831565,28.290370227444555,-5.217929772555443,0.1557205161871967,0.5408253818750381,-0.01657461812496186,-0.02973559046458891,0.9777557790279389,-0.00034422097206110447,-0.0003519281996330687,0.10136507861316205,-0.001734921386837951,-0.016827559523161503,0.7524328349875795,-0.04246716501242054,-0.05342453769332059,82.965,9.86,0.134874495588537,1.8622218987487336,0.2699218987487335,-0.16951698721894964
437,2026-07-28T08:04:15+00:00,2026-07-28T08:10:24+00:00,368.604,c46f4b4cdc0113829e51a323ca488bbd3387488c60b9979360de30ead5c47f6e,"photorealistic high image quality video restoration, natural sharpness, vivid but realistic colors, balanced contrast, clean pleasing frames, faithful original content, stable motion","low aesthetic score, low image quality, blurry, dull, flat, noisy, artifacts",2.000000,Low-CFG fidelity prompt with artifact-focused negative prompt.,,prompt_negative_cfg,0,0,completed,,4db08e200d34f9602876a72b369a18de8d097d82004fcd5ad6d6293137c98fc7,results_test/UDM10,3.2150249062717124,3,2,0.08665800525295708,0,0,26.47165800525296,0.08665800525295708,0.003284366316200761,0.7830401199653407,0.009140119965340698,0.01181046642375074,0.2500210577201459,0.0008210577201458735,-0.003294774157888738,0.12482097591123273,0.00812097591123273,-0.06958848252984345,0.3965905932168806,-0.010209406783119379,-0.025096870164993557,0.5577634655660197,-0.005936534433980234,-0.010531372066667082,4.950458296768312,0.3906582967683123,-0.08567443676659334,32.629568704006275,1.1068687040062741,-0.035113385084598533,3.14738079847828,0.2562807984782802,0.08864473677087623,65.74719289964244,0.08099289964243894,0.0012334031761003215,0.31977361171476304,-0.002826388285236958,-0.008761278007554118,30.331743006552422,-3.1765569934475764,0.09479910927882275,0.5532150417566299,-0.004184958243370063,-0.007507998283764016,0.9810198724269867,0.0029198724269867693,0.002985249388597045,0.10129538737237453,-0.0018046126276254626,-0.017503517241760063,0.7642702677927763,-0.03062973220722376,-0.03853281193511606,83.629,10.524000000000001,0.14395732166062514,1.836240511838696,0.24394051183869592,-0.15320009535809578
438,2026-07-28T08:10:25+00:00,2026-07-28T08:16:38+00:00,373.023,566f7c53cf87f3785e909d0d290554468a59c465f6ecab7f28a3a69e4255560a,"photorealistic high image quality video restoration, natural sharpness, vivid but realistic colors, balanced contrast, clean pleasing frames, faithful original content, stable motion","low aesthetic score, low image quality, blurry, dull, flat, noisy, artifacts",2.500000,Low-CFG fidelity prompt with artifact-focused negative prompt.,,prompt_negative_cfg,0,0,completed,,615d015a56f64e0d720c7211fb37ef5338c2f62bdd617b9cfef831421cfcdbea,results_test/UDM10,3.2144143696601817,3,2,0.05752215354672785,0,0,26.44252215354673,0.05752215354672785,0.0021801081503402633,0.7825547950270438,0.008654795027043805,0.011183350597032956,0.2500305085412918,0.000830508541291769,-0.003332698801331336,0.12471557894060688,0.00801557894060688,-0.06868533796578304,0.39693527433180037,-0.009864725668199625,-0.024249571455751292,0.5579616472605735,-0.005738352739426467,-0.010179799076506062,4.947259330928539,0.38745933092853857,-0.08497287840004793,32.80216147755937,1.279461477559373,-0.04058857513979998,3.161237049102783,0.27013704910278324,0.09343746293894478,65.82919385356288,0.16299385356288099,0.0024821575416710726,0.32007195367928476,-0.002528046320715238,-0.00783647340581289,30.565085527973793,-2.943214472026206,0.08783538621852514,0.5578523993492126,0.0004523993492125955,0.0008116242361187576,0.980653977394104,0.0025539773941040123,0.0026111618383641883,0.1067864302545786,0.0036864302545785987,0.03575587055847332,0.7641934928679881,-0.03070650713201195,-0.03862939631653283,83.817,10.711999999999989,0.14652896518705955,1.8515405684593134,0.2592405684593133,-0.16280887298832714
439,2026-07-28T08:16:39+00:00,2026-07-28T08:22:40+00:00,360.825,babff9e085699c4850e56cf467e0bd5f33b56ae9199f1cbba49d7d53a710c828,"photorealistic high image quality video restoration, natural sharpness, vivid but realistic colors, balanced contrast, clean pleasing frames, faithful original content, stable motion","low aesthetic score, low image quality, blurry, dull, flat, noisy, artifacts",3.000000,Low-CFG fidelity prompt with artifact-focused negative prompt.,,prompt_negative_cfg,0,0,completed,,450b9431939effa1a55af4d7a4ebee5c0eefe381f0763b2c5c105d7b37a6da11,results_test/UDM10,3.21317986076362,3,2,0.02286649642452332,0,0,26.407866496424525,0.02286649642452332,0.0008666475809938722,0.7819703137993745,0.008070313799374507,0.010428109315640918,0.2500638571477706,0.0008638571477705692,-0.003466521459753488,0.12460166638897312,0.00790166638897312,-0.06770922355589648,0.39643986326071523,-0.010360136739284764,-0.025467396114269333,0.557169373285386,-0.0065306267146140184,-0.011585287767631753,4.942335588143007,0.38253558814300703,-0.0838930628849965,32.89991628234431,1.3772162823443068,-0.043689667520368076,3.1725542826037256,0.28145428260372585,0.0973519707390702,65.90325864976452,0.23705864976452062,0.0036100558546789765,0.32003899055623236,-0.0025610094437676367,-0.007938652956502285,30.82837307837702,-2.679926921622979,0.07997800311036307,0.5567234009504318,-0.0006765990495681828,-0.0012138483128241529,0.9808382272720337,0.0027382272720337664,0.0027995371352967655,0.10675224028527737,0.003652240285277372,0.035424251069615637,0.7641815984619367,-0.030718401538063378,-0.03864435971576723,83.811,10.706000000000003,0.14644689145749268,1.865237132878974,0.27293713287897403,-0.171410621666127
440,2026-07-28T08:22:41+00:00,2026-07-28T08:28:53+00:00,372.491,52b36b929289152ed8437e6686723e0d19df28026ba15d691c382fdad687e24b,"photorealistic high image quality video restoration, natural sharpness, vivid but realistic colors, balanced contrast, clean pleasing frames, faithful original content, stable motion","low aesthetic score, low image quality, blurry, dull, flat, noisy, artifacts",3.500000,Low-CFG fidelity prompt with artifact-focused negative prompt.,,prompt_negative_cfg,0,0,completed,,8479ed0e10c1034ed71d54bdf437955a38e7952db12a7ef55574fdaa36224fb3,results_test/UDM10,3.21117415387245,3,2,-0.01800116754347414,0,0,26.366998832456527,-0.01800116754347414,-0.0006822500490230865,0.7812705977193757,0.007370597719375649,0.00952396655818019,0.2501696302044776,0.0009696302044775729,-0.003890971928080148,0.12440576495662811,0.007705764956628114,-0.06603054804308581,0.39501348200344266,-0.011786517996557333,-0.02897374138780072,0.5559916319385652,-0.007708368061434823,-0.013674592977532062,4.938164290337331,0.37836429033733054,-0.08297826447154054,33.03845770858196,1.5157577085819582,-0.04808464086458197,3.182589068720417,0.29148906872041724,0.1008228939574616,65.96210715386175,0.29590715386174793,0.004506232336601599,0.31988225084158683,-0.002717749158413163,-0.008424516920065602,31.09411266696069,-2.414187333039308,0.07204744296306612,0.556837597489357,-0.0005624025106429897,-0.0010089747230767666,0.9802839398384094,0.0021839398384094766,0.0022328390127895684,0.10727885775268078,0.004178857752680787,0.04053208295519677,0.7545373897659357,-0.0403626102340644,-0.05077696595051503,83.791,10.685999999999993,0.14617331235893566,1.8802923640032532,0.2879923640032531,-0.18086564341094838
441,2026-07-28T08:28:54+00:00,2026-07-28T08:35:03+00:00,368.964,9fe59dba959461122892999bfd3aab890776622610b1d3960042bb3a01f5c5e1,"photorealistic high image quality video restoration, natural sharpness, vivid but realistic colors, balanced contrast, clean pleasing frames, faithful original content, stable motion","low aesthetic score, low image quality, blurry, dull, flat, noisy, artifacts",4.000000,Low-CFG fidelity prompt with artifact-focused negative prompt.,,prompt_negative_cfg,0,0,completed,,c905d9de2c7a9361a391a229854070d9e29ab57370a976046aa9eaf72e919da7,results_test/UDM10,3.2095227198684935,3,2,-0.06453541048111688,0,0,26.320464589518885,-0.06453541048111688,-0.0024459128474935334,0.7804662844615764,0.006566284461576366,0.008484667866102037,0.250340137077916,0.0011401370779160203,-0.004575188916195908,0.1242471448836788,0.007547144883678802,-0.0646713357641714,0.3943789545086122,-0.012421045491387783,-0.030533543489153842,0.5551050727405855,-0.008594927259414464,-0.01524734301829779,4.9302446240713085,0.3704446240713084,-0.08124141937613676,33.09751833297347,1.5748183329734715,-0.049958231146871035,3.190150655854133,0.29905065585413304,0.10343836458584382,66.00405675826535,0.337856758265346,0.005145063339516311,0.3194710859608265,-0.0031289140391734804,-0.009699051578343089,31.380061192666336,-2.1282388073336627,0.06351378038675978,0.560259735584259,0.0028597355842590044,0.005130490822136714,0.9803199112415314,0.002219911241531425,0.002269615828168311,0.10845844373106957,0.00535844373106957,0.05197326606275044,0.7593756691591107,-0.03552433084088935,-0.044690314304804815,83.728,10.62299999999999,0.1453115381984815,1.8972864596677634,0.3049864596677634,-0.1915383154353849
442,2026-07-28T08:35:04+00:00,2026-07-28T08:41:15+00:00,370.744,9b0a56a463fcd30a7e0cd7a31ad577463cedf1e2a3269a0c66d1f498fd2baffa,"photorealistic high image quality video restoration, natural sharpness, vivid but realistic colors, balanced contrast, clean pleasing frames, faithful original content, stable motion","low aesthetic score, low image quality, blurry, dull, flat, noisy, artifacts",4.250000,Low-CFG fidelity prompt with artifact-focused negative prompt.,,prompt_negative_cfg,0,0,completed,,895529ff879bdd55cc81c62b1becb2c61e16317d516094e6aff39772a98b59b5,results_test/UDM10,3.2085172840156866,3,2,-0.08978446099066062,0,0,26.29521553900934,-0.08978446099066062,-0.003402859995856002,0.7800318716891298,0.006131871689129764,0.00792333853098561,0.25045922735045034,0.001259227350450337,-0.005053079255418688,0.12418760157400562,0.007487601574005617,-0.06416111031710041,0.393980166796715,-0.012819833203285003,-0.03151384759902901,0.5542697213349804,-0.009430278665019554,-0.01672925078059172,4.929215975834384,0.369415975834384,-0.08101582872809861,33.1341691402342,1.611469140234199,-0.051120910970005706,3.1943686250717414,0.30326862507174157,0.10489731419589139,66.02686608222223,0.36066608222222385,0.005492415919030245,0.31915626117298684,-0.003443738827013154,-0.010674949866748773,31.522255780619965,-1.9860442193800338,0.05927021721125912,0.5579770773649215,0.0005770773649215188,0.0010353020540393232,0.9800479233264923,0.0019479233264922957,0.001991538008886919,0.10782630667090416,0.004726306670904165,0.04584196577016649,0.766931799244526,-0.027968200755474015,-0.03518455246631528,83.80499999999998,10.699999999999974,0.14636481772792523,1.8990730582542408,0.3067730582542407,-0.19266033929174195
443,2026-07-28T08:41:15+00:00,2026-07-28T08:47:24+00:00,368.739,dfb9fe7ab4ca4632bd59ef0ffe6b156a8b3fc259da78beb8d10eb605ffca7126,"photorealistic high image quality video restoration, natural sharpness, vivid but realistic colors, balanced contrast, clean pleasing frames, faithful original content, stable motion","low aesthetic score, low image quality, blurry, dull, flat, noisy, artifacts",4.500000,Low-CFG fidelity prompt with artifact-focused negative prompt.,,prompt_negative_cfg,0,0,completed,,b45c036a54072b2c1fcc81b05b8147260862c093d3f6b08319a146036b9a757a,results_test/UDM10,3.207168071206245,3,2,-0.11685168850806704,0,0,26.268148311491935,-0.11685168850806704,-0.004428716638547168,0.7795641182793925,0.005664118279392505,0.007318927871033085,0.2505915923705024,0.0013915923705023758,-0.005584239046959774,0.12409853839105178,0.007398538391051784,-0.06339792965768452,0.3932923152081428,-0.01350768479185721,-0.03320473154340514,0.5534683677457994,-0.01023163225420054,-0.018150846645734506,4.92684707860921,0.36704707860921015,-0.08049631093670997,33.20789336182856,1.68519336182856,-0.0534596770526814,3.1981142428613483,0.3070142428613485,0.10619288259186763,66.03337765355263,0.36717765355263055,0.005591577608459611,0.3188453655810125,-0.0037546344189874903,-0.011638668378758495,31.67050505607359,-1.8377949439264079,0.05484596186396827,0.5443369090557099,-0.013063090944290146,-0.02343575698652699,0.9796618163585663,0.001561816358566337,0.0015967859713386535,0.1018374040722847,-0.0012625959277152987,-0.012246323256210462,0.7593287942126743,-0.035571205787325755,-0.04474928391914172,83.734,10.62899999999999,0.14539361192804856,1.909992904693354,0.3176929046933539,-0.1995182469970193
444,2026-07-28T08:47:25+00:00,2026-07-28T08:53:32+00:00,367.239,d897d3b34c48fd4810dd5f519949cf096fb89b9a407073a808a2ee69c4807f1e,"photorealistic high image quality video restoration, natural sharpness, vivid but realistic colors, balanced contrast, clean pleasing frames, faithful original content, stable motion","low aesthetic score, low image quality, blurry, dull, flat, noisy, artifacts",4.750000,Low-CFG fidelity prompt with artifact-focused negative prompt.,,prompt_negative_cfg,0,0,completed,,8b6b9cc7e8c9e8f8818f9c1f22c076cf88590b029347387d03184a219ff1f0d9,results_test/UDM10,3.206104897404301,3,2,-0.14519690113683126,0,0,26.23980309886317,-0.14519690113683126,-0.005503009328665198,0.7790791946609977,0.005179194660997699,0.00669233061247926,0.2507787424710489,0.0015787424710489162,-0.006335242660709936,0.12406855167881137,0.007368551678811369,-0.06314097411149416,0.3925048009041817,-0.014295199095818278,-0.03514060741351593,0.5527047254385486,-0.01099527456145133,-0.019505542950951447,4.920412708303587,0.36061270830358705,-0.07908520292635357,33.21578876329596,1.693088763295961,-0.05371014422292383,3.2017905939009887,0.31069059390098897,0.10746449237348725,66.05628316325526,0.39008316325525527,0.0059403949559325075,0.3184413946443988,-0.004158605355601197,-0.01289090314817482,31.813564374369964,-1.6947356256300345,0.050576592236252944,0.5482683211565018,-0.009131678843498192,-0.016382631581446344,0.9796031951904297,0.0015031951904297403,0.001536852254810081,0.10318441279232501,8.441279232501708e-05,0.0008187467732785362,0.7604064766941463,-0.03449352330585376,-0.04339353793666342,83.517,10.411999999999992,0.14242527870870653,1.9260315788172497,0.3337315788172497,-0.20959089293302122
445,2026-07-28T08:53:33+00:00,2026-07-28T08:59:41+00:00,368.316,eaacb667246fde6f38dc49c4e667be77ca952c08e7b2914ea2a765d285c27552,"photorealistic high image quality video restoration, natural sharpness, vivid but realistic colors, balanced contrast, clean pleasing frames, faithful original content, stable motion","low aesthetic score, low image quality, blurry, dull, flat, noisy, artifacts",5.000000,Low-CFG fidelity prompt with artifact-focused negative prompt.,,prompt_negative_cfg,0,0,completed,,3c87a56cc482b8a670a8daf4e63b6ad9ef1c288a845ec0304c9d1b053d22013b,results_test/UDM10,3.2048647720488743,3,2,-0.17451691042992934,0,0,26.210483089570072,-0.17451691042992934,-0.006614247126394896,0.778571083080624,0.004671083080623917,0.0060357708755962225,0.2509488989989604,0.0017488989989603854,-0.007018053767898817,0.12403691834019075,0.007336918340190748,-0.06286990865630461,0.3917668460838256,-0.01503315391617438,-0.03695465564447979,0.5516262731244488,-0.012073726875551194,-0.021418710086129493,4.9187969469152915,0.3589969469152914,-0.07873085374693876,33.2077095671441,1.6850095671440997,-0.053453846502491846,3.201862562856366,0.3107625628563664,0.10748938565126298,66.06164457874914,0.3954445787491352,0.00602204145738805,0.31808203076643327,-0.004517969233566732,-0.014004864332196937,31.954384293094755,-1.5539157069052436,0.04637405379876758,0.553633040189743,-0.003766959810256987,-0.006758090797016481,0.9795336365699768,0.0014336365699768594,0.001465736192594683,0.10896200090646743,0.005862000906467435,0.05685742877272003,0.7502319777218986,-0.044668022278101405,-0.05619325987935766,83.529,10.423999999999992,0.14258942616784068,1.9329367874403638,0.34063678744036374,-0.21392751833220106
446,2026-07-28T08:59:42+00:00,2026-07-28T09:05:58+00:00,376.42,9de305faa303ef78a647891a0bb5959d2b53ed3965a3115026e3d1e82c2cce4a,"photorealistic high image quality video restoration, natural sharpness, vivid but realistic colors, balanced contrast, clean pleasing frames, faithful original content, stable motion","low aesthetic score, low image quality, blurry, dull, flat, noisy, artifacts",5.500000,Low-CFG fidelity prompt with artifact-focused negative prompt.,,prompt_negative_cfg,0,0,completed,,fe9d3762dd6b3a531cf34576aaa9732a2f60576980401ab2172795c9f8267f09,results_test/UDM10,3.2023000676514815,3,2,-0.23770837353122332,0,0,26.14729162646878,-0.23770837353122332,-0.009009223935236812,0.7774765347070239,0.003576534707023904,0.00462144296036168,0.25142416141686896,0.0022241614168689583,-0.008925206327724552,0.12401772987458015,0.007317729874580153,-0.06270548307266627,0.3903946853453113,-0.016405314654688696,-0.04032771547366936,0.5499408287386741,-0.013759171261325864,-0.024408677064619237,4.907574878068646,0.3477748780686456,-0.07626976579425536,33.253985303444054,1.7312853034440536,-0.054921859594643026,3.2066056016952764,0.31550560169527664,0.10912995112423529,66.08171679589056,0.4155167958905537,0.006327711911006784,0.3171601926607471,-0.005439807339252922,-0.016862391008223565,32.26301584551411,-1.245284154485887,0.0371634536662823,0.5542356818914413,-0.0031643181085586614,-0.005676925203729209,0.9791349768638611,0.0010349768638611145,0.0010581503566722366,0.10939313359558582,0.006293133595585823,0.06103912313856279,0.7534781125338996,-0.04142188746610043,-0.052109557763366995,83.56499999999998,10.45999999999998,0.14308186854524285,1.9535112813173328,0.3612112813173327,-0.22684876048315814
447,2026-07-28T09:05:59+00:00,2026-07-28T09:12:06+00:00,366.504,ac5b7c626dd58de6001d4b36e76632278bb6b1270eecf71ea219386edb149f46,"photorealistic high image quality video restoration, natural sharpness, vivid but realistic colors, balanced contrast, clean pleasing frames, faithful original content, stable motion","low aesthetic score, low image quality, blurry, dull, flat, noisy, artifacts",6.000000,Low-CFG fidelity prompt with artifact-focused negative prompt.,,prompt_negative_cfg,0,0,completed,,2101559650ce8470e9d65c98df7454a2815b647253adcc82cdab1f829399cf7e,results_test/UDM10,3.1992629454466117,3,2,-0.3058518366659868,0,0,26.079148163334015,-0.3058518366659868,-0.011591883140647595,0.7762959655013777,0.0023959655013776615,0.003095962658454143,0.2519904062872933,0.0027904062872932955,-0.011197457011610335,0.12406388636558288,0.0073638863655828835,-0.06310099713438631,0.3883444700510271,-0.01845552994897287,-0.04536757607908769,0.5477182570965059,-0.01598174290349408,-0.028351504175082632,4.90447767760752,0.3446776776075202,-0.07559052537556915,33.284691915790276,1.7619919157902757,-0.05589597070651549,3.209214084379135,0.31811408437913524,0.11003219687286336,66.08256711652203,0.41636711652202507,0.006340661048180419,0.31612116213767766,-0.00647883786232234,-0.020083192381656356,32.56450510332661,-0.9437948966733885,0.028166003547580407,0.5457270741462708,-0.011672925853729255,-0.020941739960045308,0.9783940494060517,0.0002940494060517107,0.0003006332747691552,0.1046705212444067,0.0015705212444067085,0.015232989761461771,0.7639179031329909,-0.030982096867009146,-0.03897609368097766,83.547,10.441999999999993,0.14283564735654186,1.9845995650878951,0.3922995650878951,-0.24637289775035803
448,2026-07-28T09:12:07+00:00,2026-07-28T09:18:14+00:00,366.75,a9603796a5542b90b0469e449bd48d11c2f30b307e6e643df79e257afbf22236,"photorealistic high image quality video restoration, natural sharpness, vivid but realistic colors, balanced contrast, clean pleasing frames, faithful original content, stable motion","unaesthetic, low quality, blur, dull colors, bad contrast, artifacts",2.000000,Low-CFG fidelity prompt with artifact-focused negative prompt.,,prompt_negative_cfg,0,0,completed,,c3e6b255dfb0f88924a5a816d21a73d3f20cf37a7b1f9d9490fc31fa65cb5a11,results_test/UDM10,3.2173800693883563,3,2,0.07897909964284722,0,0,26.46397909964285,0.07897909964284722,0.0029933333197971275,0.7826927161064556,0.0087927161064556,0.011361566231367876,0.2501655254873537,0.0009655254873537078,-0.003874500350536548,0.12473180697810267,0.00803180697810267,-0.06882439569925168,0.3962407656254307,-0.010559234374569293,-0.02595681999648302,0.5582228017430152,-0.005477198256984783,-0.009716512785142422,4.932042199367525,0.3722421993675251,-0.08163564177541233,32.42847672476212,0.90577672476212,-0.028734109856139226,3.153804826351904,0.26270482635190406,0.09086673804154269,65.77958439242455,0.11338439242454967,0.0017266781452946823,0.32005338546249174,-0.0025466145375082627,-0.00789403142439015,30.111612430695562,-3.3966875693044365,0.1013685435938092,0.5560218811035156,-0.001378118896484426,-0.002472405626990359,0.9811736285686493,0.0030736285686493447,0.0031424481838762345,0.10379382409155369,0.0006938240915536908,0.006729622614487787,0.75100150753255,-0.043898492467450034,-0.055225176081834235,83.835,10.72999999999999,0.14677518637576076,1.8308682163721337,0.23856821637213366,-0.14982617369348342
449,2026-07-28T09:18:15+00:00,2026-07-28T09:24:54+00:00,398.669,3f56d9fb60553f91eb678fae979c209098abaf93c072be8f51ce8839e1c70e53,"photorealistic high image quality video restoration, natural sharpness, vivid but realistic colors, balanced contrast, clean pleasing frames, faithful original content, stable motion","unaesthetic, low quality, blur, dull colors, bad contrast, artifacts",2.500000,Low-CFG fidelity prompt with artifact-focused negative prompt.,,prompt_negative_cfg,0,0,completed,,0bfdd9ac8ce65535784b72e1173a4e4e1e4f2ed2727be88407d821a3ce60334e,results_test/UDM10,3.2182217803258104,3,2,0.04720530479184504,0,0,26.432205304791847,0.04720530479184504,0.0017890962589291277,0.7820293503073451,0.008129350307345073,0.010504393729609863,0.25023195003309556,0.0010319500330955578,-0.004141051497173185,0.12457660340493726,0.00787660340493726,-0.0674944593396509,0.39646254374134926,-0.010337456258650735,-0.02541164272038037,0.5584815192607142,-0.005218480739285769,-0.009257549652804275,4.927420775813374,0.36762077581337405,-0.08062212724535595,32.435119051804165,0.9124190518041644,-0.028944825532208993,3.170730975366408,0.27963097536640813,0.09672130862523197,65.87054407673499,0.20434407673498356,0.00311186084675196,0.32052316744962045,-0.002076832550379548,-0.006437794638498289,30.23215647051411,-3.276143529485889,0.09777110535258098,0.5609601318836213,0.0035601318836212537,0.006387032442808134,0.9813288927078248,0.003228892707824782,0.00330118874125834,0.1080501351505518,0.0049501351505518015,0.04801295005384871,0.7542631128527532,-0.04063688714724689,-0.05112201175902238,83.727,10.622,0.1452978592435538,1.8452743289526552,0.25297432895265515,-0.15887353448009492
450,2026-07-28T09:24:55+00:00,2026-07-28T09:31:06+00:00,370.529,a8368651add506e9be2272653cac3b22ffde43bc9a1896621b98d971055ec40b,"photorealistic high image quality video restoration, natural sharpness, vivid but realistic colors, balanced contrast, clean pleasing frames, faithful original content, stable motion","unaesthetic, low quality, blur, dull colors, bad contrast, artifacts",3.000000,Low-CFG fidelity prompt with artifact-focused negative prompt.,,prompt_negative_cfg,0,0,completed,,e4afddff358cadde0e28a64e9ccddb782ffc5d44f1c43de37f3c19f1797a548d,results_test/UDM10,3.218229138921875,3,2,0.009974523974999983,0,0,26.394974523975,0.009974523974999983,0.0003780376719727111,0.7812658612634691,0.0073658612634690535,0.009517846315375441,0.25036915444558666,0.0011691544455866565,-0.004691631001551591,0.12439449641012376,0.007694496410123763,-0.06593398809017792,0.3956621898278113,-0.011137810172188678,-0.027379081052577872,0.5576486609635815,-0.006051339036418524,-0.010735034657474763,4.9177423874983885,0.35794238749838847,-0.07849958057335595,32.43844205513143,0.9157420551314317,-0.02905024173473185,3.1858904434788613,0.2947904434788615,0.10196480352767512,65.95928875092537,0.2930887509253637,0.004463312189914502,0.32086747678056843,-0.0017325232194315698,-0.005370499750252851,30.368213284400202,-3.1400867155997965,0.09371071393057233,0.5636695563793183,0.006269556379318253,0.011247858592246597,0.9809959471225739,0.0028959471225739053,0.0029607883882771754,0.10995352305471898,0.00685352305471898,0.0664745204143451,0.7600510719561968,-0.03484892804380324,-0.04384064416128222,83.95600000000002,10.851000000000013,0.14843033992203014,1.856052283013317,0.263752283013317,-0.1656423305993324
451,2026-07-28T09:31:08+00:00,2026-07-28T09:37:12+00:00,364.947,e93556674d10c58f35c9569e8c67d3a0e14277b534c11b9dca430160ec7a1388,"photorealistic high image quality video restoration, natural sharpness, vivid but realistic colors, balanced contrast, clean pleasing frames, faithful original content, stable motion","unaesthetic, low quality, blur, dull colors, bad contrast, artifacts",3.500000,Low-CFG fidelity prompt with artifact-focused negative prompt.,,prompt_negative_cfg,0,0,completed,,da945baec2e1d29bee22a2b404ea68085f057a2a81427bc26517c7ebe7c4ce49,results_test/UDM10,3.2178937864327044,3,2,-0.032073456548879165,0,0,26.352926543451122,-0.032073456548879165,-0.0012155943357543741,0.7804206602198231,0.006520660219823116,0.008425714200572575,0.2505534690954993,0.001353469095499299,-0.005431256402485148,0.12415624664675806,0.0074562466467580635,-0.06389243056347955,0.3948418975837769,-0.011958102416223082,-0.029395531996615248,0.5566372772378307,-0.007062722762169238,-0.012529222569042466,4.904835285507017,0.34503528550701734,-0.07566895160029329,32.44278747566074,0.9200874756607362,-0.029188092252907784,3.199257875642469,0.3081578756424692,0.10658845271435413,66.03044105037567,0.3642410503756679,0.005546857445316889,0.3210218344484606,-0.00157816555153939,-0.004892019688590794,30.52183719758064,-2.986462802419357,0.0891260613764159,0.5518794983625412,-0.005520501637458763,-0.009904021595727957,0.9808519601821899,0.0027519601821899276,0.0028135775300990977,0.10250935815274716,-0.0005906418472528402,-0.0057288249006095075,0.7635202407553414,-0.031379759244658634,-0.03947636085628209,84.07300000000001,10.968000000000004,0.1500307776485877,1.8723147887309703,0.2800147887309703,-0.17585554778055032
452,2026-07-28T09:37:14+00:00,2026-07-28T09:43:34+00:00,380.417,5ea2866ab950c6ad393b5076a65b43d630993d329a45e651bf83b2c618505b01,"photorealistic high image quality video restoration, natural sharpness, vivid but realistic colors, balanced contrast, clean pleasing frames, faithful original content, stable motion","unaesthetic, low quality, blur, dull colors, bad contrast, artifacts",4.000000,Low-CFG fidelity prompt with artifact-focused negative prompt.,,prompt_negative_cfg,0,0,completed,,d4e650c76f0db53009452d19676cb04c477f9d00b42924ac5539e9c29ef9a4bc,results_test/UDM10,3.217485454335689,3,2,-0.07924308653800693,0,0,26.305756913461995,-0.07924308653800693,-0.003003338508167782,0.7794730532489145,0.005573053248914439,0.007201257590017365,0.25080601791701007,0.0016060179170100664,-0.006444694691051631,0.12398422764193626,0.007284227641936258,-0.062418403101424665,0.3938784837722778,-0.012921516227722196,-0.03176380586952359,0.5555866060718413,-0.008113393928158685,-0.014393106134750196,4.891921808976583,0.3321218089765825,-0.07283692464068216,32.44068101998538,0.9179810199853762,-0.02912126879948025,3.2127783771484126,0.32167837714841285,0.11126504691930852,66.09551360837875,0.42931360837874877,0.006537817147615497,0.3210134011122488,-0.0015865988877512005,-0.004918161462340981,30.667075667842745,-2.8412243321572532,0.08479165854899393,0.5487147569656372,-0.0086852430343628,-0.015581706197278077,0.9803400456905365,0.002240045690536485,0.00229020109450617,0.10321933254599572,0.00011933254599572063,0.001157444675031238,0.7593068095099211,-0.03559319049007892,-0.04477694111218885,83.893,10.787999999999997,0.14756856576157576,1.8832424214633647,0.2909424214633647,-0.18271834545209112
453,2026-07-28T09:43:35+00:00,2026-07-28T09:49:46+00:00,370.757,de29cb7774a9f5c4f25c2107871ce3410cce152a47837e4970096f63227ee4d9,"photorealistic high image quality video restoration, natural sharpness, vivid but realistic colors, balanced contrast, clean pleasing frames, faithful original content, stable motion","unaesthetic, low quality, blur, dull colors, bad contrast, artifacts",4.250000,Low-CFG fidelity prompt with artifact-focused negative prompt.,,prompt_negative_cfg,0,0,completed,,cf581e54cf41a9aaa469128c1351859c8cd5dc51229552c59ee6855db8776e90,results_test/UDM10,3.216785218284196,3,2,-0.10441012105634329,0,0,26.28058987894366,-0.10441012105634329,-0.003957177224041815,0.7789711024631627,0.005071102463162669,0.0065526585646242,0.25094856994767345,0.001748569947673445,-0.007016733337373375,0.12390871394065117,0.0072087139406511735,-0.06177132768338624,0.3927991379653254,-0.0140008620346746,-0.03441706498199262,0.5549205236857937,-0.00877947631420628,-0.015574731797421111,4.881242497430486,0.32144249743048636,-0.07049486763245896,32.436819142363916,0.9141191423639157,-0.028998757795617624,3.2174358748620557,0.32633587486205595,0.11287602464876897,66.12829527085827,0.4620952708582706,0.007037033829554179,0.32087574916020517,-0.0017242508397948275,-0.005344856911949248,30.763337559853834,-2.744962440146164,0.08191888099802629,0.5575404167175293,0.0001404167175292903,0.0002519137379427526,0.9804631531238556,0.002363153123855599,0.002416064946176873,0.10665772296488285,0.0035577229648828534,0.03450749723455726,0.7580212858349038,-0.03687871416509625,-0.046394155447347145,84.09700000000001,10.992000000000004,0.15035907256685593,1.8948349566198885,0.3025349566198885,-0.1899987167116049
454,2026-07-28T09:49:48+00:00,2026-07-28T09:56:04+00:00,375.968,87a6f6277b01330eaf1d59e6868fbe6d6aa3d0713c9c58a3222bbafb5b8ba648,"photorealistic high image quality video restoration, natural sharpness, vivid but realistic colors, balanced contrast, clean pleasing frames, faithful original content, stable motion","unaesthetic, low quality, blur, dull colors, bad contrast, artifacts",4.500000,Low-CFG fidelity prompt with artifact-focused negative prompt.,,prompt_negative_cfg,0,0,completed,,47e54023acede1080f0d900399b78e8bc174ac8f64c1ec9dad7ebbf92693ce11,results_test/UDM10,3.2162751892391515,3,2,-0.13139872274091502,0,0,26.253601277259087,-0.13139872274091502,-0.0049800539223390184,0.7784424039824078,0.004542403982407794,0.005869497328347066,0.2511193122594587,0.0019193122594587109,-0.007701895102161761,0.12383079125035193,0.007130791250351931,-0.06110360968596342,0.3919009302892993,-0.014899069710700708,-0.03662504845304992,0.5541806624781701,-0.009519337521829874,-0.016887240592211947,4.875447874123847,0.3156478741238473,-0.06922406117019328,32.43069375090327,0.9079937509032661,-0.028804440955351732,3.223372520169904,0.33227252016990416,0.11492944559852795,66.15060508481918,0.48440508481917277,0.007376779603801845,0.32081254059749265,-0.001787459402507352,-0.005540791700270775,30.845140026461696,-2.6631599735383027,0.07947762117261403,0.5610530585050583,0.00365305850505826,0.006553746869498134,0.9801700949668884,0.0020700949668884805,0.002116445114904898,0.10982894189655781,0.006728941896557816,0.06526616776486728,0.7656443290473567,-0.029255670952643364,-0.03680421556503128,84.081,10.975999999999999,0.15014020928801036,1.9021852762186124,0.3098852762186124,-0.19461488175507904
455,2026-07-28T09:56:05+00:00,2026-07-28T10:02:27+00:00,382.264,dafe43feceda5a1f238a2dc50d267578ad6ac3c2bd0dd49a8c7b34faa4e6bbf7,"photorealistic high image quality video restoration, natural sharpness, vivid but realistic colors, balanced contrast, clean pleasing frames, faithful original content, stable motion","unaesthetic, low quality, blur, dull colors, bad contrast, artifacts",4.750000,Low-CFG fidelity prompt with artifact-focused negative prompt.,,prompt_negative_cfg,0,0,completed,,d723084f638ec8e7e57c582dc25b4a87d858a612681f745c64573fcacc016bc1,results_test/UDM10,3.2155745950953056,3,2,-0.15969713149532438,0,0,26.225302868504677,-0.15969713149532438,-0.0060525727305410035,0.7778888785008424,0.003988878500842397,0.005154255718881505,0.2513323274591277,0.0021323274591276975,-0.008556691248506009,0.12374614361793763,0.007046143617937636,-0.060378265792096285,0.3911897014225683,-0.01561029857743168,-0.0383733986662529,0.553279316713733,-0.010420683286266996,-0.018486221902194424,4.864906824691673,0.3051068246916726,-0.06691232613089886,32.44050549915367,0.9178054991536726,-0.029115700722135877,3.2273282362568763,0.3362282362568765,0.11629768470716216,66.170917424848,0.5047174248479962,0.007686106777124246,0.32061397608730097,-0.001986023912699031,-0.006156304751081931,30.922464481476815,-2.585835518523183,0.077170000224517,0.5549809694290161,-0.0024190305709839155,-0.0043398467366055175,0.9801998138427734,0.002099813842773468,0.0021468294067819938,0.10595142170786857,0.002851421707868576,0.027656854586504135,0.7544391102165037,-0.04046088978349638,-0.05090060357717496,84.024,10.918999999999997,0.14936050885712326,1.9117203688801965,0.3194203688801964,-0.20060313312830272
456,2026-07-28T10:02:28+00:00,2026-07-28T10:08:45+00:00,376.776,a367a56ff3381a5ebc1870d9273fbebfe1f8cecd4a458f97a78058afa503fffa,"photorealistic high image quality video restoration, natural sharpness, vivid but realistic colors, balanced contrast, clean pleasing frames, faithful original content, stable motion","unaesthetic, low quality, blur, dull colors, bad contrast, artifacts",5.000000,Low-CFG fidelity prompt with artifact-focused negative prompt.,,prompt_negative_cfg,0,0,completed,,c208b933ff0f61eb637cef074329b1742fbcff26ce883687fb3c67e328e71571,results_test/UDM10,3.214896992910828,3,2,-0.18856552370133173,0,0,26.19643447629867,-0.18856552370133173,-0.0071466940951802815,0.7773274901019513,0.0034274901019513138,0.004428853988824543,0.2515573129538567,0.0023573129538566884,-0.009459522286744335,0.12367396796903303,0.006973967969033032,-0.05975979407911767,0.39043249295603843,-0.01636750704396156,-0.04023477641091829,0.5523652898688469,-0.011334710131153058,-0.020107699363407946,4.85679960550665,0.2969996055066497,-0.06513434920537078,32.429275587479744,0.9065755874797432,-0.028759452314673018,3.2318665423700894,0.34076654237008963,0.11786743536027451,66.19174723471363,0.5255472347136276,0.00800331425777078,0.32036816396059525,-0.0022318360394047443,-0.006918276625557174,31.0143306609123,-2.4939693390876982,0.07442840547230681,0.5581084936857224,0.0007084936857223445,0.0012710686862618308,0.9801165997982025,0.0020165997982025674,0.002061752170741813,0.10851876810193062,0.005418768101930621,0.052558371502721836,0.7563845717573197,-0.038515428242680394,-0.048453174289445705,84.12899999999999,11.023999999999987,0.1507967991245467,1.9293380386079666,0.33703803860796655,-0.21166742360608337
457,2026-07-28T10:08:45+00:00,2026-07-28T10:15:10+00:00,384.682,fdeb2684ab6f1598e4aa9594c84373b1778d6664c2e09dc48618f400532dc622,"photorealistic high image quality video restoration, natural sharpness, vivid but realistic colors, balanced contrast, clean pleasing frames, faithful original content, stable motion","unaesthetic, low quality, blur, dull colors, bad contrast, artifacts",5.500000,Low-CFG fidelity prompt with artifact-focused negative prompt.,,prompt_negative_cfg,0,0,completed,,c80f545e189a4a5152a4d4775706642524ffbe2aec01f0e0944b9e8c3c9148ec,results_test/UDM10,3.213523032331865,3,2,-0.2504293490994378,0,0,26.134570650900564,-0.2504293490994378,-0.009491353007369255,0.7761344836522985,0.0022344836522985023,0.0028873028198714333,0.25207743464458376,0.0028774346445837595,-0.011546687979870624,0.12362469742375035,0.006924697423750348,-0.059337595747646514,0.38847502816107965,-0.018324971838920345,-0.04504663677217391,0.5506076395511628,-0.013092360448837215,-0.023225759178352342,4.842230421690801,0.2824304216908011,-0.06193921261695713,32.37889043432784,0.8561904343278428,-0.027161075489340786,3.239340345705709,0.34824034570570905,0.12045254252904053,66.22974060427757,0.5635406042775628,0.008581897601468682,0.3199244518914531,-0.0026755481085469213,-0.008293701514404592,31.184366730720768,-2.3239332692792303,0.06935395914681527,0.5571330040693283,-0.00026699593067169847,-0.00047900238728327676,0.9797362744808197,0.0016362744808197105,0.0016729112369079956,0.10869504697620869,0.00559504697620869,0.05426815689824142,0.7610427940395621,-0.03385720596043795,-0.04259303806823242,84.074,10.968999999999994,0.1500444566035154,1.9451847832048468,0.35288478320484673,-0.22161953350803662
458,2026-07-28T10:15:10+00:00,2026-07-28T10:21:27+00:00,376.559,9e746c0b24930b503eb48c136cd547712bce0826200de97946cb6f86a2d4cb61,"photorealistic high image quality video restoration, natural sharpness, vivid but realistic colors, balanced contrast, clean pleasing frames, faithful original content, stable motion","unaesthetic, low quality, blur, dull colors, bad contrast, artifacts",6.000000,Low-CFG fidelity prompt with artifact-focused negative prompt.,,prompt_negative_cfg,0,0,completed,,fdd37fbc89b899c5af20c14187fa66021e24b290e0fdc36d94d286339eef5173,results_test/UDM10,3.2117759528342043,3,2,-0.31664702384702537,0,0,26.068352976152976,-0.31664702384702537,-0.012001024212508067,0.7748741097543465,0.0009741097543464194,0.0012587023573412837,0.25269771057271184,0.0034977105727118374,-0.014035756712326795,0.12364475227171375,0.006944752271713747,-0.05950944534459081,0.38693850487470627,-0.019861495125293727,-0.048823734329630594,0.5485871403448044,-0.015112859655195598,-0.026810111149894622,4.8259794188884655,0.2661794188884654,-0.05837523989834322,32.36766890989198,0.8449689098919819,-0.026805093151664735,3.2459742626836223,0.35487426268362254,0.1227471421547586,66.24623262959142,0.5800326295914147,0.008833046979898557,0.3193134799118965,-0.003286520088103484,-0.010187601017059776,31.38125945060484,-2.127040549395158,0.06347802035302173,0.5494463890790939,-0.007953610920906073,-0.01426912615878377,0.9793471753597259,0.0012471753597259605,0.0012751000508393422,0.10654584784060717,0.003445847840607169,0.03342238448697545,0.7582741691655143,-0.036625830834485784,-0.04607602319094953,84.06099999999999,10.955999999999989,0.14986663018945337,1.9736267894525859,0.3813267894525858,-0.2394817493264999
459,2026-07-28T10:21:27+00:00,2026-07-28T10:27:42+00:00,374.134,8f14f08a770f643437ceae01356540ce49033e0ffbc10580471e2bab4e140110,"photorealistic high image quality video restoration, natural sharpness, vivid but realistic colors, balanced contrast, clean pleasing frames, faithful original content, stable motion",,2.000000,Low-CFG fidelity prompt with artifact-focused negative prompt.,,prompt_negative_cfg,0,0,completed,,d1cd92376d3004ebcc2f107a9cfa85e25eb5b3b501df74e7bdda1f2111dfb9fe,results_test/UDM10,3.2229007547916932,3,2,0.08001117214079301,0,0,26.465011172140795,0.08001117214079301,0.0030324491999542545,0.7829670287684529,0.00906702876845289,0.011716021150604586,0.25016275620268236,0.0009627562026823522,-0.003863387651213291,0.12355073921142086,0.0068507392114208615,-0.05870384928381201,0.3962990521423278,-0.010500947857672194,-0.025813539473137154,0.558800834032797,-0.0048991659672029675,-0.008691087399685946,4.886611067729282,0.3268110677292819,-0.0716722373194618,31.84834589636199,0.3256458963619906,-0.010330520430102453,3.123963365631719,0.23286336563171917,0.08054490181305357,65.89856183451991,0.23236183451990655,0.003538530241127194,0.3196880778478038,-0.0029119221521962113,-0.009026417086783048,29.149425875756048,-4.35887412424395,0.13008341587737815,0.568128052353859,0.010728052353858986,0.01924659553975419,0.9836152911186218,0.005515291118621812,0.005638780409591875,0.1018264751881361,-0.0012735248118638937,-0.012352326012258911,0.7644898896614631,-0.03041011033853691,-0.03825652325894692,83.40899999999999,10.303999999999988,0.1409479515764994,1.8232817163758834,0.23098171637588338,-0.1450616820799368
460,2026-07-28T10:27:42+00:00,2026-07-28T10:33:59+00:00,376.62,4d0e9b99cef03f95a8c8514b66481222d81a084f41bf62447f13f452de14c751,"photorealistic high image quality video restoration, natural sharpness, vivid but realistic colors, balanced contrast, clean pleasing frames, faithful original content, stable motion",,2.500000,Low-CFG fidelity prompt with artifact-focused negative prompt.,,prompt_negative_cfg,0,0,completed,,444153588129df56410b9e4b9c7e5ab981dc23892963c334899bf2d8047544f2,results_test/UDM10,4.226436180200316,4,2,0.02366501100601326,0,0,26.408665011006015,0.02366501100601326,0.0008969115408759999,0.7820377226050979,0.008137722605097819,0.01051521204948678,0.2505649716142685,0.0013649716142684898,-0.005477414182457824,0.1228475276500948,0.006147527650094797,-0.05267804327416279,0.3962772512147503,-0.01052274878524967,-0.025867130740535076,0.5589980337888963,-0.0047019662111036364,-0.008341256361723677,4.857227635795608,0.29742763579560805,-0.0652282196139322,31.497387277741232,-0.025312722258767906,0.0008029998146975958,3.1273152958962225,0.2362152958962227,0.08170429798215997,66.07321637061334,0.4070163706133343,0.0061982628903961895,0.31983212271044337,-0.0027678772895566306,-0.008579904803337354,28.846089418472786,-4.662210581527212,0.1391359926205511,0.588258957862854,0.030858957862853975,0.05536232124659845,0.9847934305667877,0.006693430566787728,0.006843298810743,0.10906947776675224,0.005969477766752246,0.05789988134580258,0.7725803239083023,-0.022319676091697715,-0.028078596165175135,83.429,10.323999999999998,0.14122153067505638,1.837968890904449,0.24566889090444888,-0.1542855560537894
461,2026-07-28T10:33:59+00:00,2026-07-28T10:40:12+00:00,373.125,35f10a52c5c70936d1f707c915991fb4627b61acedbc10515ebe5a46e537a863,"photorealistic high image quality video restoration, natural sharpness, vivid but realistic colors, balanced contrast, clean pleasing frames, faithful original content, stable motion",,3.000000,Low-CFG fidelity prompt with artifact-focused negative prompt.,,prompt_negative_cfg,0,0,completed,,25f85f212406a5c29eacc3040032300f89460e83ddc9d04d1e1bb53575ca960d,results_test/UDM10,4.228741555389254,4,2,-0.054997953599499994,0,0,26.3300020464005,-0.054997953599499994,-0.0020844401591624023,0.7807373766026992,0.006837376602699119,0.008834961368005063,0.25125631182905167,0.0020563118290516658,-0.008251652604541195,0.12230477659933028,0.005604776599330286,-0.04802722021705472,0.3951969769212507,-0.011603023078749275,-0.028522672268311886,0.558701806299148,-0.004998193700851972,-0.008866761931616058,4.820191696771254,0.2603916967712543,-0.05710594692119266,31.233624283533338,-0.2890757164666624,0.00917039836266127,3.1288992231892,0.23779922318920033,0.08225216118058883,66.25542304746565,0.5892230474656515,0.008973003576659703,0.319825195473048,-0.0027748045269520016,-0.008601377950874152,28.58974609375,-4.918553906249997,0.1467861367556694,0.6033136159181595,0.045913615918159456,0.08237103681047624,0.9854297161102294,0.007329716110229478,0.007493831009333891,0.11322688944637775,0.010126889446377754,0.09822395195322749,0.7749235355061584,-0.019976464493841606,-0.025130789399725253,83.84099999999998,10.735999999999976,0.14685726010532762,1.852203163992575,0.25990316399257485,-0.16322499779725858
462,2026-07-28T10:40:13+00:00,2026-07-28T10:46:38+00:00,385.349,bea7f5add96ebd7f4f133ab5b3b421686906b5b7b7efa7a63ee2a794a5b8e46c,"photorealistic high image quality video restoration, natural sharpness, vivid but realistic colors, balanced contrast, clean pleasing frames, faithful original content, stable motion",,3.500000,Low-CFG fidelity prompt with artifact-focused negative prompt.,,prompt_negative_cfg,0,0,completed,,b0f01fb2e2cf428da3901622d4d518e5464aefcf3af41dc5b2d5bd5ebbcadb1b,results_test/UDM10,4.231038428911197,4,2,-0.1562323650237083,0,0,26.228767634976293,-0.1562323650237083,-0.005921256965082747,0.7790596628248968,0.005159662824896771,0.006667092421368098,0.2522751868972855,0.0030751868972855034,-0.012340236345447446,0.1219314117585459,0.005231411758545898,-0.04482786425489201,0.39425085321549447,-0.012549146784505527,-0.030848443423071602,0.5577939922771146,-0.005906007722885409,-0.010477217886970746,4.773411784947738,0.21361178494773814,-0.046846744363291844,30.908530257547575,-0.6141697424524253,0.019483411714492263,3.1341092724953925,0.24300927249539273,0.08405426048749359,66.40554033094836,0.7393403309483517,0.011259069825090407,0.31936475673029496,-0.003235243269705035,-0.010028652416940592,28.3538330078125,-5.154466992187498,0.153826574078288,0.6067577302455902,0.0493577302455902,0.08854992867884859,0.9856895446777344,0.007589544677734428,0.007759477229050637,0.11429438367486,0.011194383674860003,0.10857792119165861,0.7673263337334312,-0.027573666266568875,-0.03468822023722339,83.85600000000001,10.751000000000005,0.14706244442924565,1.8738922544919963,0.2815922544919962,-0.17684623154681667
463,2026-07-28T10:46:39+00:00,2026-07-28T10:52:54+00:00,375.333,47a0973a1d7d2940bbf63111d3f28f6c15a16a5ff32a1eb4fc0e2980806e1e04,"photorealistic high image quality video restoration, natural sharpness, vivid but realistic colors, balanced contrast, clean pleasing frames, faithful original content, stable motion",,4.000000,Low-CFG fidelity prompt with artifact-focused negative prompt.,,prompt_negative_cfg,0,0,completed,,6cad377c2dd48c345a8a118164c58325b95fd562ae43ad397f4444fd26430579,results_test/UDM10,4.3330675179475815,4,3,-0.27851065235753225,0,0,26.10648934764247,-0.27851065235753225,-0.010555643447319773,0.7770238538577847,0.0031238538577846864,0.004036508409076995,0.2535736952577868,0.004373695257786775,-0.017550944052113864,0.12171773237566794,0.005017732375667938,-0.042996849834343945,0.3927606859034108,-0.014039314096589206,-0.03451158824136973,0.5568759848033228,-0.006824015196677191,-0.012105756957028901,4.72989778742897,0.1700977874289702,-0.0373037824968135,30.550498595102376,-0.9722014048976249,0.03084131133746871,3.1376964242227614,0.24659642422276162,0.08529501719856167,66.55042429277975,0.8842242927797486,0.013465440253581729,0.31880849643099696,-0.0037915035690030408,-0.011752955886556234,28.1388912077873,-5.369408792212699,0.16024115792841473,0.6075045198202134,0.050104519820213356,0.08988970186618829,0.9861388802528381,0.008038880252838165,0.008218873584335104,0.11202004998922348,0.00892004998922348,0.08651842860546538,0.7910302853511191,-0.003869714648880973,-0.004868177945503802,84.082,10.97699999999999,0.1501538882429381,1.8926411143426474,0.3003411143426473,-0.18862093471245828
464,2026-07-28T10:52:54+00:00,2026-07-28T10:59:11+00:00,376.526,1075beb42899b438aae1eca9763df1263bb5ecc28bd4cc474134f4f4c8004508,"photorealistic high image quality video restoration, natural sharpness, vivid but realistic colors, balanced contrast, clean pleasing frames, faithful original content, stable motion",,4.250000,Low-CFG fidelity prompt with artifact-focused negative prompt.,,prompt_negative_cfg,0,0,completed,,cf316720fd7ccc13f6674d8253f6a360dc3d3a8d4592707c8e8c4f3e8d758b6e,results_test/UDM10,4.333899939730907,4,3,-0.3471059971471,0,0,26.0378940028529,-0.3471059971471,-0.01315542911302255,0.7758661962725988,0.0019661962725987525,0.0025406335089788764,0.25436181911537725,0.0051618191153772475,-0.020713559853038712,0.12167770689533604,0.00497770689533604,-0.04265387228222828,0.39217647025662083,-0.01462352974337916,-0.03594771323347876,0.5564955349891416,-0.007204465010858363,-0.012780672362707758,4.7104640181329405,0.1506640181329404,-0.033041804055647266,30.408632176737285,-1.1140678232627153,0.03534176397525324,3.1401790268959537,0.24907902689595396,0.0861537224225914,66.60301196190619,0.9368119619061872,0.014266273393407676,0.3184801304772976,-0.00411986952270238,-0.01277082927062114,28.045206180695562,-5.4630938193044365,0.16303703319190876,0.6055794507265091,0.04817945072650909,0.08643604364282219,0.9862210988998413,0.008121098899841361,0.008302933135509009,0.1067460048943758,0.003646004894375804,0.0353637720114045,0.7672657577792997,-0.027634242220700322,-0.034764425991571674,84.027,10.921999999999997,0.1494015457219068,1.9088678633852396,0.31656786338523957,-0.19881169590230457
465,2026-07-28T10:59:12+00:00,2026-07-28T11:05:40+00:00,388.401,de09bd581ecf50f74470d34f543ce66996677316793ceeb6eac4916a67527288,"photorealistic high image quality video restoration, natural sharpness, vivid but realistic colors, balanced contrast, clean pleasing frames, faithful original content, stable motion",,4.500000,Low-CFG fidelity prompt with artifact-focused negative prompt.,,prompt_negative_cfg,0,0,completed,,5f06a1783aa0d5ff68ec05b202cbd844878268c4255b1339d5602d2bf14cd57d,results_test/UDM10,4.334667405149836,4,3,-0.42015898796819684,0,0,25.964841012031805,-0.42015898796819684,-0.015924160999363154,0.7746311912152211,0.0007311912152210276,0.0009448135614692177,0.25519237237111214,0.005992372371112137,-0.024046438086324787,0.12169502973556519,0.00499502973556519,-0.04280231135874199,0.3918403221714882,-0.01495967782851182,-0.036774035959960226,0.5560373400488208,-0.007662659951179207,-0.013593507098064941,4.6859774335975235,0.12617743359752343,-0.027671703495224225,30.24948188946335,-1.27321811053665,0.040390515740613905,3.1403491616249086,0.24924916162490884,0.08621257017222125,66.65496757261215,0.9887675726121472,0.015057481209696117,0.3180287838222519,-0.004571216177748083,-0.014169919955821708,27.961043425529233,-5.547256574470765,0.165548731940169,0.6014163285493851,0.044016328549385086,0.07896722021777015,0.9857967913150787,0.0076967913150787215,0.007869125155995013,0.10480896793305874,0.001708967933058747,0.01657582864266486,0.7826935291156489,-0.012206470884351117,-0.015355982997045058,84.16,11.054999999999993,0.15122084672730993,1.9295662173438661,0.3372662173438661,-0.21181072495375625
466,2026-07-28T11:05:41+00:00,2026-07-28T11:12:02+00:00,380.37,bf53351f5f95014c19b292f75672ea1393928387866726bcccdfc25173a354ea,"photorealistic high image quality video restoration, natural sharpness, vivid but realistic colors, balanced contrast, clean pleasing frames, faithful original content, stable motion",,4.750000,Low-CFG fidelity prompt with artifact-focused negative prompt.,,prompt_negative_cfg,0,0,completed,,2357997c367a9e261f33c51ca483c3e63199a5201908480324dec27d8f2e4e3f,results_test/UDM10,4.335074858926172,4,3,-0.49698624026390803,0,0,25.888013759736094,-0.49698624026390803,-0.01883593861148031,0.773311898411859,-0.0005881015881410434,-0.0007599193541039455,0.25614085384914953,0.006940853849149525,-0.027852543535913023,0.1218177172445482,0.005117717244548195,-0.04385361820521161,0.39147562293275706,-0.015324377067242934,-0.037670543429800724,0.5553008954371176,-0.008399104562882398,-0.01489995487472485,4.665208344185816,0.10540834418581557,-0.02311687885122496,30.135187597534877,-1.3875124024651235,0.0440162930987867,3.1418660717625775,0.2507660717625777,0.08673725286658286,66.69095059056436,1.0247505905643521,0.015605449844278366,0.31758459945840223,-0.00501540054159777,-0.015546808870420861,27.902953707787297,-5.605346292212701,0.16728232384850025,0.6107071727514267,0.05330717275142671,0.09563540141985416,0.9859410285949707,0.007841028594970711,0.008016591958869964,0.11077125743031502,0.0076712574303150205,0.07440598865484986,0.7753740948593173,-0.019525905140682753,-0.024563976777811993,84.11600000000001,11.01100000000001,0.15061897271048505,1.947821213301116,0.35552121330111586,-0.22327527055273244
